[15:02:44.787][C][gpio.binary_sensor:016]: GPIO Binary Sensor 'PIN 20'
[15:03:00.079][S][binary_sensor]: 'PIN 20' >> ON
[15:03:00.084][D][DESK:061]: 00
[15:03:00.270][D][DESK:061]: FE
[15:03:00.448][D][DESK:061]: 9B:04:11:7C:C3:9D
[15:03:00.454][D][KEYPAD:046]: 9B:06:02:00:00:6C:A1:9D
[15:03:00.471][D][DESK:061]: 9B:07:12:07:EF:6D:A4:A8:9D
[15:03:00.488][D][DESK:061]: 9B:04:11:7C:C3:9D
[15:03:00.516][D][KEYPAD:046]: 9B:06:02:00:00:6C:A1:9D
[15:03:00.516][D][DESK:061]: 9B:04:11:7C:C3:9D
[15:03:00.523][D][KEYPAD:046]: 9B:06:02:00:00:6C:A1:9D
[15:03:00.537][D][DESK:061]: 9B:04:11:7C:C3:9D
[15:03:00.544][D][KEYPAD:046]: 9B:06:02:00:00:6C:A1:9D
[15:03:00.555][D][DESK:061]: 9B:07:12:07:EF:6D:A4:A8:9D
[15:03:00.570][D][DESK:061]: 9B:04:11:7C:C3:9D
[15:03:00.578][D][KEYPAD:046]: 9B:06:02:00:00:6C:A1:9D
[15:03:00.603][D][DESK:061]: 9B:04:11:7C:C3:9D
[15:03:00.603][D][KEYPAD:046]: 9B:06:02:00:00:6C:A1:9D
[15:03:00.630][D][DESK:061]: 9B:07:12:07:EF:6D:A4:A8:9D
[15:03:00.645][D][DESK:061]: 9B:04:11:7C:C3:9D
[15:03:00.654][D][KEYPAD:046]: 9B:06:02:00:00:6C:A1:9D
[15:03:00.670][D][DESK:061]: 9B:04:11:7C:C3:9D
[15:03:00.675][D][KEYPAD:046]: 9B:06:02:00:00:6C:A1:9D
[15:03:00.695][D][DESK:061]: 9B:07:12:07:EF:6D:A4:A8:9D
[15:03:00.707][D][DESK:061]: 9B:04:11:7C:C3:9D
[15:03:00.725][D][KEYPAD:046]: 9B:06:02:00:00:6C:A1:9D
[15:03:00.732][D][DESK:061]: 9B:04:11:7C:C3:9D
[15:03:00.737][D][KEYPAD:046]: 9B:06:02:00:00:6C:A1:9D
[15:03:00.759][D][DESK:061]: 9B:04:11:7C:C3:9D
[15:03:00.764][D][KEYPAD:046]: 9B:06:02:00:00:6C:A1:9D
[15:03:00.772][D][DESK:061]: 9B:07:12:07:EF:6D:A4:A8:9D
[15:03:00.796][D][DESK:061]: 9B:04:11:7C:C3:9D
[15:03:00.806][D][KEYPAD:046]: 9B:06:02:00:00:6C:A1:9D
[15:03:00.825][D][DESK:061]: 9B:04:11:7C:C3:9D
[15:03:00.833][D][KEYPAD:046]: 9B:06:02:00:00:6C:A1:9D
[15:03:00.883][D][DESK:061]: 9B:07:12:07:EF:6D:A4:A8:9D
[15:03:00.883][D][DESK:061]: 9B:04:11:7C:C3:9D
[15:03:00.883][D][KEYPAD:046]: 9B:06:02:00:00:6C:A1:9D
[15:03:00.964][D][DESK:061]: 9B:04:11:7C:C3:9D
[15:03:00.964][D][KEYPAD:046]: 9B:06:02:00:00:6C:A1:9D
[15:03:00.964][D][DESK:061]: 9B:07:12:07:EF:6D:A4:A8:9D
[15:03:00.964][D][DESK:061]: 9B:04:11:7C:C3:9D
[15:03:00.964][D][KEYPAD:046]: 9B:06:02:00:00:6C:A1:9D
[15:03:00.964][D][DESK:061]: 9B:04:15:BF:C2:9D
[15:03:00.964][D][DESK:061]: 9B:04:11:7C:C3:9D
[15:03:00.964][D][KEYPAD:046]: 9B:06:02:00:00:6C:A1:9D
[15:03:00.973][D][DESK:061]: 9B:07:12:07:EF:6D:A4:A8:9D
[15:03:01.005][D][DESK:061]: 9B:04:11:7C:C3:9D
[15:03:01.013][D][KEYPAD:046]: 9B:06:02:00:00:6C:A1:9D
[15:03:01.015][D][DESK:061]: 9B:04:11:7C:C3:9D
[15:03:01.031][D][KEYPAD:046]: 9B:06:02:00:00:6C:A1:9D
[15:03:01.040][D][DESK:061]: 9B:07:12:07:EF:6D:A4:A8:9D
[15:03:01.056][D][DESK:061]: 9B:04:11:7C:C3:9D
[15:03:01.062][D][KEYPAD:046]: 9B:06:02:00:00:6C:A1:9D
[15:03:01.082][D][DESK:061]: 9B:04:11:7C:C3:9D
[15:03:01.090][D][KEYPAD:046]: 9B:06:02:00:00:6C:A1:9D
[15:03:01.108][D][DESK:061]: 9B:07:12:07:EF:6D:A4:A8:9D
[15:03:01.132][D][DESK:061]: 9B:04:11:7C:C3:9D
[15:03:01.136][D][KEYPAD:046]: 9B:06:02:00:00:6C:A1:9D
[15:03:01.144][D][DESK:061]: 9B:04:11:7C:C3:9D
[15:03:01.153][D][KEYPAD:046]: 9B:06:02:00:00:6C:A1:9D
[15:03:01.169][D][DESK:061]: 9B:04:11:7C:C3:9D
[15:03:01.176][D][KEYPAD:046]: 9B:06:02:00:00:6C:A1:9D
[15:03:01.188][D][DESK:061]: 9B:07:12:07:EF:6D:A4:A8:9D
[15:03:01.206][D][DESK:061]: 9B:04:11:7C:C3:9D
[15:03:01.208][D][KEYPAD:046]: 9B:06:02:00:00:6C:A1:9D
[15:03:01.233][D][DESK:061]: 9B:04:11:7C:C3:9D
[15:03:01.240][D][KEYPAD:046]: 9B:06:02:00:00:6C:A1:9D
[15:03:01.253][D][DESK:061]: 9B:04:11:7C:C3:9D
[15:03:01.261][D][KEYPAD:046]: 9B:06:02:00:00:6C:A1:9D
[15:03:01.272][D][DESK:061]: 9B:07:12:07:EF:6D:A4:A8:9D
[15:03:01.291][D][DESK:061]: 9B:04:11:7C:C3:9D
[15:03:01.310][D][KEYPAD:046]: 9B:06:02:00:00:6C:A1:9D
[15:03:01.312][D][DESK:061]: 9B:04:11:7C:C3:9D
[15:03:01.319][D][KEYPAD:046]: 9B:06:02:00:00:6C:A1:9D
[15:03:01.337][D][DESK:061]: 9B:07:12:07:EF:6D:A4:A8:9D
[15:03:01.345][D][DESK:061]: 9B:04:11:7C:C3:9D
[15:03:01.354][D][KEYPAD:046]: 9B:06:02:00:00:6C:A1:9D
[15:03:01.372][D][DESK:061]: 9B:04:11:7C:C3:9D
[15:03:01.378][D][KEYPAD:046]: 9B:06:02:00:00:6C:A1:9D
[15:03:01.412][D][DESK:061]: 9B:07:12:07:EF:6D:A4:A8:9D
[15:03:01.415][D][DESK:061]: 9B:04:11:7C:C3:9D
[15:03:01.466][D][KEYPAD:046]: 9B:06:02:00:00:6C:A1:9D
[15:03:01.466][D][DESK:061]: 9B:07:12:07:EF:6D:A4:A8:9D
[15:03:01.466][D][DESK:061]: 9B:04:15:BF:C2:9D
[15:03:01.466][D][DESK:061]: 9B:04:11:7C:C3:9D
[15:03:01.493][D][KEYPAD:046]: 9B:06:02:00:00:6C:A1:9D
[15:03:01.493][D][DESK:061]: 9B:04:11:7C:C3:9D
[15:03:01.555][D][KEYPAD:046]: 9B:06:02:00:00:6C:A1:9D
[15:03:01.555][D][DESK:061]: 9B:07:12:07:EF:6D:A4:A8:9D
[15:03:01.567][D][DESK:061]: 9B:04:11:7C:C3:9D
[15:03:01.567][D][KEYPAD:046]: 9B:06:02:00:00:6C:A1:9D
[15:03:01.568][D][DESK:061]: 9B:07:12:07:EF:6D:A4:A8:9D
[15:03:01.568][D][DESK:061]: 9B:04:11:7C:C3:9D
[15:03:01.596][D][KEYPAD:046]: 9B:06:02:00:00:6C:A1:9D
[15:03:01.596][D][DESK:061]: 9B:04:11:7C:C3:9D
[15:03:01.596][D][KEYPAD:046]: 9B:06:02:00:00:6C:A1:9D
[15:03:01.660][D][DESK:061]: 9B:04:11:7C:C3:9D
[15:03:01.661][D][KEYPAD:046]: 9B:06:02:00:00:6C:A1:9D
[15:03:01.661][D][DESK:061]: 9B:07:12:07:EF:6D:A4:A8:9D
[15:03:01.661][D][DESK:061]: 9B:04:11:7C:C3:9D
[15:03:01.662][D][KEYPAD:046]: 9B:06:02:00:00:6C:A1:9D
[15:03:01.693][D][DESK:061]: 9B:04:11:7C:C3:9D
[15:03:01.693][D][KEYPAD:046]: 9B:06:02:00:00:6C:A1:9D
[15:03:01.730][D][DESK:061]: 9B:07:12:07:EF:6D:A4:A8:9D
[15:03:01.730][D][DESK:061]: 9B:04:11:7C:C3:9D
[15:03:01.764][D][KEYPAD:046]: 9B:06:02:00:00:6C:A1:9D
[15:03:01.764][D][DESK:061]: 9B:04:11:7C:C3:9D
[15:03:01.764][D][KEYPAD:046]: 9B:06:02:00:00:6C:A1:9D
[15:03:01.764][D][DESK:061]: 9B:07:12:07:EF:6D:A4:A8:9D
[15:03:01.802][D][DESK:061]: 9B:04:11:7C:C3:9D
[15:03:01.803][D][KEYPAD:046]: 9B:06:02:00:00:6C:A1:9D
[15:03:01.803][D][DESK:061]: 9B:04:11:7C:C3:9D
[15:03:01.803][D][KEYPAD:046]: 9B:06:02:00:00:6C:A1:9D
[15:03:01.831][D][DESK:061]: 9B:07:12:07:EF:6D:A4:A8:9D
[15:03:01.858][D][DESK:061]: 9B:04:11:7C:C3:9D
[15:03:01.858][D][KEYPAD:046]: 9B:06:02:00:00:6C:A1:9D
[15:03:01.868][D][DESK:061]: 9B:07:12:07:EF:6D:A4:A8:9D
[15:03:01.927][D][DESK:061]: 9B:04:11:7C:C3:9D
[15:03:01.928][D][KEYPAD:046]: 9B:06:02:00:00:6C:A1:9D
[15:03:01.928][D][DESK:061]: 9B:04:11:7C:C3:9D
[15:03:01.928][D][KEYPAD:046]: 9B:06:02:00:00:6C:A1:9D
[15:03:01.957][D][DESK:061]: 9B:04:11:7C:C3:9D
[15:03:01.957][D][KEYPAD:046]: 9B:06:02:00:00:6C:A1:9D
[15:03:01.957][D][DESK:061]: 9B:07:12:07:EF:6D:A4:A8:9D
[15:03:01.957][D][DESK:061]: 9B:04:15:BF:C2:9D
[15:03:01.995][D][DESK:061]: 9B:04:11:7C:C3:9D
[15:03:01.996][D][KEYPAD:046]: 9B:06:02:00:00:6C:A1:9D
[15:03:01.999][D][DESK:061]: 9B:04:11:7C:C3:9D
[15:03:01.999][D][KEYPAD:046]: 9B:06:02:00:00:6C:A1:9D
[15:03:02.065][D][DESK:061]: 9B:07:12:07:EF:6D:A4:A8:9D
[15:03:02.066][D][DESK:061]: 9B:04:11:7C:C3:9D
[15:03:02.066][D][KEYPAD:046]: 9B:06:02:00:00:6C:A1:9D
[15:03:02.067][D][DESK:061]: 9B:04:11:7C:C3:9D
[15:03:02.096][D][KEYPAD:046]: 9B:06:02:00:00:6C:A1:9D
[15:03:02.096][D][DESK:061]: 9B:07:12:07:EF:6D:A4:A8:9D
[15:03:02.096][D][DESK:061]: 9B:04:11:7C:C3:9D
[15:03:02.096][D][KEYPAD:046]: 9B:06:02:00:00:6C:A1:9D
[15:03:02.143][D][DESK:061]: 9B:04:11:7C:C3:9D
[15:03:02.143][D][KEYPAD:046]: 9B:06:02:00:00:6C:A1:9D
[15:03:02.156][D][DESK:061]: 9B:04:11:7C:C3:9D
[15:03:02.156][D][KEYPAD:046]: 9B:06:02:00:00:6C:A1:9D
[15:03:02.185][D][DESK:061]: 9B:07:12:07:EF:6D:A4:A8:9D
[15:03:02.185][D][DESK:061]: 9B:04:11:7C:C3:9D
[15:03:02.185][D][KEYPAD:046]: 9B:06:02:00:00:6C:A1:9D
[15:03:02.199][D][DESK:061]: 9B:04:11:7C:C3:9D
[15:03:02.243][D][KEYPAD:046]: 9B:06:02:00:00:6C:A1:9D
[15:03:02.244][D][DESK:061]: 9B:07:12:07:EF:6D:A4:A8:9D
[15:03:02.266][D][DESK:061]: 9B:04:11:7C:C3:9D
[15:03:02.266][D][KEYPAD:046]: 9B:06:02:00:00:6C:A1:9D
[15:03:02.302][D][DESK:061]: 9B:04:11:7C:C3:9D
[15:03:02.302][D][KEYPAD:046]: 9B:06:02:00:00:6C:A1:9D
[15:03:02.302][D][DESK:061]: 9B:07:12:07:EF:6D:A4:A8:9D
[15:03:02.302][D][DESK:061]: 9B:04:11:7C:C3:9D
[15:03:02.312][D][KEYPAD:046]: 9B:06:02:00:00:6C:A1:9D
[15:03:02.340][D][DESK:061]: 9B:04:11:7C:C3:9D
[15:03:02.340][D][KEYPAD:046]: 9B:06:02:00:00:6C:A1:9D
[15:03:02.373][D][DESK:061]: 9B:04:11:7C:C3:9D
[15:03:02.392][D][KEYPAD:046]: 9B:06:02:00:00:6C:A1:9D
[15:03:02.393][D][DESK:061]: 9B:07:12:07:EF:6D:A4:A8:9D
[15:03:02.393][D][DESK:061]: 9B:04:11:7C:C3:9D
[15:03:02.393][D][KEYPAD:046]: 9B:06:02:00:00:6C:A1:9D
[15:03:02.411][D][DESK:061]: 9B:04:11:7C:C3:9D
[15:03:02.417][D][KEYPAD:046]: 9B:06:02:00:00:6C:A1:9D
[15:03:02.439][D][DESK:061]: 9B:04:11:7C:C3:9D
[15:03:02.444][D][KEYPAD:046]: 9B:06:02:00:00:6C:A1:9D
[15:03:02.462][D][DESK:061]: 9B:07:12:07:EF:6D:A4:A8:9D
[15:03:02.483][D][DESK:061]: 9B:04:15:BF:C2:9D
[15:03:02.483][D][DESK:061]: 9B:04:11:7C:C3:9D
[15:03:02.483][D][KEYPAD:046]: 9B:06:02:00:00:6C:A1:9D
[15:03:02.500][D][DESK:061]: 9B:07:12:07:EF:6D:A4:A8:9D
[15:03:02.514][D][DESK:061]: 9B:04:11:7C:C3:9D
[15:03:02.522][D][KEYPAD:046]: 9B:06:02:00:00:6C:A1:9D
[15:03:02.539][D][DESK:061]: 9B:04:11:7C:C3:9D
[15:03:02.546][D][KEYPAD:046]: 9B:06:02:00:00:6C:A1:9D
[15:03:02.569][D][DESK:061]: 9B:04:11:7C:C3:9D
[15:03:02.574][D][KEYPAD:046]: 9B:06:02:00:00:6C:A1:9D
[15:03:02.586][D][DESK:061]: 9B:07:12:07:EF:6D:A4:A8:9D
[15:03:02.600][D][DESK:061]: 9B:04:11:7C:C3:9D
[15:03:02.609][D][KEYPAD:046]: 9B:06:02:00:00:6C:A1:9D
[15:03:02.624][D][DESK:061]: 9B:04:11:7C:C3:9D
[15:03:02.639][D][KEYPAD:046]: 9B:06:02:00:00:6C:A1:9D
[15:03:02.653][D][DESK:061]: 9B:07:12:07:EF:6D:A4:A8:9D
[15:03:02.668][D][DESK:061]: 9B:04:11:7C:C3:9D
[15:03:02.675][D][KEYPAD:046]: 9B:06:02:00:00:6C:A1:9D
[15:03:02.697][D][DESK:061]: 9B:04:11:7C:C3:9D
[15:03:02.710][D][KEYPAD:046]: 9B:06:02:00:00:6C:A1:9D
[15:03:02.713][D][DESK:061]: 9B:07:12:07:EF:6D:A4:A8:9D
[15:03:02.727][D][DESK:061]: 9B:04:11:7C:C3:9D
[15:03:02.743][D][KEYPAD:046]: 9B:06:02:00:00:6C:A1:9D
[15:03:02.753][D][DESK:061]: 9B:04:11:7C:C3:9D
[15:03:02.770][D][KEYPAD:046]: 9B:06:02:00:00:6C:A1:9D
[15:03:02.780][D][DESK:061]: 9B:07:12:07:EF:6D:A4:A8:9D
[15:03:02.794][D][DESK:061]: 9B:04:11:7C:C3:9D
[15:03:02.811][D][KEYPAD:046]: 9B:06:02:00:00:6C:A1:9D
[15:03:02.818][D][DESK:061]: 9B:07:12:07:EF:6D:A4:A8:9D
[15:03:02.844][D][DESK:061]: 9B:04:11:7C:C3:9D
[15:03:02.849][D][KEYPAD:046]: 9B:06:02:00:00:6C:A1:9D
[15:03:02.858][D][DESK:061]: 9B:04:11:7C:C3:9D
[15:03:02.876][D][KEYPAD:046]: 9B:06:02:00:00:6C:A1:9D
[15:03:02.890][D][DESK:061]: 9B:07:12:07:EF:6D:A4:A8:9D
[15:03:02.901][D][DESK:061]: 9B:04:11:7C:C3:9D
[15:03:02.911][D][KEYPAD:046]: 9B:06:02:00:00:6C:A1:9D
[15:03:02.928][D][DESK:061]: 9B:07:12:07:EF:6D:A4:A8:9D
[15:03:02.949][D][DESK:061]: 9B:04:11:7C:C3:9D
[15:03:02.949][D][KEYPAD:046]: 9B:06:02:00:00:6C:A1:9D
[15:03:02.975][D][DESK:061]: 9B:04:15:BF:C2:9D
[15:03:02.981][D][DESK:061]: 9B:04:11:7C:C3:9D
[15:03:02.991][D][KEYPAD:046]: 9B:06:02:00:00:6C:A1:9D
[15:03:02.998][D][DESK:061]: 9B:07:12:07:EF:6D:A4:A8:9D
[15:03:03.013][D][DESK:061]: 9B:04:11:7C:C3:9D
[15:03:03.020][D][KEYPAD:046]: 9B:06:02:00:00:6C:A1:9D
[15:03:03.052][D][DESK:061]: 9B:04:11:7C:C3:9D
[15:03:03.052][D][KEYPAD:046]: 9B:06:02:00:00:6C:A1:9D
[15:03:03.078][D][DESK:061]: 9B:07:12:07:EF:6D:A4:A8:9D
[15:03:03.085][D][DESK:061]: 9B:04:11:7C:C3:9D
[15:03:03.092][D][KEYPAD:046]: 9B:06:02:00:00:6C:A1:9D
[15:03:03.111][D][DESK:061]: 9B:07:12:07:EF:6D:A4:A8:9D
[15:03:03.126][D][DESK:061]: 9B:04:11:7C:C3:9D
[15:03:03.134][D][KEYPAD:046]: 9B:06:02:00:00:6C:A1:9D
[15:03:03.153][D][DESK:061]: 9B:04:11:7C:C3:9D
[15:03:03.162][D][KEYPAD:046]: 9B:06:02:00:00:6C:A1:9D
[15:03:03.180][D][DESK:061]: 9B:07:12:07:EF:6D:A4:A8:9D
[15:03:03.194][D][DESK:061]: 9B:04:11:7C:C3:9D
[15:03:03.213][D][KEYPAD:046]: 9B:06:02:00:00:6C:A1:9D
[15:03:03.224][D][DESK:061]: 9B:07:12:07:EF:6D:A4:A8:9D
[15:03:03.237][D][DESK:061]: 9B:04:11:7C:C3:9D
[15:03:03.256][D][KEYPAD:046]: 9B:06:02:00:00:6C:A1:9D
[15:03:03.265][D][DESK:061]: 9B:04:11:7C:C3:9D
[15:03:03.284][D][KEYPAD:046]: 9B:06:02:00:00:6C:A1:9D
[15:03:03.342][D][DESK:061]: 9B:07:12:07:EF:6D:A4:A8:9D
[15:03:03.356][D][DESK:061]: 9B:04:11:7C:C3:9D
[15:03:03.356][D][KEYPAD:046]: 9B:06:02:00:00:6C:A1:9D
[15:03:03.356][D][DESK:061]: 9B:07:12:07:EF:6D:A4:A8:9D
[15:03:03.422][D][DESK:061]: 9B:04:11:7C:C3:9D
[15:03:03.423][D][KEYPAD:046]: 9B:06:02:00:00:6C:A1:9D
[15:03:03.423][D][DESK:061]: 9B:04:11:7C:C3:9D
[15:03:03.423][D][KEYPAD:046]: 9B:06:02:00:00:6C:A1:9D
[15:03:03.431][D][DESK:061]: 9B:04:11:7C:C3:9D
[15:03:03.431][D][KEYPAD:046]: 9B:06:02:00:00:6C:A1:9D
[15:03:03.431][D][DESK:061]: 9B:07:12:07:EF:6D:A4:A8:9D
[15:03:03.433][D][DESK:061]: 9B:04:11:7C:C3:9D
[15:03:03.441][D][KEYPAD:046]: 9B:06:02:00:00:6C:A1:9D
[15:03:03.460][D][DESK:061]: 9B:04:11:7C:C3:9D
[15:03:03.466][D][KEYPAD:046]: 9B:06:02:00:00:6C:A1:9D
[15:03:03.487][D][DESK:061]: 9B:07:12:07:EF:6D:A4:A8:9D
[15:03:03.493][D][DESK:061]: 9B:04:15:BF:C2:9D
[15:03:03.510][D][DESK:061]: 9B:04:11:7C:C3:9D
[15:03:03.511][D][KEYPAD:046]: 9B:06:02:00:00:6C:A1:9D
[15:03:03.526][D][DESK:061]: 9B:04:11:7C:C3:9D
[15:03:03.532][D][KEYPAD:046]: 9B:06:02:00:00:6C:A1:9D
[15:03:03.546][D][DESK:061]: 9B:07:12:07:EF:6D:A4:A8:9D
[15:03:03.561][D][DESK:061]: 9B:04:11:7C:C3:9D
[15:03:03.570][D][KEYPAD:046]: 9B:06:02:00:00:6C:A1:9D
[15:03:03.590][D][DESK:061]: 9B:07:12:07:EF:6D:A4:A8:9D
[15:03:03.610][D][DESK:061]: 9B:04:11:7C:C3:9D
[15:03:03.610][D][KEYPAD:046]: 9B:06:02:00:00:6C:A1:9D
[15:03:03.627][D][DESK:061]: 9B:04:11:7C:C3:9D
[15:03:03.633][D][KEYPAD:046]: 9B:06:02:00:00:6C:A1:9D
[15:03:03.663][D][DESK:061]: 9B:04:11:7C:C3:9D
[15:03:03.668][D][KEYPAD:046]: 9B:06:02:00:00:6C:A1:9D
[15:03:03.670][D][DESK:061]: 9B:07:12:07:EF:6D:A4:A8:9D
[15:03:03.692][D][DESK:061]: 9B:04:11:7C:C3:9D
[15:03:03.712][D][KEYPAD:046]: 9B:06:02:00:00:6C:A1:9D
[15:03:03.713][D][DESK:061]: 9B:04:11:7C:C3:9D
[15:03:03.716][D][KEYPAD:046]: 9B:06:02:00:00:6C:A1:9D
[15:03:03.734][D][DESK:061]: 9B:04:11:7C:C3:9D
[15:03:03.741][D][KEYPAD:046]: 9B:06:02:00:00:6C:A1:9D
[15:03:03.766][D][DESK:061]: 9B:07:12:07:EF:6D:A4:A8:9D
[15:03:03.769][D][DESK:061]: 9B:04:11:7C:C3:9D
[15:03:03.774][D][KEYPAD:046]: 9B:06:02:00:00:6C:A1:9D
[15:03:03.795][D][DESK:061]: 9B:07:12:07:EF:6D:A4:A8:9D
[15:03:03.812][D][DESK:061]: 9B:04:11:7C:C3:9D
[15:03:03.819][D][KEYPAD:046]: 9B:06:02:00:00:6C:A1:9D
[15:03:03.834][D][DESK:061]: 9B:04:11:7C:C3:9D
[15:03:03.844][D][KEYPAD:046]: 9B:06:02:00:00:6C:A1:9D
[15:03:03.868][D][DESK:061]: 9B:04:11:7C:C3:9D
[15:03:03.868][D][KEYPAD:046]: 9B:06:02:00:00:6C:A1:9D
[15:03:03.880][D][DESK:061]: 9B:07:12:07:EF:6D:A4:A8:9D
[15:03:03.896][D][DESK:061]: 9B:04:11:7C:C3:9D
[15:03:03.915][D][KEYPAD:046]: 9B:06:02:00:00:6C:A1:9D
[15:03:03.924][D][DESK:061]: 9B:04:11:7C:C3:9D
[15:03:03.932][D][KEYPAD:046]: 9B:06:02:00:00:6C:A1:9D
[15:03:03.946][D][DESK:061]: 9B:07:12:07:EF:6D:A4:A8:9D
[15:03:03.970][D][DESK:061]: 9B:04:11:7C:C3:9D
[15:03:03.975][D][KEYPAD:046]: 9B:06:02:00:00:6C:A1:9D
[15:03:03.999][D][DESK:061]: 9B:04:11:7C:C3:9D
[15:03:04.013][D][KEYPAD:046]: 9B:06:02:00:00:6C:A1:9D
[15:03:04.013][D][DESK:061]: 9B:07:12:07:EF:6D:A4:A8:9D
[15:03:04.014][D][DESK:061]: 9B:04:15:BF:C2:9D
[15:03:04.028][D][DESK:061]: 9B:04:11:7C:C3:9D
[15:03:04.035][D][KEYPAD:046]: 9B:06:02:00:00:6C:A1:9D
[15:03:04.054][D][DESK:061]: 9B:04:11:7C:C3:9D
[15:03:04.060][D][KEYPAD:046]: 9B:06:02:00:00:6C:A1:9D
[15:03:04.077][D][DESK:061]: 9B:07:12:07:EF:6D:A4:A8:9D
[15:03:04.102][D][DESK:061]: 9B:04:11:7C:C3:9D
[15:03:04.116][D][KEYPAD:046]: 9B:06:02:00:00:6C:A1:9D
[15:03:04.116][D][DESK:061]: 9B:07:12:07:EF:6D:A4:A8:9D
[15:03:04.129][D][DESK:061]: 9B:04:11:7C:C3:9D
[15:03:04.135][D][KEYPAD:046]: 9B:06:02:00:00:6C:A1:9D
[15:03:04.156][D][DESK:061]: 9B:04:11:7C:C3:9D
[15:03:04.161][D][KEYPAD:046]: 9B:06:02:00:00:6C:A1:9D
[15:03:04.185][D][DESK:061]: 9B:07:12:07:EF:6D:A4:A8:9D
[15:03:04.206][D][DESK:061]: 9B:04:11:7C:C3:9D
[15:03:04.217][D][KEYPAD:046]: 9B:06:02:00:00:6C:A1:9D
[15:03:04.224][D][DESK:061]: 9B:07:12:07:EF:6D:A4:A8:9D
[15:03:04.239][D][DESK:061]: 9B:04:11:7C:C3:9D
[15:03:04.244][D][KEYPAD:046]: 9B:06:02:00:00:6C:A1:9D
[15:03:04.262][D][DESK:061]: 9B:04:11:7C:C3:9D
[15:03:04.278][D][KEYPAD:046]: 9B:06:02:00:00:6C:A1:9D
[15:03:04.291][D][DESK:061]: 9B:07:12:07:EF:6D:A4:A8:9D
[15:03:04.306][D][DESK:061]: 9B:04:11:7C:C3:9D
[15:03:04.315][D][KEYPAD:046]: 9B:06:02:00:00:6C:A1:9D
[15:03:04.331][D][DESK:061]: 9B:07:12:07:EF:6D:A4:A8:9D
[15:03:04.345][D][DESK:061]: 9B:04:11:7C:C3:9D
[15:03:04.351][D][KEYPAD:046]: 9B:06:02:00:00:6C:A1:9D
[15:03:04.380][D][DESK:061]: 9B:04:11:7C:C3:9D
[15:03:04.381][D][KEYPAD:046]: 9B:06:02:00:00:6C:A1:9D
[15:03:04.409][D][DESK:061]: 9B:07:12:07:EF:6D:A4:A8:9D
[15:03:04.416][D][DESK:061]: 9B:04:11:7C:C3:9D
[15:03:04.423][D][KEYPAD:046]: 9B:06:02:00:00:6C:A1:9D
[15:03:04.438][D][DESK:061]: 9B:07:12:07:EF:6D:A4:A8:9D
[15:03:04.455][D][DESK:061]: 9B:04:11:7C:C3:9D
[15:03:04.461][D][KEYPAD:046]: 9B:06:02:00:00:6C:A1:9D
[15:03:04.487][D][DESK:061]: 9B:04:11:7C:C3:9D
[15:03:04.488][D][KEYPAD:046]: 9B:06:02:00:00:6C:A1:9D
[15:03:04.512][D][DESK:061]: 9B:07:12:07:EF:6D:A4:A8:9D
[15:03:04.518][D][DESK:061]: 9B:04:15:BF:C2:9D
[15:03:04.532][D][DESK:061]: 9B:04:11:7C:C3:9D
[15:03:04.540][D][KEYPAD:046]: 9B:06:02:00:00:6C:A1:9D
[15:03:04.549][D][DESK:061]: 9B:07:12:07:EF:6D:A4:A8:9D
[15:03:04.564][D][DESK:061]: 9B:04:11:7C:C3:9D
[15:03:04.571][D][KEYPAD:046]: 9B:06:02:00:00:6C:A1:9D
[15:03:04.590][D][DESK:061]: 9B:04:11:7C:C3:9D
[15:03:04.597][D][KEYPAD:046]: 9B:06:02:00:00:6C:A1:9D
[15:03:04.616][D][DESK:061]: 9B:04:11:7C:C3:9D
[15:03:04.622][D][KEYPAD:046]: 9B:06:02:00:00:6C:A1:9D
[15:03:04.632][D][DESK:061]: 9B:07:12:07:EF:6D:A4:A8:9D
[15:03:04.647][D][DESK:061]: 9B:04:11:7C:C3:9D
[15:03:04.654][D][KEYPAD:046]: 9B:06:02:00:00:6C:A1:9D
[15:03:04.690][D][DESK:061]: 9B:04:11:7C:C3:9D
[15:03:04.690][D][KEYPAD:046]: 9B:06:02:00:00:6C:A1:9D
[15:03:04.703][D][DESK:061]: 9B:04:11:7C:C3:9D
[15:03:04.719][D][KEYPAD:046]: 9B:06:02:00:00:6C:A1:9D
[15:03:04.719][D][DESK:061]: 9B:07:12:07:EF:6D:A4:A8:9D
[15:03:04.732][D][DESK:061]: 9B:04:11:7C:C3:9D
[15:03:04.738][D][KEYPAD:046]: 9B:06:02:00:00:6C:A1:9D
[15:03:04.762][D][DESK:061]: 9B:07:12:07:EF:6D:A4:A8:9D
[15:03:04.773][D][DESK:061]: 9B:04:11:7C:C3:9D
[15:03:04.790][D][KEYPAD:046]: 9B:06:02:00:00:6C:A1:9D
[15:03:04.799][D][DESK:061]: 9B:04:11:7C:C3:9D
[15:03:04.821][D][KEYPAD:046]: 9B:06:02:00:00:6C:A1:9D
[15:03:04.829][D][DESK:061]: 9B:04:11:7C:C3:9D
[15:03:04.830][D][KEYPAD:046]: 9B:06:02:00:00:6C:A1:9D
[15:03:04.842][D][DESK:061]: 9B:07:12:07:EF:6D:A4:A8:9D
[15:03:04.857][D][DESK:061]: 9B:04:11:7C:C3:9D
[15:03:04.865][D][KEYPAD:046]: 9B:06:02:00:00:6C:A1:9D
[15:03:04.892][D][DESK:061]: 9B:04:11:7C:C3:9D
[15:03:04.895][D][KEYPAD:046]: 9B:06:02:00:00:6C:A1:9D
[15:03:04.925][D][DESK:061]: 9B:07:12:07:EF:6D:A4:A8:9D
[15:03:04.930][D][DESK:061]: 9B:04:11:7C:C3:9D
[15:03:04.934][D][KEYPAD:046]: 9B:06:02:00:00:6C:A1:9D
[15:03:04.951][D][DESK:061]: 9B:04:11:7C:C3:9D
[15:03:04.960][D][KEYPAD:046]: 9B:06:02:00:00:6C:A1:9D
[15:03:04.969][D][DESK:061]: 9B:07:12:07:EF:6D:A4:A8:9D
[15:03:04.994][D][DESK:061]: 9B:04:11:7C:C3:9D
[15:03:05.036][D][KEYPAD:046]: 9B:06:02:00:00:6C:A1:9D
[15:03:05.036][D][DESK:061]: 9B:04:11:7C:C3:9D
[15:03:05.036][D][KEYPAD:046]: 9B:06:02:00:00:6C:A1:9D
[15:03:05.037][D][DESK:061]: 9B:04:15:BF:C2:9D
[15:03:05.073][D][DESK:061]: 9B:07:12:07:EF:6D:A4:A8:9D
[15:03:05.074][D][DESK:061]: 9B:04:11:7C:C3:9D
[15:03:05.074][D][KEYPAD:046]: 9B:06:02:00:00:6C:A1:9D
[15:03:05.080][D][DESK:061]: 9B:07:12:07:EF:6D:A4:A8:9D
[15:03:05.138][D][DESK:061]: 9B:04:11:7C:C3:9D
[15:03:05.139][D][KEYPAD:046]: 9B:06:02:00:00:6C:A1:9D
[15:03:05.139][D][DESK:061]: 9B:04:11:7C:C3:9D
[15:03:05.139][D][KEYPAD:046]: 9B:06:02:00:00:6C:A1:9D
[15:03:05.163][D][DESK:061]: 9B:07:12:07:EF:6D:A4:A8:9D
[15:03:05.204][D][DESK:061]: 9B:04:11:7C:C3:9D
[15:03:05.205][D][KEYPAD:046]: 9B:06:02:00:00:6C:A1:9D
[15:03:05.212][D][DESK:061]: 9B:07:12:07:EF:6D:A4:A8:9D
[15:03:05.242][D][DESK:061]: 9B:04:11:7C:C3:9D
[15:03:05.242][D][KEYPAD:046]: 9B:06:02:00:00:6C:A1:9D
[15:03:05.242][D][DESK:061]: 9B:04:11:7C:C3:9D
[15:03:05.242][D][KEYPAD:046]: 9B:06:02:00:00:6C:A1:9D
[15:03:05.335][D][DESK:061]: 9B:07:12:07:EF:6D:A4:A8:9D
[15:03:05.335][D][DESK:061]: 9B:04:11:7C:C3:9D
[15:03:05.335][D][KEYPAD:046]: 9B:06:02:00:00:6C:A1:9D
[15:03:05.335][D][DESK:061]: 9B:07:12:07:EF:6D:A4:A8:9D
[15:03:05.355][D][DESK:061]: 9B:04:11:7C:C3:9D
[15:03:05.356][D][KEYPAD:046]: 9B:06:02:00:00:6C:A1:9D
[15:03:05.356][D][DESK:061]: 9B:04:11:7C:C3:9D
[15:03:05.357][D][KEYPAD:046]: 9B:06:02:00:00:6C:A1:9D
[15:03:05.411][D][DESK:061]: 9B:04:11:7C:C3:9D
[15:03:05.412][D][KEYPAD:046]: 9B:06:02:00:00:6C:A1:9D
[15:03:05.412][D][DESK:061]: 9B:07:12:07:EF:6D:A4:A8:9D
[15:03:05.412][D][DESK:061]: 9B:04:11:7C:C3:9D
[15:03:05.447][D][KEYPAD:046]: 9B:06:02:00:00:6C:A1:9D
[15:03:05.447][D][DESK:061]: 9B:04:11:7C:C3:9D
[15:03:05.447][D][KEYPAD:046]: 9B:06:02:00:00:6C:A1:9D
[15:03:05.447][D][DESK:061]: 9B:04:11:7C:C3:9D
[15:03:05.475][D][KEYPAD:046]: 9B:06:02:00:00:6C:A1:9D
[15:03:05.475][D][DESK:061]: 9B:07:12:07:EF:6D:A4:A8:9D
[15:03:05.478][D][DESK:061]: 9B:04:11:7C:C3:9D
[15:03:05.483][D][KEYPAD:046]: 9B:06:02:00:00:6C:A1:9D
[15:03:05.516][D][DESK:061]: 9B:07:12:07:EF:6D:A4:A8:9D
[15:03:05.539][D][DESK:061]: 9B:04:11:7C:C3:9D
[15:03:05.539][D][KEYPAD:046]: 9B:06:02:00:00:6C:A1:9D
[15:03:05.540][D][DESK:061]: 9B:04:15:BF:C2:9D
[15:03:05.562][D][DESK:061]: 9B:04:11:7C:C3:9D
[15:03:05.562][D][KEYPAD:046]: 9B:06:02:00:00:6C:A1:9D
[15:03:05.579][D][DESK:061]: 9B:07:12:07:EF:6D:A4:A8:9D
[15:03:05.587][D][DESK:061]: 9B:04:11:7C:C3:9D
[15:03:05.593][D][KEYPAD:046]: 9B:06:02:00:00:6C:A1:9D
[15:03:05.610][D][DESK:061]: 9B:07:12:07:EF:6D:A4:A8:9D
[15:03:05.623][D][DESK:061]: 9B:04:11:7C:C3:9D
[15:03:05.638][D][KEYPAD:046]: 9B:06:02:00:00:6C:A1:9D
[15:03:05.652][D][DESK:061]: 9B:04:11:7C:C3:9D
[15:03:05.657][D][KEYPAD:046]: 9B:06:02:00:00:6C:A1:9D
[15:03:05.674][D][DESK:061]: 9B:04:11:7C:C3:9D
[15:03:05.683][D][KEYPAD:046]: 9B:06:02:00:00:6C:A1:9D
[15:03:05.694][D][DESK:061]: 9B:07:12:07:EF:6D:A4:A8:9D
[15:03:05.726][D][DESK:061]: 9B:04:11:7C:C3:9D
[15:03:05.726][D][KEYPAD:046]: 9B:06:02:00:00:6C:A1:9D
[15:03:05.739][D][DESK:061]: 9B:04:11:7C:C3:9D
[15:03:05.756][D][KEYPAD:046]: 9B:06:02:00:00:6C:A1:9D
[15:03:05.761][D][DESK:061]: 9B:07:12:07:EF:6D:A4:A8:9D
[15:03:05.776][D][DESK:061]: 9B:04:11:7C:C3:9D
[15:03:05.783][D][KEYPAD:046]: 9B:06:02:00:00:6C:A1:9D
[15:03:05.827][D][DESK:061]: 9B:04:11:7C:C3:9D
[15:03:05.845][D][KEYPAD:046]: 9B:06:02:00:00:6C:A1:9D
[15:03:05.845][D][DESK:061]: 9B:07:12:07:EF:6D:A4:A8:9D
[15:03:05.845][D][DESK:061]: 9B:04:11:7C:C3:9D
[15:03:05.886][D][KEYPAD:046]: 9B:06:02:00:00:6C:A1:9D
[15:03:05.886][D][DESK:061]: 9B:04:11:7C:C3:9D
[15:03:05.886][D][KEYPAD:046]: 9B:06:02:00:00:6C:A1:9D
[15:03:05.889][D][DESK:061]: 9B:07:12:07:EF:6D:A4:A8:9D
[15:03:05.916][D][DESK:061]: 9B:04:11:7C:C3:9D
[15:03:05.926][D][KEYPAD:046]: 9B:06:02:00:00:6C:A1:9D
[15:03:05.948][D][DESK:061]: 9B:07:12:07:EF:6D:A4:A8:9D
[15:03:05.949][D][DESK:061]: 9B:04:11:7C:C3:9D
[15:03:05.959][D][KEYPAD:046]: 9B:06:02:00:00:6C:A1:9D
[15:03:05.968][D][DESK:061]: 9B:04:11:7C:C3:9D
[15:03:05.976][D][KEYPAD:046]: 9B:06:02:00:00:6C:A1:9D
[15:03:05.994][D][DESK:061]: 9B:04:11:7C:C3:9D
[15:03:06.024][D][KEYPAD:046]: 9B:06:02:00:00:6C:A1:9D
[15:03:06.024][D][DESK:061]: 9B:07:12:07:EF:6D:A4:A8:9D
[15:03:06.030][D][DESK:061]: 9B:04:11:7C:C3:9D
[15:03:06.033][D][KEYPAD:046]: 9B:06:02:00:00:6C:A1:9D
[15:03:06.050][D][DESK:061]: 9B:04:15:BF:C2:9D
[15:03:06.067][D][DESK:061]: 9B:04:11:7C:C3:9D
[15:03:06.068][D][KEYPAD:046]: 9B:06:02:00:00:6C:A1:9D
[15:03:06.089][D][DESK:061]: 9B:07:12:07:EF:6D:A4:A8:9D
[15:03:06.098][D][DESK:061]: 9B:04:11:7C:C3:9D
[15:03:06.151][D][KEYPAD:046]: 9B:06:02:00:00:6C:A1:9D
[15:03:06.151][D][DESK:061]: 9B:04:11:7C:C3:9D
[15:03:06.151][D][KEYPAD:046]: 9B:06:02:00:00:6C:A1:9D
[15:03:06.180][D][DESK:061]: 9B:07:12:07:EF:6D:A4:A8:9D
[15:03:06.180][D][DESK:061]: 9B:04:11:7C:C3:9D
[15:03:06.180][D][KEYPAD:046]: 9B:06:02:00:00:6C:A1:9D
[15:03:06.180][D][DESK:061]: 9B:04:11:7C:C3:9D
[15:03:06.205][D][KEYPAD:046]: 9B:06:02:00:00:6C:A1:9D
[15:03:06.224][D][DESK:061]: 9B:04:11:7C:C3:9D
[15:03:06.225][D][KEYPAD:046]: 9B:06:02:00:00:6C:A1:9D
[15:03:06.225][D][DESK:061]: 9B:07:12:07:EF:6D:A4:A8:9D
[15:03:06.258][D][DESK:061]: 9B:04:11:7C:C3:9D
[15:03:06.259][D][KEYPAD:046]: 9B:06:02:00:00:6C:A1:9D
[15:03:06.269][D][DESK:061]: 9B:04:11:7C:C3:9D
[15:03:06.271][D][KEYPAD:046]: 9B:06:02:00:00:6C:A1:9D
[15:03:06.293][D][DESK:061]: 9B:07:12:07:EF:6D:A4:A8:9D
[15:03:06.309][D][DESK:061]: 9B:04:11:7C:C3:9D
[15:03:06.326][D][KEYPAD:046]: 9B:06:02:00:00:6C:A1:9D
[15:03:06.335][D][DESK:061]: 9B:04:11:7C:C3:9D
[15:03:06.361][D][KEYPAD:046]: 9B:06:02:00:00:6C:A1:9D
[15:03:06.384][D][DESK:061]: 9B:07:12:07:EF:6D:A4:A8:9D
[15:03:06.384][D][DESK:061]: 9B:04:11:7C:C3:9D
[15:03:06.384][D][KEYPAD:046]: 9B:06:02:00:00:6C:A1:9D
[15:03:06.392][D][DESK:061]: 9B:04:11:7C:C3:9D
[15:03:06.397][D][KEYPAD:046]: 9B:06:02:00:00:6C:A1:9D
[15:03:06.434][D][DESK:061]: 9B:07:12:07:EF:6D:A4:A8:9D
[15:03:06.434][D][DESK:061]: 9B:04:11:7C:C3:9D
[15:03:06.443][D][KEYPAD:046]: 9B:06:02:00:00:6C:A1:9D
[15:03:06.466][D][DESK:061]: 9B:07:12:07:EF:6D:A4:A8:9D
[15:03:06.472][D][DESK:061]: 9B:04:11:7C:C3:9D
[15:03:06.479][D][KEYPAD:046]: 9B:06:02:00:00:6C:A1:9D
[15:03:06.499][D][DESK:061]: 9B:04:11:7C:C3:9D
[15:03:06.516][D][KEYPAD:046]: 9B:06:02:00:00:6C:A1:9D
[15:03:06.532][D][DESK:061]: 9B:04:11:7C:C3:9D
[15:03:06.532][D][KEYPAD:046]: 9B:06:02:00:00:6C:A1:9D
[15:03:06.559][D][DESK:061]: 9B:07:12:07:EF:6D:A4:A8:9D
[15:03:06.573][D][DESK:061]: 9B:04:15:BF:C2:9D
[15:03:06.574][D][DESK:061]: 9B:04:11:7C:C3:9D
[15:03:06.574][D][KEYPAD:046]: 9B:06:02:00:00:6C:A1:9D
[15:03:06.680][D][DESK:061]: 9B:04:11:7C:C3:9D
[15:03:06.681][D][KEYPAD:046]: 9B:06:02:00:00:6C:A1:9D
[15:03:06.681][D][DESK:061]: 9B:07:12:07:EF:6D:A4:A8:9D
[15:03:06.681][D][DESK:061]: 9B:04:11:7C:C3:9D
[15:03:06.681][D][KEYPAD:046]: 9B:06:02:00:00:6C:A1:9D
[15:03:06.681][D][DESK:061]: 9B:04:11:7C:C3:9D
[15:03:06.681][D][KEYPAD:046]: 9B:06:02:00:00:6C:A1:9D
[15:03:06.681][D][DESK:061]: 9B:07:12:07:EF:6D:A4:A8:9D
[15:03:06.723][D][DESK:061]: 9B:04:11:7C:C3:9D
[15:03:06.723][D][KEYPAD:046]: 9B:06:02:00:00:6C:A1:9D
[15:03:06.723][D][DESK:061]: 9B:04:11:7C:C3:9D
[15:03:06.723][D][KEYPAD:046]: 9B:06:02:00:00:6C:A1:9D
[15:03:06.798][D][DESK:061]: 9B:07:12:07:EF:6D:A4:A8:9D
[15:03:06.799][D][DESK:061]: 9B:04:11:7C:C3:9D
[15:03:06.799][D][KEYPAD:046]: 9B:06:02:00:00:6C:A1:9D
[15:03:06.799][D][DESK:061]: 9B:07:12:07:EF:6D:A4:A8:9D
[15:03:06.825][D][DESK:061]: 9B:04:11:7C:C3:9D
[15:03:06.825][D][KEYPAD:046]: 9B:06:02:00:00:6C:A1:9D
[15:03:06.825][D][DESK:061]: 9B:04:11:7C:C3:9D
[15:03:06.825][D][KEYPAD:046]: 9B:06:02:00:00:6C:A1:9D
[15:03:06.896][D][DESK:061]: 9B:07:12:07:EF:6D:A4:A8:9D
[15:03:06.897][D][DESK:061]: 9B:04:11:7C:C3:9D
[15:03:06.897][D][KEYPAD:046]: 9B:06:02:00:00:6C:A1:9D
[15:03:06.897][D][DESK:061]: 9B:07:12:07:EF:6D:A4:A8:9D
[15:03:07.001][D][DESK:061]: 9B:04:11:7C:C3:9D
[15:03:07.005][D][KEYPAD:046]: 9B:06:02:00:00:6C:A1:9D
[15:03:07.006][D][DESK:061]: 9B:04:11:7C:C3:9D
[15:03:07.006][D][KEYPAD:046]: 9B:06:02:00:00:6C:A1:9D
[15:03:07.006][D][DESK:061]: 9B:07:12:07:EF:6D:A4:A8:9D
[15:03:07.006][D][DESK:061]: 9B:04:11:7C:C3:9D
[15:03:07.006][D][KEYPAD:046]: 9B:06:02:00:00:6C:A1:9D
[15:03:07.006][D][DESK:061]: 9B:07:12:07:EF:6D:A4:A8:9D
[15:03:07.044][D][DESK:061]: 9B:04:11:7C:C3:9D
[15:03:07.044][D][KEYPAD:046]: 9B:06:02:00:00:6C:A1:9D
[15:03:07.044][D][DESK:061]: 9B:04:11:7C:C3:9D
[15:03:07.045][D][KEYPAD:046]: 9B:06:02:00:00:6C:A1:9D
[15:03:07.102][D][DESK:061]: 9B:04:15:BF:C2:9D
[15:03:07.103][D][DESK:061]: 9B:07:12:07:EF:6D:A4:A8:9D
[15:03:07.103][D][DESK:061]: 9B:04:11:7C:C3:9D
[15:03:07.103][D][KEYPAD:046]: 9B:06:02:00:00:6C:A1:9D
[15:03:07.195][D][DESK:061]: 9B:07:12:07:EF:6D:A4:A8:9D
[15:03:07.196][D][DESK:061]: 9B:04:11:7C:C3:9D
[15:03:07.196][D][KEYPAD:046]: 9B:06:02:00:00:6C:A1:9D
[15:03:07.196][D][DESK:061]: 9B:04:11:7C:C3:9D
[15:03:07.196][D][KEYPAD:046]: 9B:06:02:00:00:6C:A1:9D
[15:03:07.196][D][DESK:061]: 9B:07:12:07:EF:6D:A4:A8:9D
[15:03:07.196][D][DESK:061]: 9B:04:11:7C:C3:9D
[15:03:07.196][D][KEYPAD:046]: 9B:06:02:00:00:6C:A1:9D
[15:03:07.291][D][DESK:061]: 9B:07:12:07:EF:6D:A4:A8:9D
[15:03:07.291][D][DESK:061]: 9B:04:11:7C:C3:9D
[15:03:07.291][D][KEYPAD:046]: 9B:06:02:00:00:6C:A1:9D
[15:03:07.291][D][DESK:061]: 9B:04:11:7C:C3:9D
[15:03:07.296][D][KEYPAD:046]: 9B:06:02:00:00:6C:A1:9D
[15:03:07.296][D][DESK:061]: 9B:04:11:7C:C3:9D
[15:03:07.296][D][KEYPAD:046]: 9B:06:02:00:00:6C:A1:9D
[15:03:07.296][D][DESK:061]: 9B:07:12:07:EF:6D:A4:A8:9D
[15:03:07.395][D][DESK:061]: 9B:04:11:7C:C3:9D
[15:03:07.395][D][KEYPAD:046]: 9B:06:02:00:00:6C:A1:9D
[15:03:07.396][D][DESK:061]: 9B:04:11:7C:C3:9D
[15:03:07.396][D][KEYPAD:046]: 9B:06:02:00:00:6C:A1:9D
[15:03:07.398][D][DESK:061]: 9B:04:11:7C:C3:9D
[15:03:07.398][D][KEYPAD:046]: 9B:06:02:00:00:6C:A1:9D
[15:03:07.399][D][DESK:061]: 9B:07:12:07:EF:6D:A4:A8:9D
[15:03:07.399][D][DESK:061]: 9B:04:11:7C:C3:9D
[15:03:07.439][D][KEYPAD:046]: 9B:06:02:00:00:6C:A1:9D
[15:03:07.439][D][DESK:061]: 9B:07:12:07:EF:6D:A4:A8:9D
[15:03:07.439][D][DESK:061]: 9B:04:11:7C:C3:9D
[15:03:07.440][D][KEYPAD:046]: 9B:06:02:00:00:6C:A1:9D
[15:03:07.507][D][DESK:061]: 9B:04:11:7C:C3:9D
[15:03:07.507][D][KEYPAD:046]: 9B:06:02:00:00:6C:A1:9D
[15:03:07.507][D][DESK:061]: 9B:07:12:07:EF:6D:A4:A8:9D
[15:03:07.507][D][DESK:061]: 9B:04:11:7C:C3:9D
[15:03:07.606][D][KEYPAD:046]: 9B:06:02:00:00:6C:A1:9D
[15:03:07.606][D][DESK:061]: 9B:07:12:07:EF:6D:A4:A8:9D
[15:03:07.606][D][DESK:061]: 9B:04:11:7C:C3:9D
[15:03:07.606][D][KEYPAD:046]: 9B:06:02:00:00:6C:A1:9D
[15:03:07.607][D][DESK:061]: 9B:04:15:BF:C2:9D
[15:03:07.608][D][DESK:061]: 9B:04:11:7C:C3:9D
[15:03:07.608][D][KEYPAD:046]: 9B:06:02:00:00:6C:A1:9D
[15:03:07.608][D][DESK:061]: 9B:07:12:07:EF:6D:A4:A8:9D
[15:03:07.707][D][DESK:061]: 9B:04:11:7C:C3:9D
[15:03:07.707][D][KEYPAD:046]: 9B:06:02:00:00:6C:A1:9D
[15:03:07.707][D][DESK:061]: 9B:07:12:07:EF:6D:A4:A8:9D
[15:03:07.707][D][DESK:061]: 9B:04:11:7C:C3:9D
[15:03:07.708][D][KEYPAD:046]: 9B:06:02:00:00:6C:A1:9D
[15:03:07.708][D][DESK:061]: 9B:04:11:7C:C3:9D
[15:03:07.708][D][KEYPAD:046]: 9B:06:02:00:00:6C:A1:9D
[15:03:07.708][D][DESK:061]: 9B:04:11:7C:C3:9D
[15:03:07.741][D][KEYPAD:046]: 9B:06:02:00:00:6C:A1:9D
[15:03:07.741][D][DESK:061]: 9B:07:12:07:EF:6D:A4:A8:9D
[15:03:07.741][D][DESK:061]: 9B:04:11:7C:C3:9D
[15:03:07.741][D][KEYPAD:046]: 9B:06:02:00:00:6C:A1:9D
[15:03:07.833][D][DESK:061]: 9B:04:11:7C:C3:9D
[15:03:07.833][D][KEYPAD:046]: 9B:06:02:00:00:6C:A1:9D
[15:03:07.833][D][DESK:061]: 9B:04:11:7C:C3:9D
[15:03:07.833][D][KEYPAD:046]: 9B:06:02:00:00:6C:A1:9D
[15:03:07.841][D][DESK:061]: 9B:07:12:07:EF:6D:A4:A8:9D
[15:03:07.841][D][DESK:061]: 9B:04:11:7C:C3:9D
[15:03:07.841][D][KEYPAD:046]: 9B:06:02:00:00:6C:A1:9D
[15:03:07.841][D][DESK:061]: 9B:07:12:07:EF:6D:A4:A8:9D
[15:03:07.939][D][DESK:061]: 9B:04:11:7C:C3:9D
[15:03:07.939][D][KEYPAD:046]: 9B:06:02:00:00:6C:A1:9D
[15:03:07.939][D][DESK:061]: 9B:04:11:7C:C3:9D
[15:03:07.940][D][KEYPAD:046]: 9B:06:02:00:00:6C:A1:9D
[15:03:07.950][D][DESK:061]: 9B:07:12:07:EF:6D:A4:A8:9D
[15:03:07.950][D][DESK:061]: 9B:04:11:7C:C3:9D
[15:03:07.950][D][KEYPAD:046]: 9B:06:02:00:00:6C:A1:9D
[15:03:07.950][D][DESK:061]: 9B:07:12:07:EF:6D:A4:A8:9D
[15:03:08.014][D][DESK:061]: 9B:04:11:7C:C3:9D
[15:03:08.014][D][KEYPAD:046]: 9B:06:02:00:00:6C:A1:9D
[15:03:08.014][D][DESK:061]: 9B:04:11:7C:C3:9D
[15:03:08.014][D][KEYPAD:046]: 9B:06:02:00:00:6C:A1:9D
[15:03:08.120][D][DESK:061]: 9B:07:12:07:EF:6D:A4:A8:9D
[15:03:08.121][D][DESK:061]: 9B:04:11:7C:C3:9D
[15:03:08.121][D][KEYPAD:046]: 9B:06:02:00:00:6C:A1:9D
[15:03:08.121][D][DESK:061]: 9B:07:12:07:EF:6D:A4:A8:9D
[15:03:08.121][D][DESK:061]: 9B:04:15:BF:C2:9D
[15:03:08.121][D][DESK:061]: 9B:04:11:7C:C3:9D
[15:03:08.121][D][KEYPAD:046]: 9B:06:02:00:00:6C:A1:9D
[15:03:08.121][D][DESK:061]: 9B:04:11:7C:C3:9D
[15:03:08.148][D][KEYPAD:046]: 9B:06:02:00:00:6C:A1:9D
[15:03:08.148][D][DESK:061]: 9B:07:12:07:EF:6D:A4:A8:9D
[15:03:08.148][D][DESK:061]: 9B:04:11:7C:C3:9D
[15:03:08.148][D][KEYPAD:046]: 9B:06:02:00:00:6C:A1:9D
[15:03:08.209][D][DESK:061]: 9B:07:12:07:EF:6D:A4:A8:9D
[15:03:08.210][D][DESK:061]: 9B:04:11:7C:C3:9D
[15:03:08.210][D][KEYPAD:046]: 9B:06:02:00:00:6C:A1:9D
[15:03:08.210][D][DESK:061]: 9B:04:11:7C:C3:9D
[15:03:08.250][D][KEYPAD:046]: 9B:06:02:00:00:6C:A1:9D
[15:03:08.251][D][DESK:061]: 9B:04:11:7C:C3:9D
[15:03:08.251][D][KEYPAD:046]: 9B:06:02:00:00:6C:A1:9D
[15:03:08.251][D][DESK:061]: 9B:07:12:07:EF:6D:A4:A8:9D
[15:03:08.307][D][DESK:061]: 9B:04:11:7C:C3:9D
[15:03:08.307][D][KEYPAD:046]: 9B:06:02:00:00:6C:A1:9D
[15:03:08.307][D][DESK:061]: 9B:04:11:7C:C3:9D
[15:03:08.307][D][KEYPAD:046]: 9B:06:02:00:00:6C:A1:9D
[15:03:08.348][D][DESK:061]: 9B:04:11:7C:C3:9D
[15:03:08.349][D][KEYPAD:046]: 9B:06:02:00:00:6C:A1:9D
[15:03:08.349][D][DESK:061]: 9B:07:12:07:EF:6D:A4:A8:9D
[15:03:08.349][D][DESK:061]: 9B:04:11:7C:C3:9D
[15:03:08.403][D][KEYPAD:046]: 9B:06:02:00:00:6C:A1:9D
[15:03:08.403][D][DESK:061]: 9B:07:12:07:EF:6D:A4:A8:9D
[15:03:08.403][D][DESK:061]: 9B:04:11:7C:C3:9D
[15:03:08.403][D][KEYPAD:046]: 9B:06:02:00:00:6C:A1:9D
[15:03:08.460][D][DESK:061]: 9B:04:11:7C:C3:9D
[15:03:08.460][D][KEYPAD:046]: 9B:06:02:00:00:6C:A1:9D
[15:03:08.460][D][DESK:061]: 9B:07:12:07:EF:6D:A4:A8:9D
[15:03:08.460][D][DESK:061]: 9B:04:11:7C:C3:9D
[15:03:08.506][D][KEYPAD:046]: 9B:06:02:00:00:6C:A1:9D
[15:03:08.507][D][DESK:061]: 9B:07:12:07:EF:6D:A4:A8:9D
[15:03:08.507][D][DESK:061]: 9B:04:11:7C:C3:9D
[15:03:08.507][D][KEYPAD:046]: 9B:06:02:00:00:6C:A1:9D
[15:03:08.608][D][DESK:061]: 9B:04:11:7C:C3:9D
[15:03:08.608][D][KEYPAD:046]: 9B:06:02:00:00:6C:A1:9D
[15:03:08.608][D][DESK:061]: 9B:07:12:07:EF:6D:A4:A8:9D
[15:03:08.608][D][DESK:061]: 9B:04:11:7C:C3:9D
[15:03:08.616][D][KEYPAD:046]: 9B:06:02:00:00:6C:A1:9D
[15:03:08.616][D][DESK:061]: 9B:04:15:BF:C2:9D
[15:03:08.616][D][DESK:061]: 9B:07:12:07:EF:6D:A4:A8:9D
[15:03:08.616][D][DESK:061]: 9B:04:11:7C:C3:9D
[15:03:08.657][D][KEYPAD:046]: 9B:06:02:00:00:6C:A1:9D
[15:03:08.657][D][DESK:061]: 9B:04:11:7C:C3:9D
[15:03:08.657][D][KEYPAD:046]: 9B:06:02:00:00:6C:A1:9D
[15:03:08.657][D][DESK:061]: 9B:04:11:7C:C3:9D
[15:03:08.696][D][KEYPAD:046]: 9B:06:02:00:00:6C:A1:9D
[15:03:08.697][D][DESK:061]: 9B:07:12:07:EF:6D:A4:A8:9D
[15:03:08.697][D][DESK:061]: 9B:04:11:7C:C3:9D
[15:03:08.697][D][KEYPAD:046]: 9B:06:02:00:00:6C:A1:9D
[15:03:08.760][D][DESK:061]: 9B:04:11:7C:C3:9D
[15:03:08.761][D][KEYPAD:046]: 9B:06:02:00:00:6C:A1:9D
[15:03:08.761][D][DESK:061]: 9B:07:12:07:EF:6D:A4:A8:9D
[15:03:08.761][D][DESK:061]: 9B:04:11:7C:C3:9D
[15:03:08.812][D][KEYPAD:046]: 9B:06:02:00:00:6C:A1:9D
[15:03:08.812][D][DESK:061]: 9B:04:11:7C:C3:9D
[15:03:08.813][D][KEYPAD:046]: 9B:06:02:00:00:6C:A1:9D
[15:03:08.813][D][DESK:061]: 9B:07:12:07:EF:6D:A4:A8:9D
[15:03:08.855][D][DESK:061]: 9B:04:11:7C:C3:9D
[15:03:08.855][D][KEYPAD:046]: 9B:06:02:00:00:6C:A1:9D
[15:03:08.855][D][DESK:061]: 9B:04:11:7C:C3:9D
[15:03:08.855][D][KEYPAD:046]: 9B:06:02:00:00:6C:A1:9D
[15:03:08.919][D][DESK:061]: 9B:07:12:07:EF:6D:A4:A8:9D
[15:03:08.920][D][DESK:061]: 9B:04:11:7C:C3:9D
[15:03:08.920][D][KEYPAD:046]: 9B:06:02:00:00:6C:A1:9D
[15:03:08.920][D][DESK:061]: 9B:07:12:07:EF:6D:A4:A8:9D
[15:03:08.962][D][DESK:061]: 9B:04:11:7C:C3:9D
[15:03:08.962][D][KEYPAD:046]: 9B:06:02:00:00:6C:A1:9D
[15:03:08.962][D][DESK:061]: 9B:04:11:7C:C3:9D
[15:03:08.962][D][KEYPAD:046]: 9B:06:02:00:00:6C:A1:9D
[15:03:08.988][D][DESK:061]: 9B:04:11:7C:C3:9D
[15:03:08.997][D][KEYPAD:046]: 9B:06:02:00:00:6C:A1:9D
[15:03:08.997][D][DESK:061]: 9B:07:12:07:EF:6D:A4:A8:9D
[15:03:09.018][D][DESK:061]: 9B:04:11:7C:C3:9D
[15:03:09.036][D][KEYPAD:046]: 9B:06:02:00:00:6C:A1:9D
[15:03:09.036][D][DESK:061]: 9B:04:11:7C:C3:9D
[15:03:09.063][D][KEYPAD:046]: 9B:06:02:00:00:6C:A1:9D
[15:03:09.064][D][DESK:061]: 9B:07:12:07:EF:6D:A4:A8:9D
[15:03:09.125][D][DESK:061]: 9B:04:11:7C:C3:9D
[15:03:09.125][D][KEYPAD:046]: 9B:06:02:00:00:6C:A1:9D
[15:03:09.125][D][DESK:061]: 9B:04:15:BF:C2:9D
[15:03:09.125][D][DESK:061]: 9B:04:11:7C:C3:9D
[15:03:09.144][D][KEYPAD:046]: 9B:06:02:00:00:6C:A1:9D
[15:03:09.145][D][DESK:061]: 9B:07:12:07:EF:6D:A4:A8:9D
[15:03:09.145][D][DESK:061]: 9B:04:11:7C:C3:9D
[15:03:09.145][D][KEYPAD:046]: 9B:06:02:00:00:6C:A1:9D
[15:03:09.197][D][DESK:061]: 9B:04:11:7C:C3:9D
[15:03:09.197][D][KEYPAD:046]: 9B:06:02:00:00:6C:A1:9D
[15:03:09.197][D][DESK:061]: 9B:07:12:07:EF:6D:A4:A8:9D
[15:03:09.204][D][DESK:061]: 9B:04:11:7C:C3:9D
[15:03:09.263][D][KEYPAD:046]: 9B:06:02:00:00:6C:A1:9D
[15:03:09.263][D][DESK:061]: 9B:04:11:7C:C3:9D
[15:03:09.263][D][KEYPAD:046]: 9B:06:02:00:00:6C:A1:9D
[15:03:09.270][D][DESK:061]: 9B:07:12:07:EF:6D:A4:A8:9D
[15:03:09.337][D][DESK:061]: 9B:04:11:7C:C3:9D
[15:03:09.337][D][KEYPAD:046]: 9B:06:02:00:00:6C:A1:9D
[15:03:09.337][D][DESK:061]: 9B:07:12:07:EF:6D:A4:A8:9D
[15:03:09.338][D][DESK:061]: 9B:04:11:7C:C3:9D
[15:03:09.357][D][KEYPAD:046]: 9B:06:02:00:00:6C:A1:9D
[15:03:09.357][D][DESK:061]: 9B:04:11:7C:C3:9D
[15:03:09.357][D][KEYPAD:046]: 9B:06:02:00:00:6C:A1:9D
[15:03:09.379][D][DESK:061]: 9B:07:12:07:EF:6D:A4:A8:9D
[15:03:09.431][D][DESK:061]: 9B:04:11:7C:C3:9D
[15:03:09.432][D][KEYPAD:046]: 9B:06:02:00:00:6C:A1:9D
[15:03:09.432][D][DESK:061]: 9B:07:12:07:EF:6D:A4:A8:9D
[15:03:09.432][D][DESK:061]: 9B:04:11:7C:C3:9D
[15:03:09.485][D][KEYPAD:046]: 9B:06:02:00:00:6C:A1:9D
[15:03:09.485][D][DESK:061]: 9B:04:11:7C:C3:9D
[15:03:09.485][D][KEYPAD:046]: 9B:06:02:00:00:6C:A1:9D
[15:03:09.485][D][DESK:061]: 9B:07:12:07:EF:6D:A4:A8:9D
[15:03:09.539][D][DESK:061]: 9B:04:11:7C:C3:9D
[15:03:09.539][D][KEYPAD:046]: 9B:06:02:00:00:6C:A1:9D
[15:03:09.539][D][DESK:061]: 9B:04:11:7C:C3:9D
[15:03:09.539][D][KEYPAD:046]: 9B:06:02:00:00:6C:A1:9D
[15:03:09.614][D][DESK:061]: 9B:04:11:7C:C3:9D
[15:03:09.614][D][KEYPAD:046]: 9B:06:02:00:00:6C:A1:9D
[15:03:09.614][D][DESK:061]: 9B:07:12:07:EF:6D:A4:A8:9D
[15:03:09.614][D][DESK:061]: 9B:04:11:7C:C3:9D
[15:03:09.642][D][KEYPAD:046]: 9B:06:02:00:00:6C:A1:9D
[15:03:09.642][D][DESK:061]: 9B:04:15:BF:C2:9D
[15:03:09.642][D][DESK:061]: 9B:04:11:7C:C3:9D
[15:03:09.642][D][KEYPAD:046]: 9B:06:02:00:00:6C:A1:9D
[15:03:09.675][D][DESK:061]: 9B:07:12:07:EF:6D:A4:A8:9D
[15:03:09.675][D][DESK:061]: 9B:04:11:7C:C3:9D
[15:03:09.675][D][KEYPAD:046]: 9B:06:02:00:00:6C:A1:9D
[15:03:09.676][D][DESK:061]: 9B:04:11:7C:C3:9D
[15:03:09.752][D][KEYPAD:046]: 9B:06:02:00:00:6C:A1:9D
[15:03:09.753][D][DESK:061]: 9B:04:11:7C:C3:9D
[15:03:09.753][D][KEYPAD:046]: 9B:06:02:00:00:6C:A1:9D
[15:03:09.753][D][DESK:061]: 9B:07:12:07:EF:6D:A4:A8:9D
[15:03:09.771][D][DESK:061]: 9B:04:11:7C:C3:9D
[15:03:09.772][D][KEYPAD:046]: 9B:06:02:00:00:6C:A1:9D
[15:03:09.772][D][DESK:061]: 9B:04:11:7C:C3:9D
[15:03:09.772][D][KEYPAD:046]: 9B:06:02:00:00:6C:A1:9D
[15:03:09.812][D][DESK:061]: 9B:07:12:07:EF:6D:A4:A8:9D
[15:03:09.812][D][DESK:061]: 9B:04:11:7C:C3:9D
[15:03:09.812][D][KEYPAD:046]: 9B:06:02:00:00:6C:A1:9D
[15:03:09.817][D][DESK:061]: 9B:04:11:7C:C3:9D
[15:03:09.863][D][KEYPAD:046]: 9B:06:02:00:00:6C:A1:9D
[15:03:09.864][D][DESK:061]: 9B:04:11:7C:C3:9D
[15:03:09.864][D][KEYPAD:046]: 9B:06:02:00:00:6C:A1:9D
[15:03:09.864][D][DESK:061]: 9B:07:12:07:EF:6D:A4:A8:9D
[15:03:09.883][D][DESK:061]: 9B:04:11:7C:C3:9D
[15:03:09.891][D][KEYPAD:046]: 9B:06:02:00:00:6C:A1:9D
[15:03:09.910][D][DESK:061]: 9B:04:11:7C:C3:9D
[15:03:09.911][D][KEYPAD:046]: 9B:06:02:00:00:6C:A1:9D
[15:03:09.966][D][DESK:061]: 9B:07:12:07:EF:6D:A4:A8:9D
[15:03:09.971][D][DESK:061]: 9B:04:11:7C:C3:9D
[15:03:09.971][D][KEYPAD:046]: 9B:06:02:00:00:6C:A1:9D
[15:03:09.971][D][DESK:061]: 9B:04:11:7C:C3:9D
[15:03:09.990][D][KEYPAD:046]: 9B:06:02:00:00:6C:A1:9D
[15:03:10.017][D][DESK:061]: 9B:07:12:07:EF:6D:A4:A8:9D
[15:03:10.019][D][DESK:061]: 9B:04:11:7C:C3:9D
[15:03:10.019][D][KEYPAD:046]: 9B:06:02:00:00:6C:A1:9D
[15:03:10.049][D][DESK:061]: 9B:04:11:7C:C3:9D
[15:03:10.050][D][KEYPAD:046]: 9B:06:02:00:00:6C:A1:9D
[15:03:10.070][D][DESK:061]: 9B:04:11:7C:C3:9D
[15:03:10.070][D][KEYPAD:046]: 9B:06:02:00:00:6C:A1:9D
[15:03:10.090][D][DESK:061]: 9B:07:12:07:EF:6D:A4:A8:9D
[15:03:10.090][D][DESK:061]: 9B:04:11:7C:C3:9D
[15:03:10.098][D][KEYPAD:046]: 9B:06:02:00:00:6C:A1:9D
[15:03:10.101][D][DESK:061]: 9B:04:15:BF:C2:9D
[15:03:10.119][D][DESK:061]: 9B:04:11:7C:C3:9D
[15:03:10.126][D][KEYPAD:046]: 9B:06:02:00:00:6C:A1:9D
[15:03:10.145][D][DESK:061]: 9B:07:12:07:EF:6D:A4:A8:9D
[15:03:10.156][D][DESK:061]: 9B:04:11:7C:C3:9D
[15:03:10.189][D][KEYPAD:046]: 9B:06:02:00:00:6C:A1:9D
[15:03:10.189][D][DESK:061]: 9B:04:11:7C:C3:9D
[15:03:10.193][D][KEYPAD:046]: 9B:06:02:00:00:6C:A1:9D
[15:03:10.217][D][DESK:061]: 9B:07:12:07:EF:6D:A4:A8:9D
[15:03:10.221][D][DESK:061]: 9B:04:11:7C:C3:9D
[15:03:10.228][D][KEYPAD:046]: 9B:06:02:00:00:6C:A1:9D
[15:03:10.246][D][DESK:061]: 9B:04:11:7C:C3:9D
[15:03:10.248][D][KEYPAD:046]: 9B:06:02:00:00:6C:A1:9D
[15:03:10.274][D][DESK:061]: 9B:07:12:07:EF:6D:A4:A8:9D
[15:03:10.284][D][DESK:061]: 9B:04:11:7C:C3:9D
[15:03:10.294][D][KEYPAD:046]: 9B:06:02:00:00:6C:A1:9D
[15:03:10.319][D][DESK:061]: 9B:07:12:07:EF:6D:A4:A8:9D
[15:03:10.325][D][DESK:061]: 9B:04:11:7C:C3:9D
[15:03:10.333][D][KEYPAD:046]: 9B:06:02:00:00:6C:A1:9D
[15:03:10.351][D][DESK:061]: 9B:04:11:7C:C3:9D
[15:03:10.357][D][KEYPAD:046]: 9B:06:02:00:00:6C:A1:9D
[15:03:10.377][D][DESK:061]: 9B:07:12:07:EF:6D:A4:A8:9D
[15:03:10.391][D][DESK:061]: 9B:04:11:7C:C3:9D
[15:03:10.398][D][KEYPAD:046]: 9B:06:02:00:00:6C:A1:9D
[15:03:10.422][D][DESK:061]: 9B:07:12:07:EF:6D:A4:A8:9D
[15:03:10.433][D][DESK:061]: 9B:04:11:7C:C3:9D
[15:03:10.450][D][KEYPAD:046]: 9B:06:02:00:00:6C:A1:9D
[15:03:10.454][D][DESK:061]: 9B:04:13:BD:42:9D
[15:03:10.460][D][DESK:061]: 9B:04:13:BD:42:9D
[15:03:10.470][D][DESK:061]: 9B:04:13:BD:42:9D
[15:03:10.476][D][DESK:061]: 9B:04:13:BD:42:9D
[15:03:10.476][D][DESK:061]: 9B:04:13:BD:42:9D
[15:03:10.483][D][DESK:061]: 9B:04:13:BD:42:9D
[15:03:10.492][D][DESK:061]: 9B:04:13:BD:42:9D
[15:03:10.561][S][binary_sensor]: 'PIN 20' >> OFF
[15:03:10.609][D][DESK:061]: 9B:04:13:BD:42:FD
[15:03:10.808][S][binary_sensor]: 'PIN 20' >> ON
[15:03:11.006][D][DESK:061]: FE
[15:03:11.184][D][DESK:061]: 9B:04:11:7C:C3:9D
[15:03:11.194][D][KEYPAD:046]: 9B:06:02:00:00:6C:A1:9D
[15:03:11.207][D][DESK:061]: 9B:07:12:07:EF:6D:A4:A8:9D
[15:03:11.222][D][DESK:061]: 9B:04:11:7C:C3:9D
[15:03:11.248][D][KEYPAD:046]: 9B:06:02:00:00:6C:A1:9D
[15:03:11.273][D][DESK:061]: 9B:04:11:7C:C3:9D
[15:03:11.273][D][KEYPAD:046]: 9B:06:02:00:00:6C:A1:9D
[15:03:11.283][D][DESK:061]: 9B:07:12:07:EF:6D:A4:A8:9D
[15:03:11.294][D][DESK:061]: 9B:04:11:7C:C3:9D
[15:03:11.304][D][KEYPAD:046]: 9B:06:02:00:00:6C:A1:9D
[15:03:11.323][D][DESK:061]: 9B:04:11:7C:C3:9D
[15:03:11.329][D][KEYPAD:046]: 9B:06:02:00:00:6C:A1:9D
[15:03:11.347][D][DESK:061]: 9B:07:12:07:EF:6D:A4:A8:9D
[15:03:11.375][D][DESK:061]: 9B:04:11:7C:C3:9D
[15:03:11.376][D][KEYPAD:046]: 9B:06:02:00:00:6C:A1:9D
[15:03:11.419][D][DESK:061]: 9B:04:11:7C:C3:9D
[15:03:11.419][D][KEYPAD:046]: 9B:06:02:00:00:6C:A1:9D
[15:03:11.419][D][DESK:061]: 9B:07:12:07:EF:6D:A4:A8:9D
[15:03:11.430][D][DESK:061]: 9B:04:11:7C:C3:9D
[15:03:11.446][D][KEYPAD:046]: 9B:06:02:00:00:6C:A1:9D
[15:03:11.457][D][DESK:061]: 9B:04:11:7C:C3:9D
[15:03:11.477][D][KEYPAD:046]: 9B:06:02:00:00:6C:A1:9D
[15:03:11.481][D][DESK:061]: 9B:07:12:07:EF:6D:A4:A8:9D
[15:03:11.492][D][DESK:061]: 9B:04:11:7C:C3:9D
[15:03:11.498][D][KEYPAD:046]: 9B:06:02:00:00:6C:A1:9D
[15:03:11.516][D][DESK:061]: 9B:04:11:7C:C3:9D
[15:03:11.528][D][KEYPAD:046]: 9B:06:02:00:00:6C:A1:9D
[15:03:11.548][D][DESK:061]: 9B:04:11:7C:C3:9D
[15:03:11.552][D][KEYPAD:046]: 9B:06:02:00:00:6C:A1:9D
[15:03:11.562][D][DESK:061]: 9B:07:12:07:EF:6D:A4:A8:9D
[15:03:11.581][D][DESK:061]: 9B:04:11:7C:C3:9D
[15:03:11.588][D][KEYPAD:046]: 9B:06:02:00:00:6C:A1:9D
[15:03:11.605][D][DESK:061]: 9B:04:11:7C:C3:9D
[15:03:11.617][D][KEYPAD:046]: 9B:06:02:00:00:6C:A1:9D
[15:03:11.629][D][DESK:061]: 9B:07:12:07:EF:6D:A4:A8:9D
[15:03:11.651][D][DESK:061]: 9B:04:11:7C:C3:9D
[15:03:11.658][D][KEYPAD:046]: 9B:06:02:00:00:6C:A1:9D
[15:03:11.681][D][DESK:061]: 9B:04:11:7C:C3:9D
[15:03:11.681][D][KEYPAD:046]: 9B:06:02:00:00:6C:A1:9D
[15:03:11.695][D][DESK:061]: 9B:07:12:07:EF:6D:A4:A8:9D
[15:03:11.699][D][DESK:061]: 9B:04:15:BF:C2:9D
[15:03:11.715][D][DESK:061]: 9B:04:11:7C:C3:9D
[15:03:11.715][D][KEYPAD:046]: 9B:06:02:00:00:6C:A1:9D
[15:03:11.735][D][DESK:061]: 9B:04:11:7C:C3:9D
[15:03:11.753][D][KEYPAD:046]: 9B:06:02:00:00:6C:A1:9D
[15:03:11.767][D][DESK:061]: 9B:07:12:07:EF:6D:A4:A8:9D
[15:03:11.786][D][DESK:061]: 9B:04:11:7C:C3:9D
[15:03:11.794][D][KEYPAD:046]: 9B:06:02:00:00:6C:A1:9D
[15:03:11.800][D][DESK:061]: 9B:04:11:7C:C3:9D
[15:03:11.815][D][KEYPAD:046]: 9B:06:02:00:00:6C:A1:9D
[15:03:11.815][D][DESK:061]: 9B:07:12:07:EF:6D:A4:A8:9D
[15:03:11.834][D][DESK:061]: 9B:04:11:7C:C3:9D
[15:03:11.838][D][KEYPAD:046]: 9B:06:02:00:00:6C:A1:9D
[15:03:11.857][D][DESK:061]: 9B:04:11:7C:C3:9D
[15:03:11.866][D][KEYPAD:046]: 9B:06:02:00:00:6C:A1:9D
[15:03:11.887][D][DESK:061]: 9B:04:11:7C:C3:9D
[15:03:11.893][D][KEYPAD:046]: 9B:06:02:00:00:6C:A1:9D
[15:03:11.905][D][DESK:061]: 9B:07:12:07:EF:6D:A4:A8:9D
[15:03:11.916][D][DESK:061]: 9B:04:11:7C:C3:9D
[15:03:11.923][D][KEYPAD:046]: 9B:06:02:00:00:6C:A1:9D
[15:03:11.941][D][DESK:061]: 9B:04:11:7C:C3:9D
[15:03:11.966][D][KEYPAD:046]: 9B:06:02:00:00:6C:A1:9D
[15:03:11.966][D][DESK:061]: 9B:07:12:07:EF:6D:A4:A8:9D
[15:03:11.990][D][DESK:061]: 9B:04:11:7C:C3:9D
[15:03:11.998][D][KEYPAD:046]: 9B:06:02:00:00:6C:A1:9D
[15:03:12.002][D][DESK:061]: 9B:04:11:7C:C3:9D
[15:03:12.006][D][KEYPAD:046]: 9B:06:02:00:00:6C:A1:9D
[15:03:12.029][D][DESK:061]: 9B:07:12:07:EF:6D:A4:A8:9D
[15:03:12.044][D][DESK:061]: 9B:04:11:7C:C3:9D
[15:03:12.074][D][KEYPAD:046]: 9B:06:02:00:00:6C:A1:9D
[15:03:12.074][D][DESK:061]: 9B:07:12:07:EF:6D:A4:A8:9D
[15:03:12.115][D][DESK:061]: 9B:04:11:7C:C3:9D
[15:03:12.115][D][KEYPAD:046]: 9B:06:02:00:00:6C:A1:9D
[15:03:12.115][D][DESK:061]: 9B:04:11:7C:C3:9D
[15:03:12.115][D][KEYPAD:046]: 9B:06:02:00:00:6C:A1:9D
[15:03:12.139][D][DESK:061]: 9B:07:12:07:EF:6D:A4:A8:9D
[15:03:12.172][D][DESK:061]: 9B:04:11:7C:C3:9D
[15:03:12.175][D][KEYPAD:046]: 9B:06:02:00:00:6C:A1:9D
[15:03:12.175][D][DESK:061]: 9B:07:12:07:EF:6D:A4:A8:9D
[15:03:12.194][D][DESK:061]: 9B:04:11:7C:C3:9D
[15:03:12.200][D][KEYPAD:046]: 9B:06:02:00:00:6C:A1:9D
[15:03:12.219][D][DESK:061]: 9B:04:15:BF:C2:9D
[15:03:12.221][D][DESK:061]: 9B:04:11:7C:C3:9D
[15:03:12.228][D][KEYPAD:046]: 9B:06:02:00:00:6C:A1:9D
[15:03:12.244][D][DESK:061]: 9B:07:12:07:EF:6D:A4:A8:9D
[15:03:12.265][D][DESK:061]: 9B:04:11:7C:C3:9D
[15:03:12.265][D][KEYPAD:046]: 9B:06:02:00:00:6C:A1:9D
[15:03:12.293][D][DESK:061]: 9B:07:12:07:EF:6D:A4:A8:9D
[15:03:12.300][D][DESK:061]: 9B:04:11:7C:C3:9D
[15:03:12.317][D][KEYPAD:046]: 9B:06:02:00:00:6C:A1:9D
[15:03:12.325][D][DESK:061]: 9B:04:11:7C:C3:9D
[15:03:12.332][D][KEYPAD:046]: 9B:06:02:00:00:6C:A1:9D
[15:03:12.353][D][DESK:061]: 9B:07:12:07:EF:6D:A4:A8:9D
[15:03:12.371][D][DESK:061]: 9B:04:11:7C:C3:9D
[15:03:12.376][D][KEYPAD:046]: 9B:06:02:00:00:6C:A1:9D
[15:03:12.399][D][DESK:061]: 9B:07:12:07:EF:6D:A4:A8:9D
[15:03:12.406][D][DESK:061]: 9B:04:11:7C:C3:9D
[15:03:12.418][D][KEYPAD:046]: 9B:06:02:00:00:6C:A1:9D
[15:03:12.431][D][DESK:061]: 9B:04:11:7C:C3:9D
[15:03:12.437][D][KEYPAD:046]: 9B:06:02:00:00:6C:A1:9D
[15:03:12.457][D][DESK:061]: 9B:04:11:7C:C3:9D
[15:03:12.472][D][KEYPAD:046]: 9B:06:02:00:00:6C:A1:9D
[15:03:12.478][D][DESK:061]: 9B:07:12:07:EF:6D:A4:A8:9D
[15:03:12.499][D][DESK:061]: 9B:04:11:7C:C3:9D
[15:03:12.524][D][KEYPAD:046]: 9B:06:02:00:00:6C:A1:9D
[15:03:12.524][D][DESK:061]: 9B:04:11:7C:C3:9D
[15:03:12.524][D][KEYPAD:046]: 9B:06:02:00:00:6C:A1:9D
[15:03:12.607][D][DESK:061]: 9B:04:11:7C:C3:9D
[15:03:12.607][D][KEYPAD:046]: 9B:06:02:00:00:6C:A1:9D
[15:03:12.607][D][DESK:061]: 9B:07:12:07:EF:6D:A4:A8:9D
[15:03:12.607][D][DESK:061]: 9B:04:11:7C:C3:9D
[15:03:12.639][D][KEYPAD:046]: 9B:06:02:00:00:6C:A1:9D
[15:03:12.639][D][DESK:061]: 9B:07:12:07:EF:6D:A4:A8:9D
[15:03:12.640][D][DESK:061]: 9B:04:11:7C:C3:9D
[15:03:12.640][D][KEYPAD:046]: 9B:06:02:01:00:FC:A0:9D
[15:03:12.650][D][DESK:061]: 9B:04:11:7C:C3:9D
[15:03:12.653][D][KEYPAD:046]: 9B:06:02:01:00:FC:A0:9D
[15:03:12.675][D][DESK:061]: 9B:04:11:7C:C3:9D
[15:03:12.676][D][KEYPAD:046]: 9B:06:02:01:00:FC:A0:9D
[15:03:12.683][D][DESK:061]: 9B:07:12:07:EF:6D:A4:A8:9D
[15:03:12.707][D][DESK:061]: 9B:04:11:7C:C3:9D
[15:03:12.713][D][KEYPAD:046]: 9B:06:02:01:00:FC:A0:9D
[15:03:12.713][D][DESK:061]: 9B:04:15:BF:C2:9D
[15:03:12.735][D][DESK:061]: 9B:04:11:7C:C3:9D
[15:03:12.739][D][KEYPAD:046]: 9B:06:02:00:00:6C:A1:9D
[15:03:12.755][D][DESK:061]: 9B:07:12:07:EF:6D:A4:A8:9D
[15:03:12.780][D][DESK:061]: 9B:04:11:7C:C3:9D
[15:03:12.783][D][KEYPAD:046]: 9B:06:02:00:00:6C:A1:9D
[15:03:12.792][D][DESK:061]: 9B:04:11:7C:C3:9D
[15:03:12.808][D][KEYPAD:046]: 9B:06:02:00:00:6C:A1:9D
[15:03:12.811][D][DESK:061]: 9B:07:12:07:EF:6D:A4:A8:9D
[15:03:12.828][D][DESK:061]: 9B:04:11:7C:C3:9D
[15:03:12.836][D][KEYPAD:046]: 9B:06:02:00:00:6C:A1:9D
[15:03:12.852][D][DESK:061]: 9B:04:11:7C:C3:9D
[15:03:12.860][D][KEYPAD:046]: 9B:06:02:00:00:6C:A1:9D
[15:03:12.879][D][DESK:061]: 9B:07:12:07:EF:6D:A4:A8:9D
[15:03:12.890][D][DESK:061]: 9B:04:11:7C:C3:9D
[15:03:12.909][D][KEYPAD:046]: 9B:06:02:00:00:6C:A1:9D
[15:03:12.915][D][DESK:061]: 9B:04:11:7C:C3:9D
[15:03:12.930][D][KEYPAD:046]: 9B:06:02:00:00:6C:A1:9D
[15:03:12.945][D][DESK:061]: 9B:07:12:07:EF:7D:68:A9:9D
[15:03:12.959][D][DESK:061]: 9B:04:11:7C:C3:9D
[15:03:12.966][D][KEYPAD:046]: 9B:06:02:00:00:6C:A1:9D
[15:03:12.986][D][DESK:061]: 9B:04:11:7C:C3:9D
[15:03:12.991][D][KEYPAD:046]: 9B:06:02:00:00:6C:A1:9D
[15:03:13.011][D][DESK:061]: 9B:04:11:7C:C3:9D
[15:03:13.017][D][KEYPAD:046]: 9B:06:02:00:00:6C:A1:9D
[15:03:13.028][D][DESK:061]: 9B:07:12:07:EF:7D:68:A9:9D
[15:03:13.047][D][DESK:061]: 9B:04:11:7C:C3:9D
[15:03:13.052][D][KEYPAD:046]: 9B:06:02:00:00:6C:A1:9D
[15:03:13.071][D][DESK:061]: 9B:04:11:7C:C3:9D
[15:03:13.089][D][KEYPAD:046]: 9B:06:02:00:00:6C:A1:9D
[15:03:13.098][D][DESK:061]: 9B:07:12:07:EF:7D:68:A9:9D
[15:03:13.121][D][DESK:061]: 9B:04:11:7C:C3:9D
[15:03:13.121][D][KEYPAD:046]: 9B:06:02:00:00:6C:A1:9D
[15:03:13.136][D][DESK:061]: 9B:04:11:7C:C3:9D
[15:03:13.144][D][KEYPAD:046]: 9B:06:02:00:00:6C:A1:9D
[15:03:13.162][D][DESK:061]: 9B:04:11:7C:C3:9D
[15:03:13.168][D][KEYPAD:046]: 9B:06:02:00:00:6C:A1:9D
[15:03:13.188][D][DESK:061]: 9B:07:12:07:EF:7D:68:A9:9D
[15:03:13.196][D][DESK:061]: 9B:04:11:7C:C3:9D
[15:03:13.217][D][KEYPAD:046]: 9B:06:02:00:00:6C:A1:9D
[15:03:13.217][D][DESK:061]: 9B:04:15:BF:C2:9D
[15:03:13.233][D][DESK:061]: 9B:04:11:7C:C3:9D
[15:03:13.240][D][KEYPAD:046]: 9B:06:02:00:00:6C:A1:9D
[15:03:13.250][D][DESK:061]: 9B:07:12:07:EF:7D:68:A9:9D
[15:03:13.265][D][DESK:061]: 9B:04:11:7C:C3:9D
[15:03:13.272][D][KEYPAD:046]: 9B:06:02:00:00:6C:A1:9D
[15:03:13.291][D][DESK:061]: 9B:04:11:7C:C3:9D
[15:03:13.300][D][KEYPAD:046]: 9B:06:02:00:00:6C:A1:9D
[15:03:13.318][D][DESK:061]: 9B:07:12:07:EF:7D:68:A9:9D
[15:03:13.325][D][DESK:061]: 9B:04:11:7C:C3:9D
[15:03:13.334][D][KEYPAD:046]: 9B:06:02:00:00:6C:A1:9D
[15:03:13.350][D][DESK:061]: 9B:04:11:7C:C3:9D
[15:03:13.356][D][KEYPAD:046]: 9B:06:02:00:00:6C:A1:9D
[15:03:13.379][D][DESK:061]: 9B:07:12:07:EF:7D:68:A9:9D
[15:03:13.394][D][DESK:061]: 9B:04:11:7C:C3:9D
[15:03:13.400][D][KEYPAD:046]: 9B:06:02:00:00:6C:A1:9D
[15:03:13.422][D][DESK:061]: 9B:04:11:7C:C3:9D
[15:03:13.432][D][KEYPAD:046]: 9B:06:02:00:00:6C:A1:9D
[15:03:13.444][D][DESK:061]: 9B:04:11:7C:C3:9D
[15:03:13.450][D][KEYPAD:046]: 9B:06:02:00:00:6C:A1:9D
[15:03:13.462][D][DESK:061]: 9B:07:12:07:EF:7D:68:A9:9D
[15:03:13.479][D][DESK:061]: 9B:04:11:7C:C3:9D
[15:03:13.496][D][KEYPAD:046]: 9B:06:02:00:00:6C:A1:9D
[15:03:13.502][D][DESK:061]: 9B:04:11:7C:C3:9D
[15:03:13.509][D][KEYPAD:046]: 9B:06:02:00:00:6C:A1:9D
[15:03:13.530][D][DESK:061]: 9B:07:12:07:EF:7D:68:A9:9D
[15:03:13.554][D][DESK:061]: 9B:04:11:7C:C3:9D
[15:03:13.570][D][KEYPAD:046]: 9B:06:02:00:00:6C:A1:9D
[15:03:13.570][D][DESK:061]: 9B:04:11:7C:C3:9D
[15:03:13.602][D][KEYPAD:046]: 9B:06:02:00:00:6C:A1:9D
[15:03:13.625][D][DESK:061]: 9B:07:12:07:EF:7D:68:A9:9D
[15:03:13.626][D][DESK:061]: 9B:04:11:7C:C3:9D
[15:03:13.626][D][KEYPAD:046]: 9B:06:02:00:00:6C:A1:9D
[15:03:13.647][D][DESK:061]: 9B:04:11:7C:C3:9D
[15:03:13.660][D][KEYPAD:046]: 9B:06:02:00:00:6C:A1:9D
[15:03:13.665][D][DESK:061]: 9B:04:11:7C:C3:9D
[15:03:13.671][D][KEYPAD:046]: 9B:06:02:00:00:6C:A1:9D
[15:03:13.683][D][DESK:061]: 9B:07:12:07:EF:7D:68:A9:9D
[15:03:13.700][D][DESK:061]: 9B:04:11:7C:C3:9D
[15:03:13.705][D][KEYPAD:046]: 9B:06:02:00:00:6C:A1:9D
[15:03:13.727][D][DESK:061]: 9B:04:15:BF:C2:9D
[15:03:13.739][D][DESK:061]: 9B:04:11:7C:C3:9D
[15:03:13.744][D][KEYPAD:046]: 9B:06:02:00:00:6C:A1:9D
[15:03:13.755][D][DESK:061]: 9B:07:12:07:EF:7D:68:A9:9D
[15:03:13.771][D][DESK:061]: 9B:04:11:7C:C3:9D
[15:03:13.777][D][KEYPAD:046]: 9B:06:02:00:00:6C:A1:9D
[15:03:13.801][D][DESK:061]: 9B:04:11:7C:C3:9D
[15:03:13.832][D][KEYPAD:046]: 9B:06:02:00:00:6C:A1:9D
[15:03:13.833][D][DESK:061]: 9B:07:12:07:EF:7D:68:A9:9D
[15:03:13.845][D][DESK:061]: 9B:04:11:7C:C3:9D
[15:03:13.848][D][KEYPAD:046]: 9B:06:02:00:00:6C:A1:9D
[15:03:13.868][D][DESK:061]: 9B:04:11:7C:C3:9D
[15:03:13.877][D][KEYPAD:046]: 9B:06:02:00:00:6C:A1:9D
[15:03:13.887][D][DESK:061]: 9B:07:12:07:EF:7D:68:A9:9D
[15:03:13.907][D][DESK:061]: 9B:04:11:7C:C3:9D
[15:03:13.942][D][KEYPAD:046]: 9B:06:02:00:00:6C:A1:9D
[15:03:13.942][D][DESK:061]: 9B:04:11:7C:C3:9D
[15:03:13.972][D][KEYPAD:046]: 9B:06:02:00:00:6C:A1:9D
[15:03:13.972][D][DESK:061]: 9B:04:11:7C:C3:9D
[15:03:13.972][D][KEYPAD:046]: 9B:06:02:00:00:6C:A1:9D
[15:03:13.972][D][DESK:061]: 9B:07:12:07:EF:7D:68:A9:9D
[15:03:14.045][D][DESK:061]: 9B:04:11:7C:C3:9D
[15:03:14.045][D][KEYPAD:046]: 9B:06:02:00:00:6C:A1:9D
[15:03:14.045][D][DESK:061]: 9B:04:11:7C:C3:9D
[15:03:14.045][D][KEYPAD:046]: 9B:06:02:00:00:6C:A1:9D
[15:03:14.065][D][DESK:061]: 9B:04:11:7C:C3:9D
[15:03:14.066][D][KEYPAD:046]: 9B:06:02:00:00:6C:A1:9D
[15:03:14.066][D][DESK:061]: 9B:07:12:07:EF:7D:68:A9:9D
[15:03:14.075][D][DESK:061]: 9B:04:11:7C:C3:9D
[15:03:14.122][D][KEYPAD:046]: 9B:06:02:00:00:6C:A1:9D
[15:03:14.122][D][DESK:061]: 9B:07:12:07:EF:7D:68:A9:9D
[15:03:14.122][D][DESK:061]: 9B:04:11:7C:C3:9D
[15:03:14.123][D][KEYPAD:046]: 9B:06:02:00:00:6C:A1:9D
[15:03:14.174][D][DESK:061]: 9B:04:11:7C:C3:9D
[15:03:14.175][D][KEYPAD:046]: 9B:06:02:00:00:6C:A1:9D
[15:03:14.175][D][DESK:061]: 9B:04:11:7C:C3:9D
[15:03:14.175][D][KEYPAD:046]: 9B:06:02:00:00:6C:A1:9D
[15:03:14.240][D][DESK:061]: 9B:07:12:07:EF:7D:68:A9:9D
[15:03:14.240][D][DESK:061]: 9B:04:11:7C:C3:9D
[15:03:14.240][D][KEYPAD:046]: 9B:06:02:00:00:6C:A1:9D
[15:03:14.241][D][DESK:061]: 9B:04:11:7C:C3:9D
[15:03:14.273][D][KEYPAD:046]: 9B:06:02:00:00:6C:A1:9D
[15:03:14.273][D][DESK:061]: 9B:04:15:BF:C2:9D
[15:03:14.273][D][DESK:061]: 9B:07:12:07:EF:7D:68:A9:9D
[15:03:14.273][D][DESK:061]: 9B:04:11:7C:C3:9D
[15:03:14.324][D][KEYPAD:046]: 9B:06:02:00:00:6C:A1:9D
[15:03:14.324][D][DESK:061]: 9B:04:11:7C:C3:9D
[15:03:14.324][D][KEYPAD:046]: 9B:06:02:00:00:6C:A1:9D
[15:03:14.324][D][DESK:061]: 9B:07:12:07:EF:7D:68:A9:9D
[15:03:14.366][D][DESK:061]: 9B:04:11:7C:C3:9D
[15:03:14.366][D][KEYPAD:046]: 9B:06:02:00:00:6C:A1:9D
[15:03:14.366][D][DESK:061]: 9B:04:11:7C:C3:9D
[15:03:14.366][D][KEYPAD:046]: 9B:06:02:00:00:6C:A1:9D
[15:03:14.399][D][DESK:061]: 9B:07:12:07:EF:7D:68:A9:9D
[15:03:14.399][D][DESK:061]: 9B:04:11:7C:C3:9D
[15:03:14.464][D][KEYPAD:046]: 9B:06:02:00:00:6C:A1:9D
[15:03:14.464][D][DESK:061]: 9B:07:12:07:EF:7D:68:A9:9D
[15:03:14.464][D][DESK:061]: 9B:04:11:7C:C3:9D
[15:03:14.464][D][KEYPAD:046]: 9B:06:02:00:00:6C:A1:9D
[15:03:14.464][D][DESK:061]: 9B:04:11:7C:C3:9D
[15:03:14.464][D][KEYPAD:046]: 9B:06:02:00:00:6C:A1:9D
[15:03:14.482][D][DESK:061]: 9B:04:11:7C:C3:9D
[15:03:14.531][D][KEYPAD:046]: 9B:06:02:00:00:6C:A1:9D
[15:03:14.531][D][DESK:061]: 9B:07:12:07:EF:7D:68:A9:9D
[15:03:14.531][D][DESK:061]: 9B:04:11:7C:C3:9D
[15:03:14.557][D][KEYPAD:046]: 9B:06:02:00:00:6C:A1:9D
[15:03:14.558][D][DESK:061]: 9B:04:11:7C:C3:9D
[15:03:14.558][D][KEYPAD:046]: 9B:06:02:00:00:6C:A1:9D
[15:03:14.578][D][DESK:061]: 9B:04:11:7C:C3:9D
[15:03:14.650][D][KEYPAD:046]: 9B:06:02:00:00:6C:A1:9D
[15:03:14.650][D][DESK:061]: 9B:07:12:07:EF:7D:68:A9:9D
[15:03:14.650][D][DESK:061]: 9B:04:11:7C:C3:9D
[15:03:14.650][D][KEYPAD:046]: 9B:06:02:00:00:6C:A1:9D
[15:03:14.668][D][DESK:061]: 9B:07:12:07:EF:7D:68:A9:9D
[15:03:14.668][D][DESK:061]: 9B:04:11:7C:C3:9D
[15:03:14.668][D][KEYPAD:046]: 9B:06:02:00:00:6C:A1:9D
[15:03:14.668][D][DESK:061]: 9B:04:11:7C:C3:9D
[15:03:14.699][D][KEYPAD:046]: 9B:06:02:00:00:6C:A1:9D
[15:03:14.705][D][DESK:061]: 9B:07:12:07:EF:7D:68:A9:9D
[15:03:14.724][D][DESK:061]: 9B:04:11:7C:C3:9D
[15:03:14.724][D][KEYPAD:046]: 9B:06:02:00:00:6C:A1:9D
[15:03:14.738][D][DESK:061]: 9B:07:12:07:EF:7D:68:A9:9D
[15:03:14.760][D][DESK:061]: 9B:04:15:BF:C2:9D
[15:03:14.760][D][DESK:061]: 9B:04:11:7C:C3:9D
[15:03:14.760][D][KEYPAD:046]: 9B:06:02:00:00:6C:A1:9D
[15:03:14.781][D][DESK:061]: 9B:04:11:7C:C3:9D
[15:03:14.789][D][KEYPAD:046]: 9B:06:02:00:00:6C:A1:9D
[15:03:14.801][D][DESK:061]: 9B:07:12:07:EF:7D:68:A9:9D
[15:03:14.825][D][DESK:061]: 9B:04:11:7C:C3:9D
[15:03:14.832][D][KEYPAD:046]: 9B:06:02:00:00:6C:A1:9D
[15:03:14.839][D][DESK:061]: 9B:07:12:07:EF:7D:68:A9:9D
[15:03:14.870][D][DESK:061]: 9B:04:11:7C:C3:9D
[15:03:14.870][D][KEYPAD:046]: 9B:06:02:00:00:6C:A1:9D
[15:03:14.901][D][DESK:061]: 9B:04:11:7C:C3:9D
[15:03:14.901][D][KEYPAD:046]: 9B:06:02:00:00:6C:A1:9D
[15:03:14.910][D][DESK:061]: 9B:04:11:7C:C3:9D
[15:03:14.910][D][KEYPAD:046]: 9B:06:02:00:00:6C:A1:9D
[15:03:14.965][D][DESK:061]: 9B:07:12:07:EF:7D:68:A9:9D
[15:03:14.966][D][DESK:061]: 9B:04:11:7C:C3:9D
[15:03:14.966][D][KEYPAD:046]: 9B:06:02:00:00:6C:A1:9D
[15:03:14.966][D][DESK:061]: 9B:04:11:7C:C3:9D
[15:03:15.008][D][KEYPAD:046]: 9B:06:02:00:00:6C:A1:9D
[15:03:15.009][D][DESK:061]: 9B:04:11:7C:C3:9D
[15:03:15.009][D][KEYPAD:046]: 9B:06:02:00:00:6C:A1:9D
[15:03:15.014][D][DESK:061]: 9B:07:12:07:EF:7D:68:A9:9D
[15:03:15.037][D][DESK:061]: 9B:04:11:7C:C3:9D
[15:03:15.038][D][KEYPAD:046]: 9B:06:02:00:00:6C:A1:9D
[15:03:15.066][D][DESK:061]: 9B:07:12:07:EF:7D:68:A9:9D
[15:03:15.080][D][DESK:061]: 9B:04:11:7C:C3:9D
[15:03:15.087][D][KEYPAD:046]: 9B:06:02:00:00:6C:A1:9D
[15:03:15.094][D][DESK:061]: 9B:04:11:7C:C3:9D
[15:03:15.101][D][KEYPAD:046]: 9B:06:02:00:00:6C:A1:9D
[15:03:15.117][D][DESK:061]: 9B:07:12:07:EF:7D:68:A9:9D
[15:03:15.137][D][DESK:061]: 9B:04:11:7C:C3:9D
[15:03:15.142][D][KEYPAD:046]: 9B:06:02:00:00:6C:A1:9D
[15:03:15.162][D][DESK:061]: 9B:07:12:07:EF:7D:68:A9:9D
[15:03:15.170][D][DESK:061]: 9B:04:11:7C:C3:9D
[15:03:15.177][D][KEYPAD:046]: 9B:06:02:00:00:6C:A1:9D
[15:03:15.196][D][DESK:061]: 9B:04:11:7C:C3:9D
[15:03:15.202][D][KEYPAD:046]: 9B:06:02:01:00:FC:A0:9D
[15:03:15.235][D][DESK:061]: 9B:07:12:07:EF:7D:68:A9:9D
[15:03:15.241][D][DESK:061]: 9B:04:11:7C:C3:9D
[15:03:15.248][D][KEYPAD:046]: 9B:06:02:01:00:FC:A0:9D
[15:03:15.262][D][DESK:061]: 9B:04:15:BF:C2:9D
[15:03:15.264][D][DESK:061]: 9B:07:12:07:EF:7D:68:A9:9D
[15:03:15.280][D][DESK:061]: 9B:04:11:7C:C3:9D
[15:03:15.285][D][KEYPAD:046]: 9B:06:02:01:00:FC:A0:9D
[15:03:15.304][D][DESK:061]: 9B:04:11:7C:C3:9D
[15:03:15.310][D][KEYPAD:046]: 9B:06:02:01:00:FC:A0:9D
[15:03:15.323][D][DESK:061]: 9B:07:12:07:EF:7D:68:A9:9D
[15:03:15.341][D][DESK:061]: 9B:04:11:7C:C3:9D
[15:03:15.345][D][KEYPAD:046]: 9B:06:02:01:00:FC:A0:9D
[15:03:15.365][D][DESK:061]: 9B:04:11:7C:C3:9D
[15:03:15.371][D][KEYPAD:046]: 9B:06:02:01:00:FC:A0:9D
[15:03:15.392][D][DESK:061]: 9B:07:12:07:EF:7D:68:A9:9D
[15:03:15.407][D][DESK:061]: 9B:04:11:7C:C3:9D
[15:03:15.414][D][KEYPAD:046]: 9B:06:02:01:00:FC:A0:9D
[15:03:15.439][D][DESK:061]: 9B:04:11:7C:C3:9D
[15:03:15.444][D][KEYPAD:046]: 9B:06:02:01:00:FC:A0:9D
[15:03:15.455][D][DESK:061]: 9B:07:12:07:EF:7D:68:A9:9D
[15:03:15.481][D][DESK:061]: 9B:04:11:7C:C3:9D
[15:03:15.588][D][KEYPAD:046]: 9B:06:02:01:00:FC:A0:9D
[15:03:15.589][D][DESK:061]: 9B:04:11:7C:C3:9D
[15:03:15.589][D][KEYPAD:046]: 9B:06:02:01:00:FC:A0:9D
[15:03:15.589][D][DESK:061]: 9B:07:12:07:EF:7D:68:A9:9D
[15:03:15.589][D][DESK:061]: 9B:04:11:7C:C3:9D
[15:03:15.589][D][KEYPAD:046]: 9B:06:02:01:00:FC:A0:9D
[15:03:15.589][D][DESK:061]: 9B:04:11:7C:C3:9D
[15:03:15.589][D][KEYPAD:046]: 9B:06:02:01:00:FC:A0:9D
[15:03:15.616][D][DESK:061]: 9B:07:12:07:EF:7D:68:A9:9D
[15:03:15.616][D][DESK:061]: 9B:04:11:7C:C3:9D
[15:03:15.616][D][KEYPAD:046]: 9B:06:02:01:00:FC:A0:9D
[15:03:15.625][D][DESK:061]: 9B:04:11:7C:C3:9D
[15:03:15.632][D][KEYPAD:046]: 9B:06:02:01:00:FC:A0:9D
[15:03:15.648][D][DESK:061]: 9B:07:12:07:EF:07:8B:28:9D
[15:03:15.677][D][DESK:061]: 9B:04:11:7C:C3:9D
[15:03:15.677][D][KEYPAD:046]: 9B:06:02:01:00:FC:A0:9D
[15:03:15.688][D][DESK:061]: 9B:04:11:7C:C3:9D
[15:03:15.694][D][KEYPAD:046]: 9B:06:02:01:00:FC:A0:9D
[15:03:15.711][D][DESK:061]: 9B:07:12:07:EF:07:8B:28:9D
[15:03:15.727][D][DESK:061]: 9B:04:11:7C:C3:9D
[15:03:15.776][D][KEYPAD:046]: 9B:06:02:01:00:FC:A0:9D
[15:03:15.776][D][DESK:061]: 9B:04:11:7C:C3:9D
[15:03:15.776][D][KEYPAD:046]: 9B:06:02:01:00:FC:A0:9D
[15:03:15.791][D][DESK:061]: 9B:04:15:BF:C2:9D
[15:03:15.815][D][DESK:061]: 9B:07:12:07:EF:7F:A9:28:9D
[15:03:15.816][D][DESK:061]: 9B:04:11:7C:C3:9D
[15:03:15.816][D][KEYPAD:046]: 9B:06:02:01:00:FC:A0:9D
[15:03:15.816][D][DESK:061]: 9B:04:11:7C:C3:9D
[15:03:15.825][D][KEYPAD:046]: 9B:06:02:01:00:FC:A0:9D
[15:03:15.849][D][DESK:061]: 9B:07:12:07:EF:7F:A9:28:9D
[15:03:15.857][D][DESK:061]: 9B:04:11:7C:C3:9D
[15:03:15.862][D][KEYPAD:046]: 9B:06:02:01:00:FC:A0:9D
[15:03:15.903][D][DESK:061]: 9B:04:11:7C:C3:9D
[15:03:15.903][D][KEYPAD:046]: 9B:06:02:01:00:FC:A0:9D
[15:03:15.921][D][DESK:061]: 9B:07:12:07:EF:6F:65:29:9D
[15:03:15.921][D][DESK:061]: 9B:04:11:7C:C3:9D
[15:03:15.927][D][KEYPAD:046]: 9B:06:02:01:00:FC:A0:9D
[15:03:15.951][D][DESK:061]: 9B:04:11:7C:C3:9D
[15:03:15.962][D][KEYPAD:046]: 9B:06:02:01:00:FC:A0:9D
[15:03:15.983][D][DESK:061]: 9B:07:12:7F:BF:3F:40:95:9D
[15:03:15.991][D][DESK:061]: 9B:04:11:7C:C3:9D
[15:03:15.997][D][KEYPAD:046]: 9B:06:02:01:00:FC:A0:9D
[15:03:16.012][D][DESK:061]: 9B:04:11:7C:C3:9D
[15:03:16.019][D][KEYPAD:046]: 9B:06:02:01:00:FC:A0:9D
[15:03:16.038][D][DESK:061]: 9B:07:12:7F:BF:3F:40:95:9D
[15:03:16.054][D][DESK:061]: 9B:04:11:7C:C3:9D
[15:03:16.062][D][KEYPAD:046]: 9B:06:02:01:00:FC:A0:9D
[15:03:16.081][D][DESK:061]: 9B:04:11:7C:C3:9D
[15:03:16.089][D][KEYPAD:046]: 9B:06:02:01:00:FC:A0:9D
[15:03:16.100][D][DESK:061]: 9B:07:12:7F:BF:06:52:55:9D
[15:03:16.115][D][DESK:061]: 9B:04:11:7C:C3:9D
[15:03:16.121][D][KEYPAD:046]: 9B:06:02:01:00:FC:A0:9D
[15:03:16.156][D][DESK:061]: 9B:04:11:7C:C3:9D
[15:03:16.160][D][KEYPAD:046]: 9B:06:02:00:00:6C:A1:9D
[15:03:16.167][D][DESK:061]: 9B:07:12:7F:BF:5B:AB:94:9D
[15:03:16.184][D][DESK:061]: 9B:04:11:7C:C3:9D
[15:03:16.191][D][KEYPAD:046]: 9B:06:02:00:00:6C:A1:9D
[15:03:16.208][D][DESK:061]: 9B:04:11:7C:C3:9D
[15:03:16.222][D][KEYPAD:046]: 9B:06:02:00:00:6C:A1:9D
[15:03:16.233][D][DESK:061]: 9B:07:12:7F:BF:4F:A4:94:9D
[15:03:16.258][D][DESK:061]: 9B:04:11:7C:C3:9D
[15:03:16.262][D][KEYPAD:046]: 9B:06:02:00:00:6C:A1:9D
[15:03:16.271][D][DESK:061]: 9B:04:15:BF:C2:9D
[15:03:16.286][D][DESK:061]: 9B:04:11:7C:C3:9D
[15:03:16.293][D][KEYPAD:046]: 9B:06:02:00:00:6C:A1:9D
[15:03:16.304][D][DESK:061]: 9B:07:12:7F:BF:4F:A4:94:9D
[15:03:16.321][D][DESK:061]: 9B:04:11:7C:C3:9D
[15:03:16.326][D][KEYPAD:046]: 9B:06:02:00:00:6C:A1:9D
[15:03:16.347][D][DESK:061]: 9B:04:11:7C:C3:9D
[15:03:16.362][D][KEYPAD:046]: 9B:06:02:00:00:6C:A1:9D
[15:03:16.369][D][DESK:061]: 9B:07:12:7F:BF:66:7A:55:9D
[15:03:16.389][D][DESK:061]: 9B:04:11:7C:C3:9D
[15:03:16.394][D][KEYPAD:046]: 9B:06:02:00:00:6C:A1:9D
[15:03:16.411][D][DESK:061]: 9B:04:11:7C:C3:9D
[15:03:16.421][D][KEYPAD:046]: 9B:06:02:00:00:6C:A1:9D
[15:03:16.433][D][DESK:061]: 9B:07:12:7F:BF:6D:BD:14:9D
[15:03:16.448][D][DESK:061]: 9B:04:11:7C:C3:9D
[15:03:16.467][D][KEYPAD:046]: 9B:06:02:00:00:6C:A1:9D
[15:03:16.474][D][DESK:061]: 9B:04:11:7C:C3:9D
[15:03:16.493][D][KEYPAD:046]: 9B:06:02:00:00:6C:A1:9D
[15:03:16.499][D][DESK:061]: 9B:07:12:7F:BF:6D:BD:14:9D
[15:03:16.513][D][DESK:061]: 9B:04:11:7C:C3:9D
[15:03:16.529][D][KEYPAD:046]: 9B:06:02:00:00:6C:A1:9D
[15:03:16.538][D][DESK:061]: 9B:04:11:7C:C3:9D
[15:03:16.544][D][KEYPAD:046]: 9B:06:02:00:00:6C:A1:9D
[15:03:16.569][D][DESK:061]: 9B:07:12:7F:BF:7D:71:15:9D
[15:03:16.598][D][DESK:061]: 9B:04:11:7C:C3:9D
[15:03:16.599][D][KEYPAD:046]: 9B:06:02:00:00:6C:A1:9D
[15:03:16.614][D][DESK:061]: 9B:04:11:7C:C3:9D
[15:03:16.614][D][KEYPAD:046]: 9B:06:02:00:00:6C:A1:9D
[15:03:16.639][D][DESK:061]: 9B:07:12:7F:BF:7D:71:15:9D
[15:03:16.640][D][DESK:061]: 9B:04:11:7C:C3:9D
[15:03:16.645][D][KEYPAD:046]: 9B:06:02:00:00:6C:A1:9D
[15:03:16.676][D][DESK:061]: 9B:04:11:7C:C3:9D
[15:03:16.682][D][KEYPAD:046]: 9B:06:02:00:00:6C:A1:9D
[15:03:16.698][D][DESK:061]: 9B:07:12:7F:BF:7D:71:15:9D
[15:03:16.704][D][DESK:061]: 9B:04:11:7C:C3:9D
[15:03:16.722][D][KEYPAD:046]: 9B:06:02:00:00:6C:A1:9D
[15:03:16.727][D][DESK:061]: 9B:04:11:7C:C3:9D
[15:03:16.737][D][KEYPAD:046]: 9B:06:02:00:00:6C:A1:9D
[15:03:16.754][D][DESK:061]: 9B:07:12:7F:BF:7D:71:15:9D
[15:03:16.770][D][DESK:061]: 9B:04:11:7C:C3:9D
[15:03:16.779][D][KEYPAD:046]: 9B:06:02:00:00:6C:A1:9D
[15:03:16.798][D][DESK:061]: 9B:04:15:BF:C2:9D
[15:03:16.802][D][DESK:061]: 9B:04:11:7C:C3:9D
[15:03:16.826][D][KEYPAD:046]: 9B:06:02:00:00:6C:A1:9D
[15:03:16.826][D][DESK:061]: 9B:07:12:7F:BF:7D:71:15:9D
[15:03:16.834][D][DESK:061]: 9B:04:11:7C:C3:9D
[15:03:16.840][D][KEYPAD:046]: 9B:06:02:00:00:6C:A1:9D
[15:03:16.860][D][DESK:061]: 9B:04:11:7C:C3:9D
[15:03:16.876][D][KEYPAD:046]: 9B:06:02:00:00:6C:A1:9D
[15:03:16.885][D][DESK:061]: 9B:04:11:7C:C3:9D
[15:03:16.901][D][KEYPAD:046]: 9B:06:02:00:00:6C:A1:9D
[15:03:16.905][D][DESK:061]: 9B:07:12:7F:BF:7D:71:15:9D
[15:03:16.922][D][DESK:061]: 9B:04:11:7C:C3:9D
[15:03:16.927][D][KEYPAD:046]: 9B:06:02:00:00:6C:A1:9D
[15:03:16.947][D][DESK:061]: 9B:04:11:7C:C3:9D
[15:03:16.951][D][KEYPAD:046]: 9B:06:02:00:00:6C:A1:9D
[15:03:16.986][D][DESK:061]: 9B:04:11:7C:C3:9D
[15:03:16.987][D][KEYPAD:046]: 9B:06:02:00:00:6C:A1:9D
[15:03:17.010][D][DESK:061]: 9B:07:12:7F:BF:7D:71:15:9D
[15:03:17.030][D][DESK:061]: 9B:04:11:7C:C3:9D
[15:03:17.031][D][KEYPAD:046]: 9B:06:02:00:00:6C:A1:9D
[15:03:17.031][D][DESK:061]: 9B:04:11:7C:C3:9D
[15:03:17.035][D][KEYPAD:046]: 9B:06:02:00:00:6C:A1:9D
[15:03:17.046][D][DESK:061]: 9B:07:12:7F:BF:7D:71:15:9D
[15:03:17.061][D][DESK:061]: 9B:04:11:7C:C3:9D
[15:03:17.079][D][KEYPAD:046]: 9B:06:02:00:00:6C:A1:9D
[15:03:17.086][D][DESK:061]: 9B:04:11:7C:C3:9D
[15:03:17.106][D][KEYPAD:046]: 9B:06:02:00:00:6C:A1:9D
[15:03:17.124][D][DESK:061]: 9B:07:12:7F:BF:7D:71:15:9D
[15:03:17.131][D][DESK:061]: 9B:04:11:7C:C3:9D
[15:03:17.137][D][KEYPAD:046]: 9B:06:02:00:00:6C:A1:9D
[15:03:17.154][D][DESK:061]: 9B:07:12:7F:BF:7D:71:15:9D
[15:03:17.180][D][DESK:061]: 9B:04:11:7C:C3:9D
[15:03:17.180][D][KEYPAD:046]: 9B:06:02:00:00:6C:A1:9D
[15:03:17.208][D][DESK:061]: 9B:04:11:7C:C3:9D
[15:03:17.222][D][KEYPAD:046]: 9B:06:02:00:00:6C:A1:9D
[15:03:17.227][D][DESK:061]: 9B:07:12:7F:BF:7D:71:15:9D
[15:03:17.237][D][DESK:061]: 9B:04:11:7C:C3:9D
[15:03:17.248][D][KEYPAD:046]: 9B:06:02:00:00:6C:A1:9D
[15:03:17.264][D][DESK:061]: 9B:07:12:7F:BF:7D:71:15:9D
[15:03:17.284][D][DESK:061]: 9B:04:11:7C:C3:9D
[15:03:17.286][D][KEYPAD:046]: 9B:06:02:00:00:6C:A1:9D
[15:03:17.292][D][DESK:061]: 9B:04:15:BF:C2:9D
[15:03:17.313][D][DESK:061]: 9B:04:11:7C:C3:9D
[15:03:17.324][D][KEYPAD:046]: 9B:06:02:00:00:6C:A1:9D
[15:03:17.331][D][DESK:061]: 9B:07:12:7F:BF:7D:71:15:9D
[15:03:17.346][D][DESK:061]: 9B:04:11:7C:C3:9D
[15:03:17.355][D][KEYPAD:046]: 9B:06:02:00:00:6C:A1:9D
[15:03:17.369][D][DESK:061]: 9B:07:12:7F:BF:7D:71:15:9D
[15:03:17.390][D][DESK:061]: 9B:04:11:7C:C3:9D
[15:03:17.394][D][KEYPAD:046]: 9B:06:02:00:00:6C:A1:9D
[15:03:17.416][D][DESK:061]: 9B:04:11:7C:C3:9D
[15:03:17.425][D][KEYPAD:046]: 9B:06:02:00:00:6C:A1:9D
[15:03:17.436][D][DESK:061]: 9B:04:11:7C:C3:9D
[15:03:17.441][D][KEYPAD:046]: 9B:06:02:00:00:6C:A1:9D
[15:03:17.454][D][DESK:061]: 9B:07:12:7F:BF:7D:71:15:9D
[15:03:17.471][D][DESK:061]: 9B:04:11:7C:C3:9D
[15:03:17.487][D][KEYPAD:046]: 9B:06:02:00:00:6C:A1:9D
[15:03:17.495][D][DESK:061]: 9B:04:11:7C:C3:9D
[15:03:17.501][D][KEYPAD:046]: 9B:06:02:00:00:6C:A1:9D
[15:03:17.524][D][DESK:061]: 9B:07:12:7F:BF:7D:71:15:9D
[15:03:17.537][D][DESK:061]: 9B:04:11:7C:C3:9D
[15:03:17.543][D][KEYPAD:046]: 9B:06:02:00:00:6C:A1:9D
[15:03:17.563][D][DESK:061]: 9B:04:11:7C:C3:9D
[15:03:17.570][D][KEYPAD:046]: 9B:06:02:00:00:6C:A1:9D
[15:03:17.590][D][DESK:061]: 9B:07:12:7F:BF:7D:71:15:9D
[15:03:17.596][D][DESK:061]: 9B:04:11:7C:C3:9D
[15:03:17.602][D][KEYPAD:046]: 9B:06:02:00:00:6C:A1:9D
[15:03:17.625][D][DESK:061]: 9B:04:11:7C:C3:9D
[15:03:17.629][D][KEYPAD:046]: 9B:06:02:00:00:6C:A1:9D
[15:03:17.647][D][DESK:061]: 9B:04:11:7C:C3:9D
[15:03:17.653][D][KEYPAD:046]: 9B:06:02:00:00:6C:A1:9D
[15:03:17.667][D][DESK:061]: 9B:07:12:7F:BF:7D:71:15:9D
[15:03:17.692][D][DESK:061]: 9B:04:11:7C:C3:9D
[15:03:17.696][D][KEYPAD:046]: 9B:06:02:00:00:6C:A1:9D
[15:03:17.705][D][DESK:061]: 9B:04:11:7C:C3:9D
[15:03:17.730][D][KEYPAD:046]: 9B:06:02:00:00:6C:A1:9D
[15:03:17.730][D][DESK:061]: 9B:04:11:7C:C3:9D
[15:03:17.769][D][KEYPAD:046]: 9B:06:02:00:00:6C:A1:9D
[15:03:17.769][D][DESK:061]: 9B:07:12:7F:BF:7D:71:15:9D
[15:03:17.769][D][DESK:061]: 9B:04:11:7C:C3:9D
[15:03:17.769][D][KEYPAD:046]: 9B:06:02:00:00:6C:A1:9D
[15:03:17.836][D][DESK:061]: 9B:07:12:7F:BF:7D:71:15:9D
[15:03:17.836][D][DESK:061]: 9B:04:15:BF:C2:9D
[15:03:17.836][D][DESK:061]: 9B:04:11:7C:C3:9D
[15:03:17.837][D][KEYPAD:046]: 9B:06:02:00:00:6C:A1:9D
[15:03:17.861][D][DESK:061]: 9B:04:11:7C:C3:9D
[15:03:17.861][D][KEYPAD:046]: 9B:06:02:00:00:6C:A1:9D
[15:03:17.861][D][DESK:061]: 9B:07:12:7F:BF:7D:71:15:9D
[15:03:17.874][D][DESK:061]: 9B:04:11:7C:C3:9D
[15:03:17.905][D][KEYPAD:046]: 9B:06:02:00:00:6C:A1:9D
[15:03:17.906][D][DESK:061]: 9B:07:12:7F:BF:7D:71:15:9D
[15:03:17.926][D][DESK:061]: 9B:04:11:7C:C3:9D
[15:03:17.926][D][KEYPAD:046]: 9B:06:02:00:00:6C:A1:9D
[15:03:17.940][D][DESK:061]: 9B:04:11:7C:C3:9D
[15:03:17.946][D][KEYPAD:046]: 9B:06:02:00:00:6C:A1:9D
[15:03:17.964][D][DESK:061]: 9B:04:11:7C:C3:9D
[15:03:17.971][D][KEYPAD:046]: 9B:06:02:00:00:6C:A1:9D
[15:03:17.987][D][DESK:061]: 9B:07:12:7F:BF:7D:71:15:9D
[15:03:18.027][D][DESK:061]: 9B:04:11:7C:C3:9D
[15:03:18.028][D][KEYPAD:046]: 9B:06:02:00:00:6C:A1:9D
[15:03:18.028][D][DESK:061]: 9B:04:11:7C:C3:9D
[15:03:18.087][D][KEYPAD:046]: 9B:06:02:00:00:6C:A1:9D
[15:03:18.088][D][DESK:061]: 9B:07:12:7F:BF:7D:71:15:9D
[15:03:18.088][D][DESK:061]: 9B:04:11:7C:C3:9D
[15:03:18.088][D][KEYPAD:046]: 9B:06:02:00:00:6C:A1:9D
[15:03:18.130][D][DESK:061]: 9B:04:11:7C:C3:9D
[15:03:18.134][D][KEYPAD:046]: 9B:06:02:00:00:6C:A1:9D
[15:03:18.134][D][DESK:061]: 9B:07:12:7F:BF:7D:71:15:9D
[15:03:18.134][D][DESK:061]: 9B:04:11:7C:C3:9D
[15:03:18.159][D][KEYPAD:046]: 9B:06:02:00:00:6C:A1:9D
[15:03:18.160][D][DESK:061]: 9B:04:11:7C:C3:9D
[15:03:18.160][D][KEYPAD:046]: 9B:06:02:00:00:6C:A1:9D
[15:03:18.175][D][DESK:061]: 9B:04:11:7C:C3:9D
[15:03:18.183][D][KEYPAD:046]: 9B:06:02:00:00:6C:A1:9D
[15:03:18.206][D][DESK:061]: 9B:07:12:7F:BF:7D:71:15:9D
[15:03:18.216][D][DESK:061]: 9B:04:11:7C:C3:9D
[15:03:18.216][D][KEYPAD:046]: 9B:06:02:00:00:6C:A1:9D
[15:03:18.238][D][DESK:061]: 9B:04:11:7C:C3:9D
[15:03:18.242][D][KEYPAD:046]: 9B:06:02:00:00:6C:A1:9D
[15:03:18.259][D][DESK:061]: 9B:04:11:7C:C3:9D
[15:03:18.265][D][KEYPAD:046]: 9B:06:02:00:00:6C:A1:9D
[15:03:18.278][D][DESK:061]: 9B:07:12:7F:BF:7D:71:15:9D
[15:03:18.292][D][DESK:061]: 9B:04:11:7C:C3:9D
[15:03:18.307][D][KEYPAD:046]: 9B:06:02:00:00:6C:A1:9D
[15:03:18.307][D][DESK:061]: 9B:04:15:BF:C2:9D
[15:03:18.341][D][DESK:061]: 9B:07:12:7F:BF:7D:71:15:9D
[15:03:18.341][D][DESK:061]: 9B:04:11:7C:C3:9D
[15:03:18.345][D][KEYPAD:046]: 9B:06:02:00:00:6C:A1:9D
[15:03:18.359][D][DESK:061]: 9B:04:11:7C:C3:9D
[15:03:18.365][D][KEYPAD:046]: 9B:06:02:00:00:6C:A1:9D
[15:03:18.387][D][DESK:061]: 9B:07:12:7F:BF:7D:71:15:9D
[15:03:18.409][D][DESK:061]: 9B:04:11:7C:C3:9D
[15:03:18.409][D][KEYPAD:046]: 9B:06:02:00:00:6C:A1:9D
[15:03:18.437][D][DESK:061]: 9B:07:12:7F:BF:7D:71:15:9D
[15:03:18.447][D][DESK:061]: 9B:04:11:7C:C3:9D
[15:03:18.453][D][KEYPAD:046]: 9B:06:02:02:00:0C:A0:9D
[15:03:18.468][D][DESK:061]: 9B:04:11:7C:C3:9D
[15:03:18.475][D][KEYPAD:046]: 9B:06:02:02:00:0C:A0:9D
[15:03:18.494][D][DESK:061]: 9B:07:12:7F:BF:7D:71:15:9D
[15:03:18.511][D][DESK:061]: 9B:04:11:7C:C3:9D
[15:03:18.516][D][KEYPAD:046]: 9B:06:02:02:00:0C:A0:9D
[15:03:18.540][D][DESK:061]: 9B:04:11:7C:C3:9D
[15:03:18.553][D][KEYPAD:046]: 9B:06:02:02:00:0C:A0:9D
[15:03:18.562][D][DESK:061]: 9B:07:12:7F:BF:7D:71:15:9D
[15:03:18.572][D][DESK:061]: 9B:04:11:7C:C3:9D
[15:03:18.576][D][KEYPAD:046]: 9B:06:02:00:00:6C:A1:9D
[15:03:18.598][D][DESK:061]: 9B:04:11:7C:C3:9D
[15:03:18.615][D][KEYPAD:046]: 9B:06:02:00:00:6C:A1:9D
[15:03:18.622][D][DESK:061]: 9B:07:12:7F:BF:7D:71:15:9D
[15:03:18.642][D][DESK:061]: 9B:04:11:7C:C3:9D
[15:03:18.646][D][KEYPAD:046]: 9B:06:02:00:00:6C:A1:9D
[15:03:18.663][D][DESK:061]: 9B:04:11:7C:C3:9D
[15:03:18.672][D][KEYPAD:046]: 9B:06:02:00:00:6C:A1:9D
[15:03:18.689][D][DESK:061]: 9B:07:12:7F:BF:7D:71:15:9D
[15:03:18.702][D][DESK:061]: 9B:04:11:7C:C3:9D
[15:03:18.717][D][KEYPAD:046]: 9B:06:02:00:00:6C:A1:9D
[15:03:18.729][D][DESK:061]: 9B:04:11:7C:C3:9D
[15:03:18.745][D][KEYPAD:046]: 9B:06:02:00:00:6C:A1:9D
[15:03:18.751][D][DESK:061]: 9B:07:12:7F:BF:6D:BD:14:9D
[15:03:18.767][D][DESK:061]: 9B:04:11:7C:C3:9D
[15:03:18.773][D][KEYPAD:046]: 9B:06:02:00:00:6C:A1:9D
[15:03:18.792][D][DESK:061]: 9B:04:11:7C:C3:9D
[15:03:18.798][D][KEYPAD:046]: 9B:06:02:00:00:6C:A1:9D
[15:03:18.823][D][DESK:061]: 9B:04:15:BF:C2:9D
[15:03:18.823][D][DESK:061]: 9B:07:12:7F:BF:6D:BD:14:9D
[15:03:18.848][D][DESK:061]: 9B:04:11:7C:C3:9D
[15:03:18.852][D][KEYPAD:046]: 9B:06:02:00:00:6C:A1:9D
[15:03:18.860][D][DESK:061]: 9B:04:11:7C:C3:9D
[15:03:18.867][D][KEYPAD:046]: 9B:06:02:00:00:6C:A1:9D
[15:03:18.889][D][DESK:061]: 9B:07:12:7F:BF:6D:BD:14:9D
[15:03:18.906][D][DESK:061]: 9B:04:11:7C:C3:9D
[15:03:18.925][D][KEYPAD:046]: 9B:06:02:00:00:6C:A1:9D
[15:03:18.933][D][DESK:061]: 9B:04:11:7C:C3:9D
[15:03:18.950][D][KEYPAD:046]: 9B:06:02:00:00:6C:A1:9D
[15:03:18.954][D][DESK:061]: 9B:07:12:7F:BF:6D:BD:14:9D
[15:03:18.968][D][DESK:061]: 9B:04:11:7C:C3:9D
[15:03:18.978][D][KEYPAD:046]: 9B:06:02:00:00:6C:A1:9D
[15:03:18.994][D][DESK:061]: 9B:04:11:7C:C3:9D
[15:03:19.002][D][KEYPAD:046]: 9B:06:02:00:00:6C:A1:9D
[15:03:19.023][D][DESK:061]: 9B:07:12:7F:BF:6D:BD:14:9D
[15:03:19.038][D][DESK:061]: 9B:04:11:7C:C3:9D
[15:03:19.058][D][KEYPAD:046]: 9B:06:02:00:00:6C:A1:9D
[15:03:19.063][D][DESK:061]: 9B:04:11:7C:C3:9D
[15:03:19.071][D][KEYPAD:046]: 9B:06:02:00:00:6C:A1:9D
[15:03:19.081][D][DESK:061]: 9B:07:12:7F:BF:6D:BD:14:9D
[15:03:19.096][D][DESK:061]: 9B:04:11:7C:C3:9D
[15:03:19.102][D][KEYPAD:046]: 9B:06:02:00:00:6C:A1:9D
[15:03:19.126][D][DESK:061]: 9B:04:11:7C:C3:9D
[15:03:19.128][D][KEYPAD:046]: 9B:06:02:00:00:6C:A1:9D
[15:03:19.140][D][DESK:061]: 9B:07:12:7F:BF:6D:BD:14:9D
[15:03:19.157][D][DESK:061]: 9B:04:11:7C:C3:9D
[15:03:19.162][D][KEYPAD:046]: 9B:06:02:00:00:6C:A1:9D
[15:03:19.184][D][DESK:061]: 9B:04:11:7C:C3:9D
[15:03:19.188][D][KEYPAD:046]: 9B:06:02:00:00:6C:A1:9D
[15:03:19.210][D][DESK:061]: 9B:07:12:7F:BF:6D:BD:14:9D
[15:03:19.230][D][DESK:061]: 9B:04:11:7C:C3:9D
[15:03:19.235][D][KEYPAD:046]: 9B:06:02:00:00:6C:A1:9D
[15:03:19.257][D][DESK:061]: 9B:04:11:7C:C3:9D
[15:03:19.263][D][KEYPAD:046]: 9B:06:02:00:00:6C:A1:9D
[15:03:19.277][D][DESK:061]: 9B:04:11:7C:C3:9D
[15:03:19.282][D][KEYPAD:046]: 9B:06:02:00:00:6C:A1:9D
[15:03:19.296][D][DESK:061]: 9B:07:12:7F:BF:6D:BD:14:9D
[15:03:19.310][D][DESK:061]: 9B:04:11:7C:C3:9D
[15:03:19.331][D][KEYPAD:046]: 9B:06:02:00:00:6C:A1:9D
[15:03:19.331][D][DESK:061]: 9B:04:15:BF:C2:9D
[15:03:19.341][D][DESK:061]: 9B:04:11:7C:C3:9D
[15:03:19.360][D][KEYPAD:046]: 9B:06:02:00:00:6C:A1:9D
[15:03:19.364][D][DESK:061]: 9B:07:12:7F:BF:6D:BD:14:9D
[15:03:19.372][D][DESK:061]: 9B:04:11:7C:C3:9D
[15:03:19.383][D][KEYPAD:046]: 9B:06:02:00:00:6C:A1:9D
[15:03:19.399][D][DESK:061]: 9B:04:11:7C:C3:9D
[15:03:19.406][D][KEYPAD:046]: 9B:06:02:00:00:6C:A1:9D
[15:03:19.433][D][DESK:061]: 9B:04:11:7C:C3:9D
[15:03:19.441][D][KEYPAD:046]: 9B:06:02:00:00:6C:A1:9D
[15:03:19.448][D][DESK:061]: 9B:07:12:7F:BF:6D:BD:14:9D
[15:03:19.464][D][DESK:061]: 9B:04:11:7C:C3:9D
[15:03:19.464][D][KEYPAD:046]: 9B:06:02:00:00:6C:A1:9D
[15:03:19.482][D][DESK:061]: 9B:04:11:7C:C3:9D
[15:03:19.489][D][KEYPAD:046]: 9B:06:02:00:00:6C:A1:9D
[15:03:19.503][D][DESK:061]: 9B:07:12:7F:BF:6D:BD:14:9D
[15:03:19.517][D][DESK:061]: 9B:04:11:7C:C3:9D
[15:03:19.546][D][KEYPAD:046]: 9B:06:02:00:00:6C:A1:9D
[15:03:19.546][D][DESK:061]: 9B:04:11:7C:C3:9D
[15:03:19.550][D][KEYPAD:046]: 9B:06:02:00:00:6C:A1:9D
[15:03:19.568][D][DESK:061]: 9B:04:11:7C:C3:9D
[15:03:19.577][D][KEYPAD:046]: 9B:06:02:00:00:6C:A1:9D
[15:03:19.589][D][DESK:061]: 9B:07:12:7F:BF:6D:BD:14:9D
[15:03:19.600][D][DESK:061]: 9B:04:11:7C:C3:9D
[15:03:19.608][D][KEYPAD:046]: 9B:06:02:00:00:6C:A1:9D
[15:03:19.638][D][DESK:061]: 9B:04:11:7C:C3:9D
[15:03:19.641][D][KEYPAD:046]: 9B:06:02:00:00:6C:A1:9D
[15:03:19.667][D][DESK:061]: 9B:07:12:7F:BF:6D:BD:14:9D
[15:03:19.676][D][DESK:061]: 9B:04:11:7C:C3:9D
[15:03:19.676][D][KEYPAD:046]: 9B:06:02:00:00:6C:A1:9D
[15:03:19.695][D][DESK:061]: 9B:04:11:7C:C3:9D
[15:03:19.701][D][KEYPAD:046]: 9B:06:02:00:00:6C:A1:9D
[15:03:19.714][D][DESK:061]: 9B:07:12:7F:BF:6D:BD:14:9D
[15:03:19.740][D][DESK:061]: 9B:04:11:7C:C3:9D
[15:03:19.748][D][KEYPAD:046]: 9B:06:02:00:00:6C:A1:9D
[15:03:19.771][D][DESK:061]: 9B:04:11:7C:C3:9D
[15:03:19.776][D][KEYPAD:046]: 9B:06:02:00:00:6C:A1:9D
[15:03:19.785][D][DESK:061]: 9B:07:12:7F:BF:6D:BD:14:9D
[15:03:19.801][D][DESK:061]: 9B:04:11:7C:C3:9D
[15:03:19.807][D][KEYPAD:046]: 9B:06:02:00:00:6C:A1:9D
[15:03:19.843][D][DESK:061]: 9B:07:12:7F:BF:6D:BD:14:9D
[15:03:19.843][D][DESK:061]: 9B:04:15:BF:C2:9D
[15:03:19.852][D][DESK:061]: 9B:04:11:7C:C3:9D
[15:03:19.875][D][KEYPAD:046]: 9B:06:02:00:00:6C:A1:9D
[15:03:19.876][D][DESK:061]: 9B:04:11:7C:C3:9D
[15:03:19.876][D][KEYPAD:046]: 9B:06:02:00:00:6C:A1:9D
[15:03:19.890][D][DESK:061]: 9B:07:12:7F:BF:6D:BD:14:9D
[15:03:19.905][D][DESK:061]: 9B:04:11:7C:C3:9D
[15:03:19.913][D][KEYPAD:046]: 9B:06:02:00:00:6C:A1:9D
[15:03:19.930][D][DESK:061]: 9B:07:12:7F:BF:6D:BD:14:9D
[15:03:19.945][D][DESK:061]: 9B:04:11:7C:C3:9D
[15:03:19.953][D][KEYPAD:046]: 9B:06:02:00:00:6C:A1:9D
[15:03:19.973][D][DESK:061]: 9B:04:11:7C:C3:9D
[15:03:19.979][D][KEYPAD:046]: 9B:06:02:00:00:6C:A1:9D
[15:03:19.995][D][DESK:061]: 9B:04:11:7C:C3:9D
[15:03:20.003][D][KEYPAD:046]: 9B:06:02:00:00:6C:A1:9D
[15:03:20.016][D][DESK:061]: 9B:07:12:7F:BF:6D:BD:14:9D
[15:03:20.026][D][DESK:061]: 9B:04:11:7C:C3:9D
[15:03:20.050][D][KEYPAD:046]: 9B:06:02:00:00:6C:A1:9D
[15:03:20.055][D][DESK:061]: 9B:04:11:7C:C3:9D
[15:03:20.078][D][KEYPAD:046]: 9B:06:02:00:00:6C:A1:9D
[15:03:20.078][D][DESK:061]: 9B:04:11:7C:C3:9D
[15:03:20.085][D][KEYPAD:046]: 9B:06:02:00:00:6C:A1:9D
[15:03:20.097][D][DESK:061]: 9B:07:12:7F:BF:6D:BD:14:9D
[15:03:20.111][D][DESK:061]: 9B:04:11:7C:C3:9D
[15:03:20.117][D][KEYPAD:046]: 9B:06:02:00:00:6C:A1:9D
[15:03:20.150][D][DESK:061]: 9B:07:12:7F:BF:6D:BD:14:9D
[15:03:20.154][D][DESK:061]: 9B:04:11:7C:C3:9D
[15:03:20.160][D][KEYPAD:046]: 9B:06:02:00:00:6C:A1:9D
[15:03:20.179][D][DESK:061]: 9B:04:11:7C:C3:9D
[15:03:20.185][D][KEYPAD:046]: 9B:06:02:00:00:6C:A1:9D
[15:03:20.206][D][DESK:061]: 9B:07:12:7F:BF:6D:BD:14:9D
[15:03:20.227][D][DESK:061]: 9B:04:11:7C:C3:9D
[15:03:20.227][D][KEYPAD:046]: 9B:06:02:00:00:6C:A1:9D
[15:03:20.252][D][DESK:061]: 9B:07:12:7F:BF:6D:BD:14:9D
[15:03:20.261][D][DESK:061]: 9B:04:11:7C:C3:9D
[15:03:20.281][D][KEYPAD:046]: 9B:06:02:00:00:6C:A1:9D
[15:03:20.288][D][DESK:061]: 9B:04:11:7C:C3:9D
[15:03:20.296][D][KEYPAD:046]: 9B:06:02:00:00:6C:A1:9D
[15:03:20.314][D][DESK:061]: 9B:07:12:7F:BF:6D:BD:14:9D
[15:03:20.331][D][DESK:061]: 9B:04:11:7C:C3:9D
[15:03:20.336][D][KEYPAD:046]: 9B:06:02:02:00:0C:A0:9D
[15:03:20.354][D][DESK:061]: 9B:04:15:BF:C2:9D
[15:03:20.359][D][DESK:061]: 9B:07:12:7F:BF:6D:BD:14:9D
[15:03:20.368][D][DESK:061]: 9B:04:11:7C:C3:9D
[15:03:20.383][D][KEYPAD:046]: 9B:06:02:02:00:0C:A0:9D
[15:03:20.395][D][DESK:061]: 9B:04:11:7C:C3:9D
[15:03:20.402][D][KEYPAD:046]: 9B:06:02:02:00:0C:A0:9D
[15:03:20.420][D][DESK:061]: 9B:04:11:7C:C3:9D
[15:03:20.426][D][KEYPAD:046]: 9B:06:02:02:00:0C:A0:9D
[15:03:20.437][D][DESK:061]: 9B:07:12:7F:BF:6D:BD:14:9D
[15:03:20.457][D][DESK:061]: 9B:04:11:7C:C3:9D
[15:03:20.460][D][KEYPAD:046]: 9B:06:02:02:00:0C:A0:9D
[15:03:20.487][D][DESK:061]: 9B:04:11:7C:C3:9D
[15:03:20.492][D][KEYPAD:046]: 9B:06:02:02:00:0C:A0:9D
[15:03:20.501][D][DESK:061]: 9B:07:12:7F:BF:6D:BD:14:9D
[15:03:20.519][D][DESK:061]: 9B:04:11:7C:C3:9D
[15:03:20.522][D][KEYPAD:046]: 9B:06:02:02:00:0C:A0:9D
[15:03:20.543][D][DESK:061]: 9B:04:11:7C:C3:9D
[15:03:20.559][D][KEYPAD:046]: 9B:06:02:02:00:0C:A0:9D
[15:03:20.564][D][DESK:061]: 9B:07:12:7F:BF:6D:BD:14:9D
[15:03:20.590][D][DESK:061]: 9B:04:11:7C:C3:9D
[15:03:20.716][D][KEYPAD:046]: 9B:06:02:02:00:0C:A0:9D
[15:03:20.716][D][DESK:061]: 9B:04:11:7C:C3:9D
[15:03:20.716][D][KEYPAD:046]: 9B:06:02:02:00:0C:A0:9D
[15:03:20.716][D][DESK:061]: 9B:07:12:7F:BF:6D:BD:14:9D
[15:03:20.716][D][DESK:061]: 9B:04:11:7C:C3:9D
[15:03:20.717][D][KEYPAD:046]: 9B:06:02:02:00:0C:A0:9D
[15:03:20.717][D][DESK:061]: 9B:04:11:7C:C3:9D
[15:03:20.717][D][KEYPAD:046]: 9B:06:02:02:00:0C:A0:9D
[15:03:20.735][D][DESK:061]: 9B:07:12:7F:BF:66:7A:55:9D
[15:03:20.735][D][DESK:061]: 9B:04:11:7C:C3:9D
[15:03:20.735][D][KEYPAD:046]: 9B:06:02:02:00:0C:A0:9D
[15:03:20.735][D][DESK:061]: 9B:04:11:7C:C3:9D
[15:03:20.747][D][KEYPAD:046]: 9B:06:02:02:00:0C:A0:9D
[15:03:20.764][D][DESK:061]: 9B:07:12:7F:BF:66:7A:55:9D
[15:03:20.774][D][DESK:061]: 9B:04:11:7C:C3:9D
[15:03:20.775][D][KEYPAD:046]: 9B:06:02:02:00:0C:A0:9D
[15:03:20.798][D][DESK:061]: 9B:04:11:7C:C3:9D
[15:03:20.806][D][KEYPAD:046]: 9B:06:02:02:00:0C:A0:9D
[15:03:20.818][D][DESK:061]: 9B:07:12:7F:BF:66:7A:55:9D
[15:03:20.833][D][DESK:061]: 9B:04:11:7C:C3:9D
[15:03:20.841][D][KEYPAD:046]: 9B:06:02:02:00:0C:A0:9D
[15:03:20.848][D][DESK:061]: 9B:04:15:BF:C2:9D
[15:03:20.867][D][DESK:061]: 9B:04:11:7C:C3:9D
[15:03:20.871][D][KEYPAD:046]: 9B:06:02:02:00:0C:A0:9D
[15:03:20.895][D][DESK:061]: 9B:07:12:7F:BF:4F:A4:94:9D
[15:03:20.899][D][DESK:061]: 9B:04:11:7C:C3:9D
[15:03:20.904][D][KEYPAD:046]: 9B:06:02:02:00:0C:A0:9D
[15:03:20.926][D][DESK:061]: 9B:04:11:7C:C3:9D
[15:03:20.935][D][KEYPAD:046]: 9B:06:02:02:00:0C:A0:9D
[15:03:20.949][D][DESK:061]: 9B:07:12:7F:BF:4F:A4:94:9D
[15:03:20.969][D][DESK:061]: 9B:04:11:7C:C3:9D
[15:03:20.969][D][KEYPAD:046]: 9B:06:02:02:00:0C:A0:9D
[15:03:20.998][D][DESK:061]: 9B:04:11:7C:C3:9D
[15:03:21.004][D][KEYPAD:046]: 9B:06:02:02:00:0C:A0:9D
[15:03:21.010][D][DESK:061]: 9B:07:12:7F:BF:5B:AB:94:9D
[15:03:21.025][D][DESK:061]: 9B:04:11:7C:C3:9D
[15:03:21.031][D][KEYPAD:046]: 9B:06:02:02:00:0C:A0:9D
[15:03:21.051][D][DESK:061]: 9B:04:11:7C:C3:9D
[15:03:21.057][D][KEYPAD:046]: 9B:06:02:02:00:0C:A0:9D
[15:03:21.076][D][DESK:061]: 9B:07:12:7F:BF:5B:AB:94:9D
[15:03:21.100][D][DESK:061]: 9B:04:11:7C:C3:9D
[15:03:21.105][D][KEYPAD:046]: 9B:06:02:02:00:0C:A0:9D
[15:03:21.116][D][DESK:061]: 9B:04:11:7C:C3:9D
[15:03:21.122][D][KEYPAD:046]: 9B:06:02:02:00:0C:A0:9D
[15:03:21.138][D][DESK:061]: 9B:07:12:7F:BF:06:52:55:9D
[15:03:21.155][D][DESK:061]: 9B:04:11:7C:C3:9D
[15:03:21.174][D][KEYPAD:046]: 9B:06:02:00:00:6C:A1:9D
[15:03:21.179][D][DESK:061]: 9B:04:11:7C:C3:9D
[15:03:21.187][D][KEYPAD:046]: 9B:06:02:00:00:6C:A1:9D
[15:03:21.210][D][DESK:061]: 9B:07:12:7F:BF:3F:40:95:9D
[15:03:21.227][D][DESK:061]: 9B:04:11:7C:C3:9D
[15:03:21.230][D][KEYPAD:046]: 9B:06:02:00:00:6C:A1:9D
[15:03:21.249][D][DESK:061]: 9B:04:11:7C:C3:9D
[15:03:21.254][D][KEYPAD:046]: 9B:06:02:00:00:6C:A1:9D
[15:03:21.276][D][DESK:061]: 9B:07:12:07:EF:6F:65:29:9D
[15:03:21.282][D][DESK:061]: 9B:04:11:7C:C3:9D
[15:03:21.288][D][KEYPAD:046]: 9B:06:02:00:00:6C:A1:9D
[15:03:21.308][D][DESK:061]: 9B:04:11:7C:C3:9D
[15:03:21.325][D][KEYPAD:046]: 9B:06:02:00:00:6C:A1:9D
[15:03:21.335][D][DESK:061]: 9B:07:12:07:EF:6F:65:29:9D
[15:03:21.350][D][DESK:061]: 9B:04:11:7C:C3:9D
[15:03:21.362][D][KEYPAD:046]: 9B:06:02:00:00:6C:A1:9D
[15:03:21.366][D][DESK:061]: 9B:04:15:BF:C2:9D
[15:03:21.380][D][DESK:061]: 9B:04:11:7C:C3:9D
[15:03:21.389][D][KEYPAD:046]: 9B:06:02:00:00:6C:A1:9D
[15:03:21.407][D][DESK:061]: 9B:07:12:07:EF:7F:A9:28:9D
[15:03:21.421][D][DESK:061]: 9B:04:11:7C:C3:9D
[15:03:21.422][D][KEYPAD:046]: 9B:06:02:00:00:6C:A1:9D
[15:03:21.441][D][DESK:061]: 9B:04:11:7C:C3:9D
[15:03:21.448][D][KEYPAD:046]: 9B:06:02:00:00:6C:A1:9D
[15:03:21.464][D][DESK:061]: 9B:07:12:07:EF:07:8B:28:9D
[15:03:21.484][D][DESK:061]: 9B:04:11:7C:C3:9D
[15:03:21.489][D][KEYPAD:046]: 9B:06:02:00:00:6C:A1:9D
[15:03:21.511][D][DESK:061]: 9B:04:11:7C:C3:9D
[15:03:21.526][D][KEYPAD:046]: 9B:06:02:00:00:6C:A1:9D
[15:03:21.531][D][DESK:061]: 9B:07:12:07:EF:07:8B:28:9D
[15:03:21.544][D][DESK:061]: 9B:04:11:7C:C3:9D
[15:03:21.551][D][KEYPAD:046]: 9B:06:02:00:00:6C:A1:9D
[15:03:21.569][D][DESK:061]: 9B:04:11:7C:C3:9D
[15:03:21.587][D][KEYPAD:046]: 9B:06:02:00:00:6C:A1:9D
[15:03:21.616][D][DESK:061]: 9B:07:12:07:EF:7D:68:A9:9D
[15:03:21.630][D][DESK:061]: 9B:04:11:7C:C3:9D
[15:03:21.630][D][KEYPAD:046]: 9B:06:02:00:00:6C:A1:9D
[15:03:21.637][D][DESK:061]: 9B:04:11:7C:C3:9D
[15:03:21.643][D][KEYPAD:046]: 9B:06:02:00:00:6C:A1:9D
[15:03:21.658][D][DESK:061]: 9B:07:12:07:EF:7D:68:A9:9D
[15:03:21.688][D][DESK:061]: 9B:04:11:7C:C3:9D
[15:03:21.689][D][KEYPAD:046]: 9B:06:02:00:00:6C:A1:9D
[15:03:21.714][D][DESK:061]: 9B:04:11:7C:C3:9D
[15:03:21.726][D][KEYPAD:046]: 9B:06:02:00:00:6C:A1:9D
[15:03:21.726][D][DESK:061]: 9B:07:12:07:EF:7D:68:A9:9D
[15:03:21.775][D][DESK:061]: 9B:04:11:7C:C3:9D
[15:03:21.799][D][KEYPAD:046]: 9B:06:02:00:00:6C:A1:9D
[15:03:21.799][D][DESK:061]: 9B:04:11:7C:C3:9D
[15:03:21.799][D][KEYPAD:046]: 9B:06:02:00:00:6C:A1:9D
[15:03:21.799][D][DESK:061]: 9B:04:11:7C:C3:9D
[15:03:21.828][D][KEYPAD:046]: 9B:06:02:00:00:6C:A1:9D
[15:03:21.856][D][DESK:061]: 9B:07:12:07:EF:7D:68:A9:9D
[15:03:21.856][D][DESK:061]: 9B:04:11:7C:C3:9D
[15:03:21.856][D][KEYPAD:046]: 9B:06:02:00:00:6C:A1:9D
[15:03:21.860][D][DESK:061]: 9B:04:11:7C:C3:9D
[15:03:21.860][D][KEYPAD:046]: 9B:06:02:00:00:6C:A1:9D
[15:03:21.870][D][DESK:061]: 9B:04:15:BF:C2:9D
[15:03:21.891][D][DESK:061]: 9B:07:12:07:EF:7D:68:A9:9D
[15:03:21.895][D][DESK:061]: 9B:04:11:7C:C3:9D
[15:03:21.902][D][KEYPAD:046]: 9B:06:02:00:00:6C:A1:9D
[15:03:21.919][D][DESK:061]: 9B:04:11:7C:C3:9D
[15:03:21.925][D][KEYPAD:046]: 9B:06:02:00:00:6C:A1:9D
[15:03:21.939][D][DESK:061]: 9B:07:12:07:EF:7D:68:A9:9D
[15:03:21.954][D][DESK:061]: 9B:04:11:7C:C3:9D
[15:03:21.961][D][KEYPAD:046]: 9B:06:02:00:00:6C:A1:9D
[15:03:21.977][D][DESK:061]: 9B:04:11:7C:C3:9D
[15:03:21.993][D][KEYPAD:046]: 9B:06:02:00:00:6C:A1:9D
[15:03:22.007][D][DESK:061]: 9B:07:12:07:EF:7D:68:A9:9D
[15:03:22.027][D][DESK:061]: 9B:04:11:7C:C3:9D
[15:03:22.027][D][KEYPAD:046]: 9B:06:02:00:00:6C:A1:9D
[15:03:22.044][D][DESK:061]: 9B:07:12:07:EF:7D:68:A9:9D
[15:03:22.060][D][DESK:061]: 9B:04:11:7C:C3:9D
[15:03:22.067][D][KEYPAD:046]: 9B:06:02:00:00:6C:A1:9D
[15:03:22.098][D][DESK:061]: 9B:04:11:7C:C3:9D
[15:03:22.102][D][KEYPAD:046]: 9B:06:02:00:00:6C:A1:9D
[15:03:22.125][D][DESK:061]: 9B:04:11:7C:C3:9D
[15:03:22.128][D][KEYPAD:046]: 9B:06:02:00:00:6C:A1:9D
[15:03:22.128][D][DESK:061]: 9B:07:12:07:EF:7D:68:A9:9D
[15:03:22.143][D][DESK:061]: 9B:04:11:7C:C3:9D
[15:03:22.150][D][KEYPAD:046]: 9B:06:02:00:00:6C:A1:9D
[15:03:22.169][D][DESK:061]: 9B:04:11:7C:C3:9D
[15:03:22.176][D][KEYPAD:046]: 9B:06:02:00:00:6C:A1:9D
[15:03:22.198][D][DESK:061]: 9B:07:12:07:EF:7D:68:A9:9D
[15:03:22.226][D][DESK:061]: 9B:04:11:7C:C3:9D
[15:03:22.234][D][KEYPAD:046]: 9B:06:02:00:00:6C:A1:9D
[15:03:22.239][D][DESK:061]: 9B:04:11:7C:C3:9D
[15:03:22.247][D][KEYPAD:046]: 9B:06:02:00:00:6C:A1:9D
[15:03:22.256][D][DESK:061]: 9B:07:12:07:EF:7D:68:A9:9D
[15:03:22.271][D][DESK:061]: 9B:04:11:7C:C3:9D
[15:03:22.278][D][KEYPAD:046]: 9B:06:02:00:00:6C:A1:9D
[15:03:22.300][D][DESK:061]: 9B:04:11:7C:C3:9D
[15:03:22.305][D][KEYPAD:046]: 9B:06:02:00:00:6C:A1:9D
[15:03:22.330][D][DESK:061]: 9B:07:12:07:EF:7D:68:A9:9D
[15:03:22.340][D][DESK:061]: 9B:04:11:7C:C3:9D
[15:03:22.347][D][KEYPAD:046]: 9B:06:02:00:00:6C:A1:9D
[15:03:22.365][D][DESK:061]: 9B:07:12:07:EF:7D:68:A9:9D
[15:03:22.377][D][DESK:061]: 9B:04:15:BF:C2:9D
[15:03:22.387][D][DESK:061]: 9B:04:11:7C:C3:9D
[15:03:22.402][D][KEYPAD:046]: 9B:06:02:00:00:6C:A1:9D
[15:03:22.414][D][DESK:061]: 9B:04:11:7C:C3:9D
[15:03:22.434][D][KEYPAD:046]: 9B:06:02:00:00:6C:A1:9D
[15:03:22.435][D][DESK:061]: 9B:07:12:07:EF:7D:68:A9:9D
[15:03:22.446][D][DESK:061]: 9B:04:11:7C:C3:9D
[15:03:22.454][D][KEYPAD:046]: 9B:06:02:00:00:6C:A1:9D
[15:03:22.471][D][DESK:061]: 9B:07:12:07:EF:7D:68:A9:9D
[15:03:22.485][D][DESK:061]: 9B:04:11:7C:C3:9D
[15:03:22.505][D][KEYPAD:046]: 9B:06:02:00:00:6C:A1:9D
[15:03:22.510][D][DESK:061]: 9B:04:11:7C:C3:9D
[15:03:22.540][D][KEYPAD:046]: 9B:06:02:00:00:6C:A1:9D
[15:03:22.540][D][DESK:061]: 9B:04:11:7C:C3:9D
[15:03:22.546][D][KEYPAD:046]: 9B:06:02:00:00:6C:A1:9D
[15:03:22.555][D][DESK:061]: 9B:07:12:07:EF:7D:68:A9:9D
[15:03:22.571][D][DESK:061]: 9B:04:11:7C:C3:9D
[15:03:22.581][D][KEYPAD:046]: 9B:06:02:00:00:6C:A1:9D
[15:03:22.607][D][DESK:061]: 9B:04:11:7C:C3:9D
[15:03:22.611][D][KEYPAD:046]: 9B:06:02:00:00:6C:A1:9D
[15:03:22.639][D][DESK:061]: 9B:07:12:07:EF:7D:68:A9:9D
[15:03:22.641][D][DESK:061]: 9B:04:11:7C:C3:9D
[15:03:22.650][D][KEYPAD:046]: 9B:06:02:00:00:6C:A1:9D
[15:03:22.665][D][DESK:061]: 9B:04:11:7C:C3:9D
[15:03:22.673][D][KEYPAD:046]: 9B:06:02:00:00:6C:A1:9D
[15:03:22.683][D][DESK:061]: 9B:07:12:07:EF:7D:68:A9:9D
[15:03:22.697][D][DESK:061]: 9B:04:11:7C:C3:9D
[15:03:22.715][D][KEYPAD:046]: 9B:06:02:00:00:6C:A1:9D
[15:03:22.740][D][DESK:061]: 9B:04:11:7C:C3:9D
[15:03:22.740][D][KEYPAD:046]: 9B:06:02:00:00:6C:A1:9D
[15:03:22.751][D][DESK:061]: 9B:04:11:7C:C3:9D
[15:03:22.757][D][KEYPAD:046]: 9B:06:02:00:00:6C:A1:9D
[15:03:22.767][D][DESK:061]: 9B:07:12:07:EF:7D:68:A9:9D
[15:03:22.781][D][DESK:061]: 9B:04:11:7C:C3:9D
[15:03:22.788][D][KEYPAD:046]: 9B:06:02:00:00:6C:A1:9D
[15:03:22.815][D][DESK:061]: 9B:04:11:7C:C3:9D
[15:03:22.843][D][KEYPAD:046]: 9B:06:02:00:00:6C:A1:9D
[15:03:22.843][D][DESK:061]: 9B:07:12:07:EF:7D:68:A9:9D
[15:03:22.851][D][DESK:061]: 9B:04:11:7C:C3:9D
[15:03:22.862][D][KEYPAD:046]: 9B:06:02:00:00:6C:A1:9D
[15:03:22.876][D][DESK:061]: 9B:04:11:7C:C3:9D
[15:03:22.893][D][KEYPAD:046]: 9B:06:02:00:00:6C:A1:9D
[15:03:22.924][D][DESK:061]: 9B:07:12:07:EF:7D:68:A9:9D
[15:03:22.924][D][DESK:061]: 9B:04:15:BF:C2:9D
[15:03:22.924][D][DESK:061]: 9B:04:11:7C:C3:9D
[15:03:22.926][D][KEYPAD:046]: 9B:06:02:00:00:6C:A1:9D
[15:03:22.951][D][DESK:061]: 9B:04:11:7C:C3:9D
[15:03:22.966][D][KEYPAD:046]: 9B:06:02:00:00:6C:A1:9D
[15:03:22.966][D][DESK:061]: 9B:07:12:07:EF:7D:68:A9:9D
[15:03:22.980][D][DESK:061]: 9B:04:11:7C:C3:9D
[15:03:22.993][D][KEYPAD:046]: 9B:06:02:00:00:6C:A1:9D
[15:03:23.018][D][DESK:061]: 9B:07:12:07:EF:7D:68:A9:9D
[15:03:23.024][D][DESK:061]: 9B:04:11:7C:C3:9D
[15:03:23.024][D][KEYPAD:046]: 9B:06:02:00:00:6C:A1:9D
[15:03:23.046][D][DESK:061]: 9B:04:11:7C:C3:9D
[15:03:23.052][D][KEYPAD:046]: 9B:06:02:00:00:6C:A1:9D
[15:03:23.071][D][DESK:061]: 9B:04:11:7C:C3:9D
[15:03:23.076][D][KEYPAD:046]: 9B:06:02:00:00:6C:A1:9D
[15:03:23.087][D][DESK:061]: 9B:07:12:07:EF:7D:68:A9:9D
[15:03:23.105][D][DESK:061]: 9B:04:11:7C:C3:9D
[15:03:23.120][D][KEYPAD:046]: 9B:06:02:00:00:6C:A1:9D
[15:03:23.129][D][DESK:061]: 9B:04:11:7C:C3:9D
[15:03:23.151][D][KEYPAD:046]: 9B:06:02:00:00:6C:A1:9D
[15:03:23.160][D][DESK:061]: 9B:07:12:07:EF:7D:68:A9:9D
[15:03:23.171][D][DESK:061]: 9B:04:11:7C:C3:9D
[15:03:23.177][D][KEYPAD:046]: 9B:06:02:00:00:6C:A1:9D
[15:03:23.197][D][DESK:061]: 9B:04:11:7C:C3:9D
[15:03:23.203][D][KEYPAD:046]: 9B:06:02:00:00:6C:A1:9D
[15:03:23.222][D][DESK:061]: 9B:07:12:07:EF:7D:68:A9:9D
[15:03:23.235][D][DESK:061]: 9B:04:11:7C:C3:9D
[15:03:23.250][D][KEYPAD:046]: 9B:06:02:00:00:6C:A1:9D
[15:03:23.267][D][DESK:061]: 9B:04:11:7C:C3:9D
[15:03:23.268][D][KEYPAD:046]: 9B:06:02:00:00:6C:A1:9D
[15:03:23.280][D][DESK:061]: 9B:04:11:7C:C3:9D
[15:03:23.288][D][KEYPAD:046]: 9B:06:02:00:00:6C:A1:9D
[15:03:23.298][D][DESK:061]: 9B:07:12:07:EF:7D:68:A9:9D
[15:03:23.329][D][DESK:061]: 9B:04:11:7C:C3:9D
[15:03:23.330][D][KEYPAD:046]: 9B:06:02:00:00:6C:A1:9D
[15:03:23.383][D][DESK:061]: 9B:04:11:7C:C3:9D
[15:03:23.384][D][KEYPAD:046]: 9B:06:02:00:00:6C:A1:9D
[15:03:23.384][D][DESK:061]: 9B:04:11:7C:C3:9D
[15:03:23.384][D][KEYPAD:046]: 9B:06:02:00:00:6C:A1:9D
[15:03:23.475][D][DESK:061]: 9B:07:12:07:EF:7D:68:A9:9D
[15:03:23.476][D][DESK:061]: 9B:04:11:7C:C3:9D
[15:03:23.476][D][KEYPAD:046]: 9B:06:02:00:00:6C:A1:9D
[15:03:23.476][D][DESK:061]: 9B:04:15:BF:C2:9D
[15:03:23.476][D][DESK:061]: 9B:07:12:07:EF:7D:68:A9:9D
[15:03:23.476][D][DESK:061]: 9B:04:11:7C:C3:9D
[15:03:23.476][D][KEYPAD:046]: 9B:06:02:00:00:6C:A1:9D
[15:03:23.476][D][DESK:061]: 9B:04:11:7C:C3:9D
[15:03:23.514][D][KEYPAD:046]: 9B:06:02:00:00:6C:A1:9D
[15:03:23.515][D][DESK:061]: 9B:07:12:07:EF:7D:68:A9:9D
[15:03:23.515][D][DESK:061]: 9B:04:11:7C:C3:9D
[15:03:23.515][D][KEYPAD:046]: 9B:06:02:00:00:6C:A1:9D
[15:03:23.576][D][DESK:061]: 9B:07:12:07:EF:7D:68:A9:9D
[15:03:23.576][D][DESK:061]: 9B:04:11:7C:C3:9D
[15:03:23.576][D][KEYPAD:046]: 9B:06:02:00:00:6C:A1:9D
[15:03:23.576][D][DESK:061]: 9B:04:11:7C:C3:9D
[15:03:23.610][D][KEYPAD:046]: 9B:06:02:00:00:6C:A1:9D
[15:03:23.611][D][DESK:061]: 9B:07:12:07:EF:7D:68:A9:9D
[15:03:23.669][D][DESK:061]: 9B:04:11:7C:C3:9D
[15:03:23.670][D][KEYPAD:046]: 9B:06:02:00:00:6C:A1:9D
[15:03:23.679][D][DESK:061]: 9B:07:12:07:EF:7D:68:A9:9D
[15:03:23.679][D][DESK:061]: 9B:04:11:7C:C3:9D
[15:03:23.679][D][KEYPAD:046]: 9B:06:02:00:00:6C:A1:9D
[15:03:23.679][D][DESK:061]: 9B:04:11:7C:C3:9D
[15:03:23.696][D][KEYPAD:046]: 9B:06:02:00:00:6C:A1:9D
[15:03:23.716][D][DESK:061]: 9B:04:11:7C:C3:9D
[15:03:23.721][D][KEYPAD:046]: 9B:06:02:00:00:6C:A1:9D
[15:03:23.721][D][DESK:061]: 9B:07:12:07:EF:7D:68:A9:9D
[15:03:23.771][D][DESK:061]: 9B:04:11:7C:C3:9D
[15:03:23.771][D][KEYPAD:046]: 9B:06:02:00:00:6C:A1:9D
[15:03:23.771][D][DESK:061]: 9B:04:11:7C:C3:9D
[15:03:23.771][D][KEYPAD:046]: 9B:06:02:04:00:AC:A3:9D
[15:03:23.804][D][DESK:061]: 9B:04:11:7C:C3:9D
[15:03:23.804][D][KEYPAD:046]: 9B:06:02:04:00:AC:A3:9D
[15:03:23.812][D][DESK:061]: 9B:07:12:07:EF:7D:68:A9:9D
[15:03:23.822][D][DESK:061]: 9B:04:11:7C:C3:9D
[15:03:23.873][D][KEYPAD:046]: 9B:06:02:04:00:AC:A3:9D
[15:03:23.874][D][DESK:061]: 9B:04:11:7C:C3:9D
[15:03:23.874][D][KEYPAD:046]: 9B:06:02:04:00:AC:A3:9D
[15:03:23.874][D][DESK:061]: 9B:04:11:7C:C3:9D
[15:03:23.913][D][KEYPAD:046]: 9B:06:02:04:00:AC:A3:9D
[15:03:23.913][D][DESK:061]: 9B:07:12:07:EF:7D:68:A9:9D
[15:03:23.913][D][DESK:061]: 9B:04:11:7C:C3:9D
[15:03:23.913][D][KEYPAD:046]: 9B:06:02:00:00:6C:A1:9D
[15:03:23.971][D][DESK:061]: 9B:04:15:BF:C2:9D
[15:03:23.971][D][DESK:061]: 9B:04:11:7C:C3:9D
[15:03:23.971][D][KEYPAD:046]: 9B:06:02:00:00:6C:A1:9D
[15:03:23.971][D][DESK:061]: 9B:07:12:07:EF:7D:68:A9:9D
[15:03:24.009][D][DESK:061]: 9B:04:11:7C:C3:9D
[15:03:24.009][D][KEYPAD:046]: 9B:06:02:00:00:6C:A1:9D
[15:03:24.010][D][DESK:061]: 9B:04:11:7C:C3:9D
[15:03:24.010][D][KEYPAD:046]: 9B:06:02:00:00:6C:A1:9D
[15:03:24.080][D][DESK:061]: 9B:07:12:07:EF:7D:68:A9:9D
[15:03:24.081][D][DESK:061]: 9B:04:11:7C:C3:9D
[15:03:24.081][D][KEYPAD:046]: 9B:06:02:00:00:6C:A1:9D
[15:03:24.081][D][DESK:061]: 9B:04:11:7C:C3:9D
[15:03:24.112][D][KEYPAD:046]: 9B:06:02:00:00:6C:A1:9D
[15:03:24.112][D][DESK:061]: 9B:07:12:07:EF:7D:68:A9:9D
[15:03:24.113][D][DESK:061]: 9B:04:11:7C:C3:9D
[15:03:24.113][D][KEYPAD:046]: 9B:06:02:00:00:6C:A1:9D
[15:03:24.147][D][DESK:061]: 9B:04:11:7C:C3:9D
[15:03:24.148][D][KEYPAD:046]: 9B:06:02:00:00:6C:A1:9D
[15:03:24.153][D][DESK:061]: 9B:07:12:07:EF:7D:68:A9:9D
[15:03:24.171][D][DESK:061]: 9B:04:11:7C:C3:9D
[15:03:24.204][D][KEYPAD:046]: 9B:06:02:00:00:6C:A1:9D
[15:03:24.205][D][DESK:061]: 9B:04:11:7C:C3:9D
[15:03:24.205][D][KEYPAD:046]: 9B:06:02:00:00:6C:A1:9D
[15:03:24.216][D][DESK:061]: 9B:07:12:07:EF:07:8B:28:9D
[15:03:24.260][D][DESK:061]: 9B:04:11:7C:C3:9D
[15:03:24.260][D][KEYPAD:046]: 9B:06:02:00:00:6C:A1:9D
[15:03:24.260][D][DESK:061]: 9B:04:11:7C:C3:9D
[15:03:24.281][D][KEYPAD:046]: 9B:06:02:00:00:6C:A1:9D
[15:03:24.300][D][DESK:061]: 9B:07:12:07:EF:07:8B:28:9D
[15:03:24.300][D][DESK:061]: 9B:04:11:7C:C3:9D
[15:03:24.304][D][KEYPAD:046]: 9B:06:02:00:00:6C:A1:9D
[15:03:24.321][D][DESK:061]: 9B:04:11:7C:C3:9D
[15:03:24.331][D][KEYPAD:046]: 9B:06:02:00:00:6C:A1:9D
[15:03:24.348][D][DESK:061]: 9B:07:12:07:EF:07:8B:28:9D
[15:03:24.378][D][DESK:061]: 9B:04:11:7C:C3:9D
[15:03:24.378][D][KEYPAD:046]: 9B:06:02:00:00:6C:A1:9D
[15:03:24.409][D][DESK:061]: 9B:04:11:7C:C3:9D
[15:03:24.415][D][KEYPAD:046]: 9B:06:02:00:00:6C:A1:9D
[15:03:24.416][D][DESK:061]: 9B:07:12:07:EF:7F:A9:28:9D
[15:03:24.425][D][DESK:061]: 9B:04:15:BF:C2:9D
[15:03:24.457][D][DESK:061]: 9B:04:11:7C:C3:9D
[15:03:24.480][D][KEYPAD:046]: 9B:06:02:00:00:6C:A1:9D
[15:03:24.480][D][DESK:061]: 9B:04:11:7C:C3:9D
[15:03:24.480][D][KEYPAD:046]: 9B:06:02:00:00:6C:A1:9D
[15:03:24.489][D][DESK:061]: 9B:07:12:07:EF:7F:A9:28:9D
[15:03:24.499][D][DESK:061]: 9B:04:11:7C:C3:9D
[15:03:24.505][D][KEYPAD:046]: 9B:06:02:00:00:6C:A1:9D
[15:03:24.527][D][DESK:061]: 9B:04:11:7C:C3:9D
[15:03:24.532][D][KEYPAD:046]: 9B:06:02:00:00:6C:A1:9D
[15:03:24.553][D][DESK:061]: 9B:07:12:07:EF:6F:65:29:9D
[15:03:24.563][D][DESK:061]: 9B:04:11:7C:C3:9D
[15:03:24.582][D][KEYPAD:046]: 9B:06:02:00:00:6C:A1:9D
[15:03:24.590][D][DESK:061]: 9B:04:11:7C:C3:9D
[15:03:24.595][D][KEYPAD:046]: 9B:06:02:00:00:6C:A1:9D
[15:03:24.612][D][DESK:061]: 9B:07:12:7F:BF:3F:40:95:9D
[15:03:24.627][D][DESK:061]: 9B:04:11:7C:C3:9D
[15:03:24.633][D][KEYPAD:046]: 9B:06:02:00:00:6C:A1:9D
[15:03:24.655][D][DESK:061]: 9B:04:11:7C:C3:9D
[15:03:24.660][D][KEYPAD:046]: 9B:06:02:00:00:6C:A1:9D
[15:03:24.684][D][DESK:061]: 9B:07:12:7F:BF:3F:40:95:9D
[15:03:24.691][D][DESK:061]: 9B:04:11:7C:C3:9D
[15:03:24.697][D][KEYPAD:046]: 9B:06:02:00:00:6C:A1:9D
[15:03:24.718][D][DESK:061]: 9B:04:11:7C:C3:9D
[15:03:24.727][D][KEYPAD:046]: 9B:06:02:00:00:6C:A1:9D
[15:03:24.744][D][DESK:061]: 9B:07:12:7F:BF:06:52:55:9D
[15:03:24.759][D][DESK:061]: 9B:04:11:7C:C3:9D
[15:03:24.764][D][KEYPAD:046]: 9B:06:02:00:00:6C:A1:9D
[15:03:24.786][D][DESK:061]: 9B:04:11:7C:C3:9D
[15:03:24.847][D][KEYPAD:046]: 9B:06:02:00:00:6C:A1:9D
[15:03:24.847][D][DESK:061]: 9B:07:12:7F:BF:5B:AB:94:9D
[15:03:24.847][D][DESK:061]: 9B:04:11:7C:C3:9D
[15:03:24.847][D][KEYPAD:046]: 9B:06:02:00:00:6C:A1:9D
[15:03:24.913][D][DESK:061]: 9B:04:11:7C:C3:9D
[15:03:24.913][D][KEYPAD:046]: 9B:06:02:00:00:6C:A1:9D
[15:03:24.913][D][DESK:061]: 9B:07:12:7F:BF:4F:A4:94:9D
[15:03:24.913][D][DESK:061]: 9B:04:11:7C:C3:9D
[15:03:24.928][D][KEYPAD:046]: 9B:06:02:00:00:6C:A1:9D
[15:03:24.928][D][DESK:061]: 9B:04:11:7C:C3:9D
[15:03:24.928][D][KEYPAD:046]: 9B:06:02:00:00:6C:A1:9D
[15:03:24.929][D][DESK:061]: 9B:04:15:BF:C2:9D
[15:03:24.941][D][DESK:061]: 9B:07:12:7F:BF:4F:A4:94:9D
[15:03:24.963][D][DESK:061]: 9B:04:11:7C:C3:9D
[15:03:24.966][D][KEYPAD:046]: 9B:06:02:00:00:6C:A1:9D
[15:03:24.990][D][DESK:061]: 9B:04:11:7C:C3:9D
[15:03:24.994][D][KEYPAD:046]: 9B:06:02:00:00:6C:A1:9D
[15:03:25.002][D][DESK:061]: 9B:07:12:7F:BF:66:7A:55:9D
[15:03:25.018][D][DESK:061]: 9B:04:11:7C:C3:9D
[15:03:25.026][D][KEYPAD:046]: 9B:06:02:00:00:6C:A1:9D
[15:03:25.042][D][DESK:061]: 9B:04:11:7C:C3:9D
[15:03:25.049][D][KEYPAD:046]: 9B:06:02:00:00:6C:A1:9D
[15:03:25.066][D][DESK:061]: 9B:07:12:7F:BF:6D:BD:14:9D
[15:03:25.081][D][DESK:061]: 9B:04:11:7C:C3:9D
[15:03:25.099][D][KEYPAD:046]: 9B:06:02:00:00:6C:A1:9D
[15:03:25.132][D][DESK:061]: 9B:04:11:7C:C3:9D
[15:03:25.132][D][KEYPAD:046]: 9B:06:02:00:00:6C:A1:9D
[15:03:25.134][D][DESK:061]: 9B:07:12:7F:BF:7D:71:15:9D
[15:03:25.146][D][DESK:061]: 9B:04:11:7C:C3:9D
[15:03:25.152][D][KEYPAD:046]: 9B:06:02:00:00:6C:A1:9D
[15:03:25.177][D][DESK:061]: 9B:04:11:7C:C3:9D
[15:03:25.178][D][KEYPAD:046]: 9B:06:02:00:00:6C:A1:9D
[15:03:25.201][D][DESK:061]: 9B:07:12:7F:BF:07:92:94:9D
[15:03:25.213][D][DESK:061]: 9B:04:11:7C:C3:9D
[15:03:25.229][D][KEYPAD:046]: 9B:06:02:00:00:6C:A1:9D
[15:03:25.237][D][DESK:061]: 9B:04:11:7C:C3:9D
[15:03:25.244][D][KEYPAD:046]: 9B:06:02:00:00:6C:A1:9D
[15:03:25.273][D][DESK:061]: 9B:07:12:7F:BF:7F:B0:94:9D
[15:03:25.277][D][DESK:061]: 9B:04:11:7C:C3:9D
[15:03:25.284][D][KEYPAD:046]: 9B:06:02:00:00:6C:A1:9D
[15:03:25.305][D][DESK:061]: 9B:04:11:7C:C3:9D
[15:03:25.309][D][KEYPAD:046]: 9B:06:02:00:00:6C:A1:9D
[15:03:25.324][D][DESK:061]: 9B:07:12:7F:BF:6F:7C:95:9D
[15:03:25.340][D][DESK:061]: 9B:04:11:7C:C3:9D
[15:03:25.346][D][KEYPAD:046]: 9B:06:02:00:00:6C:A1:9D
[15:03:25.372][D][DESK:061]: 9B:04:11:7C:C3:9D
[15:03:25.375][D][KEYPAD:046]: 9B:06:02:00:00:6C:A1:9D
[15:03:25.400][D][DESK:061]: 9B:07:12:7F:86:3F:10:87:9D
[15:03:25.408][D][DESK:061]: 9B:04:11:7C:C3:9D
[15:03:25.414][D][KEYPAD:046]: 9B:06:02:00:00:6C:A1:9D
[15:03:25.432][D][DESK:061]: 9B:04:11:7C:C3:9D
[15:03:25.440][D][KEYPAD:046]: 9B:06:02:00:00:6C:A1:9D
[15:03:25.445][D][DESK:061]: 9B:04:15:BF:C2:9D
[15:03:25.455][D][DESK:061]: 9B:07:12:7F:86:06:02:47:9D
[15:03:25.475][D][DESK:061]: 9B:04:11:7C:C3:9D
[15:03:25.475][D][KEYPAD:046]: 9B:06:02:00:00:6C:A1:9D
[15:03:25.504][D][DESK:061]: 9B:04:11:7C:C3:9D
[15:03:25.508][D][KEYPAD:046]: 9B:06:02:00:00:6C:A1:9D
[15:03:25.518][D][DESK:061]: 9B:07:12:7F:86:4F:F4:86:9D
[15:03:25.539][D][DESK:061]: 9B:04:11:7C:C3:9D
[15:03:25.545][D][KEYPAD:046]: 9B:06:02:00:00:6C:A1:9D
[15:03:25.561][D][DESK:061]: 9B:04:11:7C:C3:9D
[15:03:25.581][D][KEYPAD:046]: 9B:06:02:00:00:6C:A1:9D
[15:03:25.583][D][DESK:061]: 9B:07:12:7F:86:66:2A:47:9D
[15:03:25.606][D][DESK:061]: 9B:04:11:7C:C3:9D
[15:03:25.611][D][KEYPAD:046]: 9B:06:02:00:00:6C:A1:9D
[15:03:25.629][D][DESK:061]: 9B:04:11:7C:C3:9D
[15:03:25.632][D][KEYPAD:046]: 9B:06:02:00:00:6C:A1:9D
[15:03:25.646][D][DESK:061]: 9B:07:12:7F:86:6D:ED:06:9D
[15:03:25.662][D][DESK:061]: 9B:04:11:7C:C3:9D
[15:03:25.681][D][KEYPAD:046]: 9B:06:02:00:00:6C:A1:9D
[15:03:25.689][D][DESK:061]: 9B:04:11:7C:C3:9D
[15:03:25.707][D][KEYPAD:046]: 9B:06:02:00:00:6C:A1:9D
[15:03:25.714][D][DESK:061]: 9B:07:12:7F:86:7D:21:07:9D
[15:03:25.731][D][DESK:061]: 9B:04:11:7C:C3:9D
[15:03:25.731][D][KEYPAD:046]: 9B:06:02:00:00:6C:A1:9D
[15:03:25.753][D][DESK:061]: 9B:04:11:7C:C3:9D
[15:03:25.758][D][KEYPAD:046]: 9B:06:02:00:00:6C:A1:9D
[15:03:25.782][D][DESK:061]: 9B:07:12:7F:86:07:C2:86:9D
[15:03:25.791][D][DESK:061]: 9B:04:11:7C:C3:9D
[15:03:25.796][D][KEYPAD:046]: 9B:06:02:00:00:6C:A1:9D
[15:03:25.817][D][DESK:061]: 9B:04:11:7C:C3:9D
[15:03:25.829][D][KEYPAD:046]: 9B:06:02:00:00:6C:A1:9D
[15:03:25.843][D][DESK:061]: 9B:07:12:7F:86:7F:E0:86:9D
[15:03:25.852][D][DESK:061]: 9B:04:11:7C:C3:9D
[15:03:25.860][D][KEYPAD:046]: 9B:06:02:00:00:6C:A1:9D
[15:03:25.887][D][DESK:061]: 9B:04:11:7C:C3:9D
[15:03:25.887][D][KEYPAD:046]: 9B:06:02:00:00:6C:A1:9D
[15:03:25.912][D][DESK:061]: 9B:07:12:7F:DB:3F:80:BF:9D
[15:03:25.930][D][DESK:061]: 9B:04:11:7C:C3:9D
[15:03:25.930][D][KEYPAD:046]: 9B:06:02:00:00:6C:A1:9D
[15:03:25.946][D][DESK:061]: 9B:04:11:7C:C3:9D
[15:03:25.961][D][KEYPAD:046]: 9B:06:02:00:00:6C:A1:9D
[15:03:25.961][D][DESK:061]: 9B:04:15:BF:C2:9D
[15:03:25.968][D][DESK:061]: 9B:07:12:7F:DB:06:92:7F:9D
[15:03:25.993][D][DESK:061]: 9B:04:11:7C:C3:9D
[15:03:25.999][D][KEYPAD:046]: 9B:06:02:00:00:6C:A1:9D
[15:03:26.034][D][DESK:061]: 9B:04:11:7C:C3:9D
[15:03:26.034][D][KEYPAD:046]: 9B:06:02:00:00:6C:A1:9D
[15:03:26.034][D][DESK:061]: 9B:07:12:7F:DB:5B:6B:BE:9D
[15:03:26.057][D][DESK:061]: 9B:04:11:7C:C3:9D
[15:03:26.065][D][KEYPAD:046]: 9B:06:02:00:00:6C:A1:9D
[15:03:26.075][D][DESK:061]: 9B:04:11:7C:C3:9D
[15:03:26.092][D][KEYPAD:046]: 9B:06:02:00:00:6C:A1:9D
[15:03:26.117][D][DESK:061]: 9B:07:12:7F:DB:4F:64:BE:9D
[15:03:26.130][D][DESK:061]: 9B:04:11:7C:C3:9D
[15:03:26.130][D][KEYPAD:046]: 9B:06:02:00:00:6C:A1:9D
[15:03:26.139][D][DESK:061]: 9B:04:11:7C:C3:9D
[15:03:26.151][D][KEYPAD:046]: 9B:06:02:00:00:6C:A1:9D
[15:03:26.165][D][DESK:061]: 9B:07:12:7F:DB:6D:7D:3E:9D
[15:03:26.177][D][DESK:061]: 9B:04:11:7C:C3:9D
[15:03:26.193][D][KEYPAD:046]: 9B:06:02:00:00:6C:A1:9D
[15:03:26.205][D][DESK:061]: 9B:04:11:7C:C3:9D
[15:03:26.225][D][KEYPAD:046]: 9B:06:02:00:00:6C:A1:9D
[15:03:26.230][D][DESK:061]: 9B:07:12:7F:DB:7D:B1:3F:9D
[15:03:26.241][D][DESK:061]: 9B:04:11:7C:C3:9D
[15:03:26.248][D][KEYPAD:046]: 9B:06:02:00:00:6C:A1:9D
[15:03:26.267][D][DESK:061]: 9B:04:11:7C:C3:9D
[15:03:26.275][D][KEYPAD:046]: 9B:06:02:00:00:6C:A1:9D
[15:03:26.294][D][DESK:061]: 9B:07:12:7F:DB:07:52:BE:9D
[15:03:26.307][D][DESK:061]: 9B:04:11:7C:C3:9D
[15:03:26.322][D][KEYPAD:046]: 9B:06:02:00:00:6C:A1:9D
[15:03:26.333][D][DESK:061]: 9B:04:11:7C:C3:9D
[15:03:26.338][D][KEYPAD:046]: 9B:06:02:00:00:6C:A1:9D
[15:03:26.356][D][DESK:061]: 9B:07:12:7F:DB:6F:BC:BF:9D
[15:03:26.370][D][DESK:061]: 9B:04:11:7C:C3:9D
[15:03:26.376][D][KEYPAD:046]: 9B:06:02:00:00:6C:A1:9D
[15:03:26.399][D][DESK:061]: 9B:04:11:7C:C3:9D
[15:03:26.406][D][KEYPAD:046]: 9B:06:02:00:00:6C:A1:9D
[15:03:26.424][D][DESK:061]: 9B:07:12:7F:CF:3F:80:B0:9D
[15:03:26.438][D][DESK:061]: 9B:04:11:7C:C3:9D
[15:03:26.440][D][KEYPAD:046]: 9B:06:02:00:00:6C:A1:9D
[15:03:26.461][D][DESK:061]: 9B:04:11:7C:C3:9D
[15:03:26.466][D][KEYPAD:046]: 9B:06:02:00:00:6C:A1:9D
[15:03:26.475][D][DESK:061]: 9B:04:15:BF:C2:9D
[15:03:26.484][D][DESK:061]: 9B:07:12:7F:CF:06:92:70:9D
[15:03:26.503][D][DESK:061]: 9B:04:11:7C:C3:9D
[15:03:26.509][D][KEYPAD:046]: 9B:06:02:00:00:6C:A1:9D
[15:03:26.530][D][DESK:061]: 9B:04:11:7C:C3:9D
[15:03:26.531][D][KEYPAD:046]: 9B:06:02:00:00:6C:A1:9D
[15:03:26.548][D][DESK:061]: 9B:07:12:7F:CF:4F:64:B1:9D
[15:03:26.563][D][DESK:061]: 9B:04:11:7C:C3:9D
[15:03:26.569][D][KEYPAD:046]: 9B:06:02:00:00:6C:A1:9D
[15:03:26.601][D][DESK:061]: 9B:04:11:7C:C3:9D
[15:03:26.605][D][KEYPAD:046]: 9B:06:02:00:00:6C:A1:9D
[15:03:26.612][D][DESK:061]: 9B:07:12:7F:CF:66:BA:70:9D
[15:03:26.634][D][DESK:061]: 9B:04:11:7C:C3:9D
[15:03:26.635][D][KEYPAD:046]: 9B:06:02:00:00:6C:A1:9D
[15:03:26.653][D][DESK:061]: 9B:04:11:7C:C3:9D
[15:03:26.662][D][KEYPAD:046]: 9B:06:02:00:00:6C:A1:9D
[15:03:26.676][D][DESK:061]: 9B:07:12:7F:CF:6D:7D:31:9D
[15:03:26.703][D][DESK:061]: 9B:04:11:7C:C3:9D
[15:03:26.709][D][KEYPAD:046]: 9B:06:02:00:00:6C:A1:9D
[15:03:26.716][D][DESK:061]: 9B:04:11:7C:C3:9D
[15:03:26.741][D][KEYPAD:046]: 9B:06:02:00:00:6C:A1:9D
[15:03:26.741][D][DESK:061]: 9B:07:12:7F:CF:07:52:B1:9D
[15:03:26.756][D][DESK:061]: 9B:04:11:7C:C3:9D
[15:03:26.764][D][KEYPAD:046]: 9B:06:02:00:00:6C:A1:9D
[15:03:26.782][D][DESK:061]: 9B:04:11:7C:C3:9D
[15:03:26.788][D][KEYPAD:046]: 9B:06:02:00:00:6C:A1:9D
[15:03:26.806][D][DESK:061]: 9B:07:12:7F:CF:7F:70:B1:9D
[15:03:26.819][D][DESK:061]: 9B:04:11:7C:C3:9D
[15:03:26.839][D][KEYPAD:046]: 9B:06:02:00:00:6C:A1:9D
[15:03:26.848][D][DESK:061]: 9B:04:11:7C:C3:9D
[15:03:26.853][D][KEYPAD:046]: 9B:06:02:00:00:6C:A1:9D
[15:03:26.869][D][DESK:061]: 9B:07:12:7F:E6:3F:10:AF:9D
[15:03:26.883][D][DESK:061]: 9B:04:11:7C:C3:9D
[15:03:26.892][D][KEYPAD:046]: 9B:06:02:00:00:6C:A1:9D
[15:03:26.910][D][DESK:061]: 9B:04:11:7C:C3:9D
[15:03:26.917][D][KEYPAD:046]: 9B:06:02:00:00:6C:A1:9D
[15:03:26.943][D][DESK:061]: 9B:07:12:7F:E6:06:02:6F:9D
[15:03:26.946][D][DESK:061]: 9B:04:11:7C:C3:9D
[15:03:26.953][D][KEYPAD:046]: 9B:06:02:00:00:6C:A1:9D
[15:03:26.972][D][DESK:061]: 9B:04:11:7C:C3:9D
[15:03:26.979][D][KEYPAD:046]: 9B:06:02:00:00:6C:A1:9D
[15:03:26.990][D][DESK:061]: 9B:04:15:BF:C2:9D
[15:03:26.998][D][DESK:061]: 9B:07:12:7F:E6:5B:FB:AE:9D
[15:03:27.019][D][DESK:061]: 9B:04:11:7C:C3:9D
[15:03:27.041][D][KEYPAD:046]: 9B:06:02:00:00:6C:A1:9D
[15:03:27.041][D][DESK:061]: 9B:04:11:7C:C3:9D
[15:03:27.047][D][KEYPAD:046]: 9B:06:02:00:00:6C:A1:9D
[15:03:27.061][D][DESK:061]: 9B:07:12:7F:E6:66:2A:6F:9D
[15:03:27.075][D][DESK:061]: 9B:04:11:7C:C3:9D
[15:03:27.083][D][KEYPAD:046]: 9B:06:02:00:00:6C:A1:9D
[15:03:27.117][D][DESK:061]: 9B:04:11:7C:C3:9D
[15:03:27.126][D][KEYPAD:046]: 9B:06:02:00:00:6C:A1:9D
[15:03:27.153][D][DESK:061]: 9B:07:12:7F:E6:6D:ED:2E:9D
[15:03:27.153][D][DESK:061]: 9B:04:11:7C:C3:9D
[15:03:27.179][D][KEYPAD:046]: 9B:06:02:00:00:6C:A1:9D
[15:03:27.180][D][DESK:061]: 9B:04:11:7C:C3:9D
[15:03:27.180][D][KEYPAD:046]: 9B:06:02:00:00:6C:A1:9D
[15:03:27.192][D][DESK:061]: 9B:07:12:7F:E6:07:C2:AE:9D
[15:03:27.222][D][DESK:061]: 9B:04:11:7C:C3:9D
[15:03:27.244][D][KEYPAD:046]: 9B:06:02:00:00:6C:A1:9D
[15:03:27.247][D][DESK:061]: 9B:04:11:7C:C3:9D
[15:03:27.247][D][KEYPAD:046]: 9B:06:02:00:00:6C:A1:9D
[15:03:27.270][D][DESK:061]: 9B:07:12:7F:E6:7F:E0:AE:9D
[15:03:27.278][D][DESK:061]: 9B:04:11:7C:C3:9D
[15:03:27.281][D][KEYPAD:046]: 9B:06:02:00:00:6C:A1:9D
[15:03:27.297][D][DESK:061]: 9B:04:11:7C:C3:9D
[15:03:27.303][D][KEYPAD:046]: 9B:06:02:00:00:6C:A1:9D
[15:03:27.322][D][DESK:061]: 9B:07:12:7F:ED:3F:20:A8:9D
[15:03:27.347][D][DESK:061]: 9B:04:11:7C:C3:9D
[15:03:27.357][D][KEYPAD:046]: 9B:06:02:00:00:6C:A1:9D
[15:03:27.451][D][DESK:061]: 9B:04:11:7C:C3:9D
[15:03:27.451][D][KEYPAD:046]: 9B:06:02:00:00:6C:A1:9D
[15:03:27.451][D][DESK:061]: 9B:07:12:7F:ED:06:32:68:9D
[15:03:27.451][D][DESK:061]: 9B:04:11:7C:C3:9D
[15:03:27.451][D][KEYPAD:046]: 9B:06:02:00:00:6C:A1:9D
[15:03:27.451][D][DESK:061]: 9B:04:11:7C:C3:9D
[15:03:27.451][D][KEYPAD:046]: 9B:06:02:00:00:6C:A1:9D
[15:03:27.452][D][DESK:061]: 9B:07:12:7F:ED:5B:CB:A9:9D
[15:03:27.495][D][DESK:061]: 9B:04:11:7C:C3:9D
[15:03:27.495][D][KEYPAD:046]: 9B:06:02:00:00:6C:A1:9D
[15:03:27.495][D][DESK:061]: 9B:04:11:7C:C3:9D
[15:03:27.499][D][KEYPAD:046]: 9B:06:02:00:00:6C:A1:9D
[15:03:27.505][D][DESK:061]: 9B:04:15:BF:C2:9D
[15:03:27.529][D][DESK:061]: 9B:07:12:7F:ED:66:1A:68:9D
[15:03:27.534][D][DESK:061]: 9B:04:11:7C:C3:9D
[15:03:27.536][D][KEYPAD:046]: 9B:06:02:00:00:6C:A1:9D
[15:03:27.570][D][DESK:061]: 9B:04:11:7C:C3:9D
[15:03:27.570][D][KEYPAD:046]: 9B:06:02:00:00:6C:A1:9D
[15:03:27.579][D][DESK:061]: 9B:07:12:7F:ED:6D:DD:29:9D
[15:03:27.593][D][DESK:061]: 9B:04:11:7C:C3:9D
[15:03:27.599][D][KEYPAD:046]: 9B:06:02:00:00:6C:A1:9D
[15:03:27.625][D][DESK:061]: 9B:04:11:7C:C3:9D
[15:03:27.632][D][KEYPAD:046]: 9B:06:02:00:00:6C:A1:9D
[15:03:27.654][D][DESK:061]: 9B:07:12:7F:ED:07:F2:A9:9D
[15:03:27.659][D][DESK:061]: 9B:04:11:7C:C3:9D
[15:03:27.663][D][KEYPAD:046]: 9B:06:02:00:00:6C:A1:9D
[15:03:27.685][D][DESK:061]: 9B:04:11:7C:C3:9D
[15:03:27.689][D][KEYPAD:046]: 9B:06:02:00:00:6C:A1:9D
[15:03:27.709][D][DESK:061]: 9B:07:12:7F:ED:7F:D0:A9:9D
[15:03:27.729][D][DESK:061]: 9B:04:11:7C:C3:9D
[15:03:27.732][D][KEYPAD:046]: 9B:06:02:00:00:6C:A1:9D
[15:03:27.756][D][DESK:061]: 9B:04:11:7C:C3:9D
[15:03:27.759][D][KEYPAD:046]: 9B:06:02:00:00:6C:A1:9D
[15:03:27.770][D][DESK:061]: 9B:07:12:7F:FD:3F:E0:A5:9D
[15:03:27.784][D][DESK:061]: 9B:04:11:7C:C3:9D
[15:03:27.791][D][KEYPAD:046]: 9B:06:02:00:00:6C:A1:9D
[15:03:27.809][D][DESK:061]: 9B:04:11:7C:C3:9D
[15:03:27.818][D][KEYPAD:046]: 9B:06:02:00:00:6C:A1:9D
[15:03:27.836][D][DESK:061]: 9B:07:12:7F:FD:06:F2:65:9D
[15:03:27.858][D][DESK:061]: 9B:04:11:7C:C3:9D
[15:03:27.862][D][KEYPAD:046]: 9B:06:02:00:00:6C:A1:9D
[15:03:27.877][D][DESK:061]: 9B:04:11:7C:C3:9D
[15:03:27.882][D][KEYPAD:046]: 9B:06:02:00:00:6C:A1:9D
[15:03:27.897][D][DESK:061]: 9B:07:12:7F:FD:4F:04:A4:9D
[15:03:27.913][D][DESK:061]: 9B:04:11:7C:C3:9D
[15:03:27.920][D][KEYPAD:046]: 9B:06:02:00:00:6C:A1:9D
[15:03:27.939][D][DESK:061]: 9B:04:11:7C:C3:9D
[15:03:27.945][D][KEYPAD:046]: 9B:06:02:00:00:6C:A1:9D
[15:03:27.963][D][DESK:061]: 9B:07:12:7F:FD:66:DA:65:9D
[15:03:27.976][D][DESK:061]: 9B:04:11:7C:C3:9D
[15:03:27.983][D][KEYPAD:046]: 9B:06:02:00:00:6C:A1:9D
[15:03:28.002][D][DESK:061]: 9B:04:11:7C:C3:9D
[15:03:28.016][D][KEYPAD:046]: 9B:06:02:00:00:6C:A1:9D
[15:03:28.124][D][DESK:061]: 9B:04:15:BF:C2:9D
[15:03:28.124][D][DESK:061]: 9B:07:12:7F:FD:7D:D1:25:9D
[15:03:28.124][D][DESK:061]: 9B:04:11:7C:C3:9D
[15:03:28.138][D][KEYPAD:046]: 9B:06:02:00:00:6C:A1:9D
[15:03:28.138][D][DESK:061]: 9B:04:11:7C:C3:9D
[15:03:28.138][D][KEYPAD:046]: 9B:06:02:00:00:6C:A1:9D
[15:03:28.138][D][DESK:061]: 9B:07:12:7F:FD:07:32:A4:9D
[15:03:28.176][D][DESK:061]: 9B:04:11:7C:C3:9D
[15:03:28.176][D][KEYPAD:046]: 9B:06:02:00:00:6C:A1:9D
[15:03:28.177][D][DESK:061]: 9B:04:11:7C:C3:9D
[15:03:28.177][D][KEYPAD:046]: 9B:06:02:00:00:6C:A1:9D
[15:03:28.184][D][DESK:061]: 9B:07:12:7F:FD:6F:DC:A5:9D
[15:03:28.184][D][DESK:061]: 9B:04:11:7C:C3:9D
[15:03:28.184][D][KEYPAD:046]: 9B:06:02:00:00:6C:A1:9D
[15:03:28.200][D][DESK:061]: 9B:04:11:7C:C3:9D
[15:03:28.204][D][KEYPAD:046]: 9B:06:02:00:00:6C:A1:9D
[15:03:28.223][D][DESK:061]: 9B:07:12:7F:87:3F:80:86:9D
[15:03:28.240][D][DESK:061]: 9B:04:11:7C:C3:9D
[15:03:28.240][D][KEYPAD:046]: 9B:06:02:00:00:6C:A1:9D
[15:03:28.268][D][DESK:061]: 9B:04:11:7C:C3:9D
[15:03:28.274][D][KEYPAD:046]: 9B:06:02:00:00:6C:A1:9D
[15:03:28.283][D][DESK:061]: 9B:07:12:7F:87:06:92:46:9D
[15:03:28.302][D][DESK:061]: 9B:04:11:7C:C3:9D
[15:03:28.311][D][KEYPAD:046]: 9B:06:02:00:00:6C:A1:9D
[15:03:28.323][D][DESK:061]: 9B:04:11:7C:C3:9D
[15:03:28.348][D][KEYPAD:046]: 9B:06:02:00:00:6C:A1:9D
[15:03:28.349][D][DESK:061]: 9B:07:12:7F:87:4F:64:87:9D
[15:03:28.370][D][DESK:061]: 9B:04:11:7C:C3:9D
[15:03:28.378][D][KEYPAD:046]: 9B:06:02:00:00:6C:A1:9D
[15:03:28.390][D][DESK:061]: 9B:04:11:7C:C3:9D
[15:03:28.400][D][KEYPAD:046]: 9B:06:02:00:00:6C:A1:9D
[15:03:28.411][D][DESK:061]: 9B:07:12:7F:87:66:BA:46:9D
[15:03:28.425][D][DESK:061]: 9B:04:11:7C:C3:9D
[15:03:28.444][D][KEYPAD:046]: 9B:06:02:00:00:6C:A1:9D
[15:03:28.452][D][DESK:061]: 9B:04:11:7C:C3:9D
[15:03:28.458][D][KEYPAD:046]: 9B:06:02:00:00:6C:A1:9D
[15:03:28.477][D][DESK:061]: 9B:07:12:7F:87:7D:B1:06:9D
[15:03:28.490][D][DESK:061]: 9B:04:11:7C:C3:9D
[15:03:28.496][D][KEYPAD:046]: 9B:06:02:00:00:6C:A1:9D
[15:03:28.515][D][DESK:061]: 9B:04:11:7C:C3:9D
[15:03:28.550][D][KEYPAD:046]: 9B:06:02:00:00:6C:A1:9D
[15:03:28.550][D][DESK:061]: 9B:04:15:BF:C2:9D
[15:03:28.550][D][DESK:061]: 9B:07:12:7F:87:07:52:87:9D
[15:03:28.555][D][DESK:061]: 9B:04:11:7C:C3:9D
[15:03:28.575][D][KEYPAD:046]: 9B:06:02:00:00:6C:A1:9D
[15:03:28.580][D][DESK:061]: 9B:04:11:7C:C3:9D
[15:03:28.588][D][KEYPAD:046]: 9B:06:02:00:00:6C:A1:9D
[15:03:28.603][D][DESK:061]: 9B:07:12:7F:87:6F:BC:86:9D
[15:03:28.619][D][DESK:061]: 9B:04:11:7C:C3:9D
[15:03:28.631][D][KEYPAD:046]: 9B:06:02:00:00:6C:A1:9D
[15:03:28.649][D][DESK:061]: 9B:04:11:7C:C3:9D
[15:03:28.660][D][KEYPAD:046]: 9B:06:02:00:00:6C:A1:9D
[15:03:28.677][D][DESK:061]: 9B:07:12:7F:FF:3F:80:A4:9D
[15:03:28.691][D][DESK:061]: 9B:04:11:7C:C3:9D
[15:03:28.694][D][KEYPAD:046]: 9B:06:02:00:00:6C:A1:9D
[15:03:28.716][D][DESK:061]: 9B:04:11:7C:C3:9D
[15:03:28.732][D][KEYPAD:046]: 9B:06:02:00:00:6C:A1:9D
[15:03:28.739][D][DESK:061]: 9B:07:12:7F:FF:5B:6B:A5:9D
[15:03:28.756][D][DESK:061]: 9B:04:11:7C:C3:9D
[15:03:28.791][D][KEYPAD:046]: 9B:06:02:00:00:6C:A1:9D
[15:03:28.791][D][DESK:061]: 9B:04:11:7C:C3:9D
[15:03:28.791][D][KEYPAD:046]: 9B:06:02:00:00:6C:A1:9D
[15:03:28.800][D][DESK:061]: 9B:07:12:7F:FF:4F:64:A5:9D
[15:03:28.815][D][DESK:061]: 9B:04:11:7C:C3:9D
[15:03:28.832][D][KEYPAD:046]: 9B:06:02:00:00:6C:A1:9D
[15:03:28.854][D][DESK:061]: 9B:04:11:7C:C3:9D
[15:03:28.854][D][KEYPAD:046]: 9B:06:02:00:00:6C:A1:9D
[15:03:28.865][D][DESK:061]: 9B:07:12:7F:FF:6D:7D:25:9D
[15:03:28.882][D][DESK:061]: 9B:04:11:7C:C3:9D
[15:03:28.886][D][KEYPAD:046]: 9B:06:02:00:00:6C:A1:9D
[15:03:28.906][D][DESK:061]: 9B:04:11:7C:C3:9D
[15:03:28.911][D][KEYPAD:046]: 9B:06:02:00:00:6C:A1:9D
[15:03:28.928][D][DESK:061]: 9B:07:12:7F:FF:7D:B1:24:9D
[15:03:28.944][D][DESK:061]: 9B:04:11:7C:C3:9D
[15:03:28.961][D][KEYPAD:046]: 9B:06:02:00:00:6C:A1:9D
[15:03:28.970][D][DESK:061]: 9B:04:11:7C:C3:9D
[15:03:28.984][D][KEYPAD:046]: 9B:06:02:00:00:6C:A1:9D
[15:03:28.992][D][DESK:061]: 9B:07:12:7F:FF:7F:70:A5:9D
[15:03:29.008][D][DESK:061]: 9B:04:11:7C:C3:9D
[15:03:29.013][D][KEYPAD:046]: 9B:06:02:00:00:6C:A1:9D
[15:03:29.037][D][DESK:061]: 9B:04:11:7C:C3:9D
[15:03:29.040][D][KEYPAD:046]: 9B:06:02:00:00:6C:A1:9D
[15:03:29.059][D][DESK:061]: 9B:04:15:BF:C2:9D
[15:03:29.062][D][DESK:061]: 9B:07:12:7F:FF:6F:BC:A4:9D
[15:03:29.072][D][DESK:061]: 9B:04:11:7C:C3:9D
[15:03:29.087][D][KEYPAD:046]: 9B:06:02:00:00:6C:A1:9D
[15:03:29.098][D][DESK:061]: 9B:04:11:7C:C3:9D
[15:03:29.105][D][KEYPAD:046]: 9B:06:02:00:00:6C:A1:9D
[15:03:29.121][D][DESK:061]: 9B:07:12:7F:EF:06:52:69:9D
[15:03:29.136][D][DESK:061]: 9B:04:11:7C:C3:9D
[15:03:29.142][D][KEYPAD:046]: 9B:06:02:00:00:6C:A1:9D
[15:03:29.162][D][DESK:061]: 9B:04:11:7C:C3:9D
[15:03:29.174][D][KEYPAD:046]: 9B:06:02:00:00:6C:A1:9D
[15:03:29.193][D][DESK:061]: 9B:07:12:7F:EF:5B:AB:A8:9D
[15:03:29.203][D][DESK:061]: 9B:04:11:7C:C3:9D
[15:03:29.207][D][KEYPAD:046]: 9B:06:02:00:00:6C:A1:9D
[15:03:29.224][D][DESK:061]: 9B:04:11:7C:C3:9D
[15:03:29.234][D][KEYPAD:046]: 9B:06:02:00:00:6C:A1:9D
[15:03:29.251][D][DESK:061]: 9B:07:12:7F:EF:66:7A:69:9D
[15:03:29.266][D][DESK:061]: 9B:04:11:7C:C3:9D
[15:03:29.274][D][KEYPAD:046]: 9B:06:02:00:00:6C:A1:9D
[15:03:29.291][D][DESK:061]: 9B:04:11:7C:C3:9D
[15:03:29.298][D][KEYPAD:046]: 9B:06:02:00:00:6C:A1:9D
[15:03:29.316][D][DESK:061]: 9B:07:12:7F:EF:6D:BD:28:9D
[15:03:29.335][D][DESK:061]: 9B:04:11:7C:C3:9D
[15:03:29.340][D][KEYPAD:046]: 9B:06:02:00:00:6C:A1:9D
[15:03:29.366][D][DESK:061]: 9B:04:11:7C:C3:9D
[15:03:29.369][D][KEYPAD:046]: 9B:06:02:00:00:6C:A1:9D
[15:03:29.376][D][DESK:061]: 9B:07:12:7F:EF:07:92:A8:9D
[15:03:29.394][D][DESK:061]: 9B:04:11:7C:C3:9D
[15:03:29.398][D][KEYPAD:046]: 9B:06:02:00:00:6C:A1:9D
[15:03:29.419][D][DESK:061]: 9B:04:11:7C:C3:9D
[15:03:29.435][D][KEYPAD:046]: 9B:06:02:00:00:6C:A1:9D
[15:03:29.442][D][DESK:061]: 9B:07:12:7F:EF:7F:B0:A8:9D
[15:03:29.455][D][DESK:061]: 9B:04:11:7C:C3:9D
[15:03:29.472][D][KEYPAD:046]: 9B:06:02:00:00:6C:A1:9D
[15:03:29.482][D][DESK:061]: 9B:04:11:7C:C3:9D
[15:03:29.506][D][KEYPAD:046]: 9B:06:02:00:00:6C:A1:9D
[15:03:29.515][D][DESK:061]: 9B:07:12:6F:BF:3F:85:94:9D
[15:03:29.534][D][DESK:061]: 9B:04:11:7C:C3:9D
[15:03:29.534][D][KEYPAD:046]: 9B:06:02:00:00:6C:A1:9D
[15:03:29.546][D][DESK:061]: 9B:04:11:7C:C3:9D
[15:03:29.553][D][KEYPAD:046]: 9B:06:02:00:00:6C:A1:9D
[15:03:29.571][D][DESK:061]: 9B:04:15:BF:C2:9D
[15:03:29.574][D][DESK:061]: 9B:07:12:6F:BF:06:97:54:9D
[15:03:29.584][D][DESK:061]: 9B:04:11:7C:C3:9D
[15:03:29.599][D][KEYPAD:046]: 9B:06:02:00:00:6C:A1:9D
[15:03:29.609][D][DESK:061]: 9B:04:11:7C:C3:9D
[15:03:29.617][D][KEYPAD:046]: 9B:06:02:00:00:6C:A1:9D
[15:03:29.634][D][DESK:061]: 9B:07:12:6F:BF:4F:61:95:9D
[15:03:29.648][D][DESK:061]: 9B:04:11:7C:C3:9D
[15:03:29.655][D][KEYPAD:046]: 9B:06:02:00:00:6C:A1:9D
[15:03:29.676][D][DESK:061]: 9B:04:11:7C:C3:9D
[15:03:29.682][D][KEYPAD:046]: 9B:06:02:00:00:6C:A1:9D
[15:03:29.701][D][DESK:061]: 9B:07:12:6F:BF:66:BF:54:9D
[15:03:29.711][D][DESK:061]: 9B:04:11:7C:C3:9D
[15:03:29.718][D][KEYPAD:046]: 9B:06:02:00:00:6C:A1:9D
[15:03:29.738][D][DESK:061]: 9B:04:11:7C:C3:9D
[15:03:29.746][D][KEYPAD:046]: 9B:06:02:00:00:6C:A1:9D
[15:03:29.761][D][DESK:061]: 9B:07:12:6F:BF:7D:B4:14:9D
[15:03:29.777][D][DESK:061]: 9B:04:11:7C:C3:9D
[15:03:29.782][D][KEYPAD:046]: 9B:06:02:00:00:6C:A1:9D
[15:03:29.803][D][DESK:061]: 9B:04:11:7C:C3:9D
[15:03:29.810][D][KEYPAD:046]: 9B:06:02:00:00:6C:A1:9D
[15:03:29.827][D][DESK:061]: 9B:07:12:6F:BF:07:57:95:9D
[15:03:29.840][D][DESK:061]: 9B:04:11:7C:C3:9D
[15:03:29.847][D][KEYPAD:046]: 9B:06:02:00:00:6C:A1:9D
[15:03:29.866][D][DESK:061]: 9B:04:11:7C:C3:9D
[15:03:29.885][D][KEYPAD:046]: 9B:06:02:00:00:6C:A1:9D
[15:03:29.909][D][DESK:061]: 9B:07:12:6F:BF:6F:B9:94:9D
[15:03:29.909][D][DESK:061]: 9B:04:11:7C:C3:9D
[15:03:29.955][D][KEYPAD:046]: 9B:06:02:00:00:6C:A1:9D
[15:03:29.955][D][DESK:061]: 9B:04:11:7C:C3:9D
[15:03:29.955][D][KEYPAD:046]: 9B:06:02:00:00:6C:A1:9D
[15:03:29.955][D][DESK:061]: 9B:07:12:6F:86:3F:D5:86:9D
[15:03:29.968][D][DESK:061]: 9B:04:11:7C:C3:9D
[15:03:29.996][D][KEYPAD:046]: 9B:06:02:00:00:6C:A1:9D
[15:03:30.012][D][DESK:061]: 9B:04:11:7C:C3:9D
[15:03:30.012][D][KEYPAD:046]: 9B:06:02:00:00:6C:A1:9D
[15:03:30.020][D][DESK:061]: 9B:07:12:6F:86:5B:3E:87:9D
[15:03:30.036][D][DESK:061]: 9B:04:11:7C:C3:9D
[15:03:30.040][D][KEYPAD:046]: 9B:06:02:00:00:6C:A1:9D
[15:03:30.059][D][DESK:061]: 9B:04:11:7C:C3:9D
[15:03:30.065][D][KEYPAD:046]: 9B:06:02:00:00:6C:A1:9D
[15:03:30.089][D][DESK:061]: 9B:04:15:BF:C2:9D
[15:03:30.092][D][DESK:061]: 9B:07:12:6F:86:4F:31:87:9D
[15:03:30.097][D][DESK:061]: 9B:04:11:7C:C3:9D
[15:03:30.139][D][KEYPAD:046]: 9B:06:02:00:00:6C:A1:9D
[15:03:30.139][D][DESK:061]: 9B:04:11:7C:C3:9D
[15:03:30.139][D][KEYPAD:046]: 9B:06:02:00:00:6C:A1:9D
[15:03:30.152][D][DESK:061]: 9B:07:12:6F:86:6D:28:07:9D
[15:03:30.165][D][DESK:061]: 9B:04:11:7C:C3:9D
[15:03:30.185][D][KEYPAD:046]: 9B:06:02:00:00:6C:A1:9D
[15:03:30.190][D][DESK:061]: 9B:04:11:7C:C3:9D
[15:03:30.198][D][KEYPAD:046]: 9B:06:02:00:00:6C:A1:9D
[15:03:30.214][D][DESK:061]: 9B:07:12:6F:86:07:07:87:9D
[15:03:30.230][D][DESK:061]: 9B:04:11:7C:C3:9D
[15:03:30.238][D][KEYPAD:046]: 9B:06:02:00:00:6C:A1:9D
[15:03:30.257][D][DESK:061]: 9B:04:11:7C:C3:9D
[15:03:30.262][D][KEYPAD:046]: 9B:06:02:00:00:6C:A1:9D
[15:03:30.287][D][DESK:061]: 9B:07:12:6F:86:7F:25:87:9D
[15:03:30.294][D][DESK:061]: 9B:04:11:7C:C3:9D
[15:03:30.299][D][KEYPAD:046]: 9B:06:02:00:00:6C:A1:9D
[15:03:30.321][D][DESK:061]: 9B:04:11:7C:C3:9D
[15:03:30.335][D][KEYPAD:046]: 9B:06:02:00:00:6C:A1:9D
[15:03:30.342][D][DESK:061]: 9B:07:12:6F:DB:3F:45:BE:9D
[15:03:30.358][D][DESK:061]: 9B:04:11:7C:C3:9D
[15:03:30.366][D][KEYPAD:046]: 9B:06:02:00:00:6C:A1:9D
[15:03:30.392][D][DESK:061]: 9B:04:11:7C:C3:9D
[15:03:30.395][D][KEYPAD:046]: 9B:06:02:00:00:6C:A1:9D
[15:03:30.418][D][DESK:061]: 9B:07:12:6F:DB:06:57:7E:9D
[15:03:30.442][D][DESK:061]: 9B:04:11:7C:C3:9D
[15:03:30.442][D][KEYPAD:046]: 9B:06:02:00:00:6C:A1:9D
[15:03:30.452][D][DESK:061]: 9B:04:11:7C:C3:9D
[15:03:30.455][D][KEYPAD:046]: 9B:06:02:00:00:6C:A1:9D
[15:03:30.471][D][DESK:061]: 9B:07:12:6F:DB:4F:A1:BF:9D
[15:03:30.493][D][DESK:061]: 9B:04:11:7C:C3:9D
[15:03:30.498][D][KEYPAD:046]: 9B:06:02:00:00:6C:A1:9D
[15:03:30.521][D][DESK:061]: 9B:04:11:7C:C3:9D
[15:03:30.540][D][KEYPAD:046]: 9B:06:02:00:00:6C:A1:9D
[15:03:30.540][D][DESK:061]: 9B:07:12:6F:DB:66:7F:7E:9D
[15:03:30.550][D][DESK:061]: 9B:04:11:7C:C3:9D
[15:03:30.556][D][KEYPAD:046]: 9B:06:02:00:00:6C:A1:9D
[15:03:30.575][D][DESK:061]: 9B:04:11:7C:C3:9D
[15:03:30.582][D][KEYPAD:046]: 9B:06:02:00:00:6C:A1:9D
[15:03:30.597][D][DESK:061]: 9B:04:15:BF:C2:9D
[15:03:30.601][D][DESK:061]: 9B:07:12:6F:DB:7D:74:3E:9D
[15:03:30.623][D][DESK:061]: 9B:04:11:7C:C3:9D
[15:03:30.640][D][KEYPAD:046]: 9B:06:02:00:00:6C:A1:9D
[15:03:30.644][D][DESK:061]: 9B:04:11:7C:C3:9D
[15:03:30.653][D][KEYPAD:046]: 9B:06:02:00:00:6C:A1:9D
[15:03:30.664][D][DESK:061]: 9B:07:12:6F:DB:07:97:BF:9D
[15:03:30.682][D][DESK:061]: 9B:04:11:7C:C3:9D
[15:03:30.702][D][KEYPAD:046]: 9B:06:02:00:00:6C:A1:9D
[15:03:30.703][D][DESK:061]: 9B:04:11:7C:C3:9D
[15:03:30.711][D][KEYPAD:046]: 9B:06:02:00:00:6C:A1:9D
[15:03:30.736][D][DESK:061]: 9B:07:12:6F:DB:6F:79:BE:9D
[15:03:30.752][D][DESK:061]: 9B:04:11:7C:C3:9D
[15:03:30.753][D][KEYPAD:046]: 9B:06:02:00:00:6C:A1:9D
[15:03:30.768][D][DESK:061]: 9B:04:11:7C:C3:9D
[15:03:30.774][D][KEYPAD:046]: 9B:06:02:00:00:6C:A1:9D
[15:03:30.800][D][DESK:061]: 9B:07:12:6F:CF:3F:45:B1:9D
[15:03:30.810][D][DESK:061]: 9B:04:11:7C:C3:9D
[15:03:30.814][D][KEYPAD:046]: 9B:06:02:00:00:6C:A1:9D
[15:03:30.833][D][DESK:061]: 9B:04:11:7C:C3:9D
[15:03:30.842][D][KEYPAD:046]: 9B:06:02:00:00:6C:A1:9D
[15:03:30.855][D][DESK:061]: 9B:07:12:6F:CF:5B:AE:B0:9D
[15:03:30.869][D][DESK:061]: 9B:04:11:7C:C3:9D
[15:03:30.878][D][KEYPAD:046]: 9B:06:02:00:00:6C:A1:9D
[15:03:30.902][D][DESK:061]: 9B:04:11:7C:C3:9D
[15:03:30.902][D][KEYPAD:046]: 9B:06:02:00:00:6C:A1:9D
[15:03:30.931][D][DESK:061]: 9B:07:12:6F:CF:4F:A1:B0:9D
[15:03:30.937][D][DESK:061]: 9B:04:11:7C:C3:9D
[15:03:30.941][D][KEYPAD:046]: 9B:06:02:00:00:6C:A1:9D
[15:03:30.967][D][DESK:061]: 9B:04:11:7C:C3:9D
[15:03:31.005][D][KEYPAD:046]: 9B:06:02:00:00:6C:A1:9D
[15:03:31.005][D][DESK:061]: 9B:07:12:6F:CF:6D:B8:30:9D
[15:03:31.005][D][DESK:061]: 9B:04:11:7C:C3:9D
[15:03:31.005][D][KEYPAD:046]: 9B:06:02:00:00:6C:A1:9D
[15:03:31.083][D][DESK:061]: 9B:04:11:7C:C3:9D
[15:03:31.083][D][KEYPAD:046]: 9B:06:02:00:00:6C:A1:9D
[15:03:31.083][D][DESK:061]: 9B:07:12:6F:CF:7D:74:31:9D
[15:03:31.083][D][DESK:061]: 9B:04:11:7C:C3:9D
[15:03:31.089][D][KEYPAD:046]: 9B:06:02:00:00:6C:A1:9D
[15:03:31.106][D][DESK:061]: 9B:04:11:7C:C3:9D
[15:03:31.107][D][KEYPAD:046]: 9B:06:02:00:00:6C:A1:9D
[15:03:31.108][D][DESK:061]: 9B:04:15:BF:C2:9D
[15:03:31.115][D][DESK:061]: 9B:07:12:6F:CF:7F:B5:B0:9D
[15:03:31.137][D][DESK:061]: 9B:04:11:7C:C3:9D
[15:03:31.142][D][KEYPAD:046]: 9B:06:02:00:00:6C:A1:9D
[15:03:31.152][D][DESK:061]: 9B:04:11:7C:C3:9D
[15:03:31.165][D][KEYPAD:046]: 9B:06:02:00:00:6C:A1:9D
[15:03:31.178][D][DESK:061]: 9B:07:12:6F:CF:6F:79:B1:9D
[15:03:31.191][D][DESK:061]: 9B:04:11:7C:C3:9D
[15:03:31.209][D][KEYPAD:046]: 9B:06:02:00:00:6C:A1:9D
[15:03:31.215][D][DESK:061]: 9B:04:11:7C:C3:9D
[15:03:31.244][D][KEYPAD:046]: 9B:06:02:00:00:6C:A1:9D
[15:03:31.247][D][DESK:061]: 9B:07:12:6F:E6:06:C7:6E:9D
[15:03:31.255][D][DESK:061]: 9B:04:11:7C:C3:9D
[15:03:31.261][D][KEYPAD:046]: 9B:06:02:00:00:6C:A1:9D
[15:03:31.280][D][DESK:061]: 9B:04:11:7C:C3:9D
[15:03:31.287][D][KEYPAD:046]: 9B:06:02:00:00:6C:A1:9D
[15:03:31.311][D][DESK:061]: 9B:07:12:6F:E6:5B:3E:AF:9D
[15:03:31.325][D][DESK:061]: 9B:04:11:7C:C3:9D
[15:03:31.346][D][KEYPAD:046]: 9B:06:02:00:00:6C:A1:9D
[15:03:31.350][D][DESK:061]: 9B:04:11:7C:C3:9D
[15:03:31.355][D][KEYPAD:046]: 9B:06:02:00:00:6C:A1:9D
[15:03:31.372][D][DESK:061]: 9B:07:12:6F:E6:66:EF:6E:9D
[15:03:31.388][D][DESK:061]: 9B:04:11:7C:C3:9D
[15:03:31.393][D][KEYPAD:046]: 9B:06:02:00:00:6C:A1:9D
[15:03:31.415][D][DESK:061]: 9B:04:11:7C:C3:9D
[15:03:31.453][D][KEYPAD:046]: 9B:06:02:00:00:6C:A1:9D
[15:03:31.454][D][DESK:061]: 9B:07:12:6F:E6:6D:28:2F:9D
[15:03:31.456][D][DESK:061]: 9B:04:11:7C:C3:9D
[15:03:31.457][D][KEYPAD:046]: 9B:06:02:00:00:6C:A1:9D
[15:03:31.477][D][DESK:061]: 9B:04:11:7C:C3:9D
[15:03:31.484][D][KEYPAD:046]: 9B:06:02:00:00:6C:A1:9D
[15:03:31.503][D][DESK:061]: 9B:07:12:6F:E6:07:07:AF:9D
[15:03:31.516][D][DESK:061]: 9B:04:11:7C:C3:9D
[15:03:31.548][D][KEYPAD:046]: 9B:06:02:00:00:6C:A1:9D
[15:03:31.548][D][DESK:061]: 9B:04:11:7C:C3:9D
[15:03:31.553][D][KEYPAD:046]: 9B:06:02:00:00:6C:A1:9D
[15:03:31.563][D][DESK:061]: 9B:07:12:6F:E6:7F:25:AF:9D
[15:03:31.581][D][DESK:061]: 9B:04:11:7C:C3:9D
[15:03:31.588][D][KEYPAD:046]: 9B:06:02:00:00:6C:A1:9D
[15:03:31.604][D][DESK:061]: 9B:04:11:7C:C3:9D
[15:03:31.619][D][KEYPAD:046]: 9B:06:02:00:00:6C:A1:9D
[15:03:31.647][D][DESK:061]: 9B:04:15:BF:C2:9D
[15:03:31.647][D][DESK:061]: 9B:07:12:6F:ED:3F:E5:A9:9D
[15:03:31.650][D][DESK:061]: 9B:04:11:7C:C3:9D
[15:03:31.650][D][KEYPAD:046]: 9B:06:02:00:00:6C:A1:9D
[15:03:31.670][D][DESK:061]: 9B:04:11:7C:C3:9D
[15:03:31.676][D][KEYPAD:046]: 9B:06:02:00:00:6C:A1:9D
[15:03:31.692][D][DESK:061]: 9B:07:12:6F:ED:5B:0E:A8:9D
[15:03:31.721][D][DESK:061]: 9B:04:11:7C:C3:9D
[15:03:31.735][D][KEYPAD:046]: 9B:06:02:00:00:6C:A1:9D
[15:03:31.735][D][DESK:061]: 9B:04:11:7C:C3:9D
[15:03:31.750][D][KEYPAD:046]: 9B:06:02:00:00:6C:A1:9D
[15:03:31.758][D][DESK:061]: 9B:07:12:6F:ED:4F:01:A8:9D
[15:03:31.773][D][DESK:061]: 9B:04:11:7C:C3:9D
[15:03:31.778][D][KEYPAD:046]: 9B:06:02:00:00:6C:A1:9D
[15:03:31.797][D][DESK:061]: 9B:04:11:7C:C3:9D
[15:03:31.804][D][KEYPAD:046]: 9B:06:02:00:00:6C:A1:9D
[15:03:31.823][D][DESK:061]: 9B:07:12:6F:ED:6D:18:28:9D
[15:03:31.837][D][DESK:061]: 9B:04:11:7C:C3:9D
[15:03:31.855][D][KEYPAD:046]: 9B:06:02:00:00:6C:A1:9D
[15:03:31.862][D][DESK:061]: 9B:04:11:7C:C3:9D
[15:03:31.868][D][KEYPAD:046]: 9B:06:02:00:00:6C:A1:9D
[15:03:31.887][D][DESK:061]: 9B:07:12:6F:ED:7D:D4:29:9D
[15:03:31.901][D][DESK:061]: 9B:04:11:7C:C3:9D
[15:03:31.911][D][KEYPAD:046]: 9B:06:02:00:00:6C:A1:9D
[15:03:31.927][D][DESK:061]: 9B:04:11:7C:C3:9D
[15:03:31.935][D][KEYPAD:046]: 9B:06:02:00:00:6C:A1:9D
[15:03:31.954][D][DESK:061]: 9B:07:12:6F:ED:7F:15:A8:9D
[15:03:31.964][D][DESK:061]: 9B:04:11:7C:C3:9D
[15:03:31.971][D][KEYPAD:046]: 9B:06:02:00:00:6C:A1:9D
[15:03:31.989][D][DESK:061]: 9B:04:11:7C:C3:9D
[15:03:31.998][D][KEYPAD:046]: 9B:06:02:00:00:6C:A1:9D
[15:03:32.012][D][DESK:061]: 9B:07:12:6F:ED:6F:D9:A9:9D
[15:03:32.028][D][DESK:061]: 9B:04:11:7C:C3:9D
[15:03:32.037][D][KEYPAD:046]: 9B:06:02:00:00:6C:A1:9D
[15:03:32.058][D][DESK:061]: 9B:04:11:7C:C3:9D
[15:03:32.060][D][KEYPAD:046]: 9B:06:02:00:00:6C:A1:9D
[15:03:32.080][D][DESK:061]: 9B:07:12:6F:FD:06:37:64:9D
[15:03:32.091][D][DESK:061]: 9B:04:11:7C:C3:9D
[15:03:32.102][D][KEYPAD:046]: 9B:06:02:00:00:6C:A1:9D
[15:03:32.133][D][DESK:061]: 9B:04:11:7C:C3:9D
[15:03:32.138][D][KEYPAD:046]: 9B:06:02:00:00:6C:A1:9D
[15:03:32.138][D][DESK:061]: 9B:04:15:BF:C2:9D
[15:03:32.144][D][DESK:061]: 9B:07:12:6F:FD:5B:CE:A5:9D
[15:03:32.159][D][DESK:061]: 9B:04:11:7C:C3:9D
[15:03:32.176][D][KEYPAD:046]: 9B:06:02:00:00:6C:A1:9D
[15:03:32.186][D][DESK:061]: 9B:04:11:7C:C3:9D
[15:03:32.191][D][KEYPAD:046]: 9B:06:02:00:00:6C:A1:9D
[15:03:32.206][D][DESK:061]: 9B:07:12:6F:FD:66:1F:64:9D
[15:03:32.221][D][DESK:061]: 9B:04:11:7C:C3:9D
[15:03:32.240][D][KEYPAD:046]: 9B:06:02:00:00:6C:A1:9D
[15:03:32.247][D][DESK:061]: 9B:04:11:7C:C3:9D
[15:03:32.261][D][KEYPAD:046]: 9B:06:02:00:00:6C:A1:9D
[15:03:32.270][D][DESK:061]: 9B:07:12:6F:FD:6D:D8:25:9D
[15:03:32.287][D][DESK:061]: 9B:04:11:7C:C3:9D
[15:03:32.293][D][KEYPAD:046]: 9B:06:02:00:00:6C:A1:9D
[15:03:32.313][D][DESK:061]: 9B:04:11:7C:C3:9D
[15:03:32.318][D][KEYPAD:046]: 9B:06:02:00:00:6C:A1:9D
[15:03:32.338][D][DESK:061]: 9B:07:12:6F:FD:07:F7:A5:9D
[15:03:32.350][D][DESK:061]: 9B:04:11:7C:C3:9D
[15:03:32.364][D][KEYPAD:046]: 9B:06:02:00:00:6C:A1:9D
[15:03:32.373][D][DESK:061]: 9B:04:11:7C:C3:9D
[15:03:32.380][D][KEYPAD:046]: 9B:06:02:00:00:6C:A1:9D
[15:03:32.399][D][DESK:061]: 9B:07:12:6F:FD:7F:D5:A5:9D
[15:03:32.414][D][DESK:061]: 9B:04:11:7C:C3:9D
[15:03:32.420][D][KEYPAD:046]: 9B:06:02:00:00:6C:A1:9D
[15:03:32.442][D][DESK:061]: 9B:04:11:7C:C3:9D
[15:03:32.447][D][KEYPAD:046]: 9B:06:02:00:00:6C:A1:9D
[15:03:32.468][D][DESK:061]: 9B:07:12:6F:87:3F:45:87:9D
[15:03:32.477][D][DESK:061]: 9B:04:11:7C:C3:9D
[15:03:32.483][D][KEYPAD:046]: 9B:06:02:00:00:6C:A1:9D
[15:03:32.503][D][DESK:061]: 9B:04:11:7C:C3:9D
[15:03:32.512][D][KEYPAD:046]: 9B:06:02:00:00:6C:A1:9D
[15:03:32.528][D][DESK:061]: 9B:07:12:6F:87:06:57:47:9D
[15:03:32.544][D][DESK:061]: 9B:04:11:7C:C3:9D
[15:03:32.549][D][KEYPAD:046]: 9B:06:02:00:00:6C:A1:9D
[15:03:32.569][D][DESK:061]: 9B:04:11:7C:C3:9D
[15:03:32.576][D][KEYPAD:046]: 9B:06:02:00:00:6C:A1:9D
[15:03:32.589][D][DESK:061]: 9B:07:12:6F:87:4F:A1:86:9D
[15:03:32.607][D][DESK:061]: 9B:04:11:7C:C3:9D
[15:03:32.612][D][KEYPAD:046]: 9B:06:02:00:00:6C:A1:9D
[15:03:32.630][D][DESK:061]: 9B:04:11:7C:C3:9D
[15:03:32.646][D][KEYPAD:046]: 9B:06:02:00:00:6C:A1:9D
[15:03:32.651][D][DESK:061]: 9B:04:15:BF:C2:9D
[15:03:32.671][D][DESK:061]: 9B:07:12:6F:87:66:7F:47:9D
[15:03:32.677][D][DESK:061]: 9B:04:11:7C:C3:9D
[15:03:32.678][D][KEYPAD:046]: 9B:06:02:00:00:6C:A1:9D
[15:03:32.698][D][DESK:061]: 9B:04:11:7C:C3:9D
[15:03:32.705][D][KEYPAD:046]: 9B:06:02:00:00:6C:A1:9D
[15:03:32.718][D][DESK:061]: 9B:07:12:6F:87:7D:74:07:9D
[15:03:32.747][D][DESK:061]: 9B:04:11:7C:C3:9D
[15:03:32.747][D][KEYPAD:046]: 9B:06:02:00:00:6C:A1:9D
[15:03:32.774][D][DESK:061]: 9B:04:11:7C:C3:9D
[15:03:32.778][D][KEYPAD:046]: 9B:06:02:00:00:6C:A1:9D
[15:03:32.787][D][DESK:061]: 9B:07:12:6F:87:07:97:86:9D
[15:03:32.805][D][DESK:061]: 9B:04:11:7C:C3:9D
[15:03:32.808][D][KEYPAD:046]: 9B:06:02:00:00:6C:A1:9D
[15:03:32.828][D][DESK:061]: 9B:04:11:7C:C3:9D
[15:03:32.848][D][KEYPAD:046]: 9B:06:02:00:00:6C:A1:9D
[15:03:32.852][D][DESK:061]: 9B:07:12:6F:87:6F:79:87:9D
[15:03:32.876][D][DESK:061]: 9B:04:11:7C:C3:9D
[15:03:32.879][D][KEYPAD:046]: 9B:06:02:00:00:6C:A1:9D
[15:03:32.890][D][DESK:061]: 9B:04:11:7C:C3:9D
[15:03:32.898][D][KEYPAD:046]: 9B:06:02:00:00:6C:A1:9D
[15:03:32.914][D][DESK:061]: 9B:07:12:6F:FF:3F:45:A5:9D
[15:03:32.934][D][DESK:061]: 9B:04:11:7C:C3:9D
[15:03:32.950][D][KEYPAD:046]: 9B:06:02:00:00:6C:A1:9D
[15:03:32.955][D][DESK:061]: 9B:04:11:7C:C3:9D
[15:03:32.962][D][KEYPAD:046]: 9B:06:02:00:00:6C:A1:9D
[15:03:32.979][D][DESK:061]: 9B:07:12:6F:FF:5B:AE:A4:9D
[15:03:32.995][D][DESK:061]: 9B:04:11:7C:C3:9D
[15:03:33.000][D][KEYPAD:046]: 9B:06:02:00:00:6C:A1:9D
[15:03:33.020][D][DESK:061]: 9B:04:11:7C:C3:9D
[15:03:33.036][D][KEYPAD:046]: 9B:06:02:00:00:6C:A1:9D
[15:03:33.052][D][DESK:061]: 9B:07:12:6F:FF:4F:A1:A4:9D
[15:03:33.058][D][DESK:061]: 9B:04:11:7C:C3:9D
[15:03:33.066][D][KEYPAD:046]: 9B:06:02:00:00:6C:A1:9D
[15:03:33.087][D][DESK:061]: 9B:04:11:7C:C3:9D
[15:03:33.092][D][KEYPAD:046]: 9B:06:02:00:00:6C:A1:9D
[15:03:33.107][D][DESK:061]: 9B:07:12:6F:FF:6D:B8:24:9D
[15:03:33.122][D][DESK:061]: 9B:04:11:7C:C3:9D
[15:03:33.138][D][KEYPAD:046]: 9B:06:02:00:00:6C:A1:9D
[15:03:33.155][D][DESK:061]: 9B:04:11:7C:C3:9D
[15:03:33.159][D][KEYPAD:046]: 9B:06:02:00:00:6C:A1:9D
[15:03:33.163][D][DESK:061]: 9B:04:15:BF:C2:9D
[15:03:33.183][D][DESK:061]: 9B:07:12:6F:FF:7D:74:25:9D
[15:03:33.187][D][DESK:061]: 9B:04:11:7C:C3:9D
[15:03:33.193][D][KEYPAD:046]: 9B:06:02:00:00:6C:A1:9D
[15:03:33.213][D][DESK:061]: 9B:04:11:7C:C3:9D
[15:03:33.219][D][KEYPAD:046]: 9B:06:02:00:00:6C:A1:9D
[15:03:33.237][D][DESK:061]: 9B:07:12:6F:FF:7F:B5:A4:9D
[15:03:33.259][D][DESK:061]: 9B:04:11:7C:C3:9D
[15:03:33.259][D][KEYPAD:046]: 9B:06:02:00:00:6C:A1:9D
[15:03:33.287][D][DESK:061]: 9B:04:11:7C:C3:9D
[15:03:33.295][D][KEYPAD:046]: 9B:06:02:00:00:6C:A1:9D
[15:03:33.302][D][DESK:061]: 9B:07:12:6F:FF:6F:79:A5:9D
[15:03:33.315][D][DESK:061]: 9B:04:11:7C:C3:9D
[15:03:33.321][D][KEYPAD:046]: 9B:06:02:00:00:6C:A1:9D
[15:03:33.341][D][DESK:061]: 9B:04:11:7C:C3:9D
[15:03:33.359][D][KEYPAD:046]: 9B:06:02:00:00:6C:A1:9D
[15:03:33.364][D][DESK:061]: 9B:07:12:6F:EF:06:97:68:9D
[15:03:33.387][D][DESK:061]: 9B:04:11:7C:C3:9D
[15:03:33.394][D][KEYPAD:046]: 9B:06:02:00:00:6C:A1:9D
[15:03:33.406][D][DESK:061]: 9B:04:11:7C:C3:9D
[15:03:33.413][D][KEYPAD:046]: 9B:06:02:00:00:6C:A1:9D
[15:03:33.429][D][DESK:061]: 9B:07:12:6F:EF:5B:6E:A9:9D
[15:03:33.443][D][DESK:061]: 9B:04:11:7C:C3:9D
[15:03:33.462][D][KEYPAD:046]: 9B:06:02:00:00:6C:A1:9D
[15:03:33.468][D][DESK:061]: 9B:04:11:7C:C3:9D
[15:03:33.474][D][KEYPAD:046]: 9B:06:02:00:00:6C:A1:9D
[15:03:33.492][D][DESK:061]: 9B:07:12:6F:EF:66:BF:68:9D
[15:03:33.509][D][DESK:061]: 9B:04:11:7C:C3:9D
[15:03:33.514][D][KEYPAD:046]: 9B:06:02:00:00:6C:A1:9D
[15:03:33.531][D][DESK:061]: 9B:04:11:7C:C3:9D
[15:03:33.538][D][KEYPAD:046]: 9B:06:02:00:00:6C:A1:9D
[15:03:33.566][D][DESK:061]: 9B:07:12:6F:EF:6D:78:29:9D
[15:03:33.571][D][DESK:061]: 9B:04:11:7C:C3:9D
[15:03:33.577][D][KEYPAD:046]: 9B:06:02:00:00:6C:A1:9D
[15:03:33.596][D][DESK:061]: 9B:04:11:7C:C3:9D
[15:03:33.602][D][KEYPAD:046]: 9B:06:02:00:00:6C:A1:9D
[15:03:33.622][D][DESK:061]: 9B:07:12:6F:EF:07:57:A9:9D
[15:03:33.636][D][DESK:061]: 9B:04:11:7C:C3:9D
[15:03:33.642][D][KEYPAD:046]: 9B:06:02:00:00:6C:A1:9D
[15:03:33.668][D][DESK:061]: 9B:04:11:7C:C3:9D
[15:03:33.668][D][KEYPAD:046]: 9B:06:02:00:00:6C:A1:9D
[15:03:33.676][D][DESK:061]: 9B:04:15:BF:C2:9D
[15:03:33.697][D][DESK:061]: 9B:07:12:6F:EF:6F:B9:A8:9D
[15:03:33.706][D][DESK:061]: 9B:04:11:7C:C3:9D
[15:03:33.707][D][KEYPAD:046]: 9B:06:02:00:00:6C:A1:9D
[15:03:33.726][D][DESK:061]: 9B:04:11:7C:C3:9D
[15:03:33.736][D][KEYPAD:046]: 9B:06:02:00:00:6C:A1:9D
[15:03:33.750][D][DESK:061]: 9B:07:12:06:3F:3F:59:25:9D
[15:03:33.770][D][DESK:061]: 9B:04:11:7C:C3:9D
[15:03:33.775][D][KEYPAD:046]: 9B:06:02:00:00:6C:A1:9D
[15:03:33.818][D][DESK:061]: 9B:04:11:7C:C3:9D
[15:03:33.910][D][KEYPAD:046]: 9B:06:02:00:00:6C:A1:9D
[15:03:33.910][D][DESK:061]: 9B:07:12:06:3F:3F:59:25:9D
[15:03:33.910][D][DESK:061]: 9B:04:11:7C:C3:9D
[15:03:33.910][D][KEYPAD:046]: 9B:06:02:00:00:6C:A1:9D
[15:03:33.910][D][DESK:061]: 9B:04:11:7C:C3:9D
[15:03:33.910][D][KEYPAD:046]: 9B:06:02:00:00:6C:A1:9D
[15:03:33.917][D][DESK:061]: 9B:07:12:06:3F:3F:59:25:9D
[15:03:33.917][D][DESK:061]: 9B:04:11:7C:C3:9D
[15:03:33.917][D][KEYPAD:046]: 9B:06:02:00:00:6C:A1:9D
[15:03:33.919][D][DESK:061]: 9B:04:11:7C:C3:9D
[15:03:33.937][D][KEYPAD:046]: 9B:06:02:00:00:6C:A1:9D
[15:03:33.945][D][DESK:061]: 9B:07:12:06:3F:06:4B:E5:9D
[15:03:33.958][D][DESK:061]: 9B:04:11:7C:C3:9D
[15:03:33.979][D][KEYPAD:046]: 9B:06:02:00:00:6C:A1:9D
[15:03:33.983][D][DESK:061]: 9B:04:11:7C:C3:9D
[15:03:33.990][D][KEYPAD:046]: 9B:06:02:00:00:6C:A1:9D
[15:03:34.007][D][DESK:061]: 9B:07:12:06:3F:06:4B:E5:9D
[15:03:34.019][D][DESK:061]: 9B:04:11:7C:C3:9D
[15:03:34.042][D][KEYPAD:046]: 9B:06:02:00:00:6C:A1:9D
[15:03:34.048][D][DESK:061]: 9B:04:11:7C:C3:9D
[15:03:34.057][D][KEYPAD:046]: 9B:06:02:00:00:6C:A1:9D
[15:03:34.076][D][DESK:061]: 9B:07:12:06:3F:06:4B:E5:9D
[15:03:34.087][D][DESK:061]: 9B:04:11:7C:C3:9D
[15:03:34.105][D][KEYPAD:046]: 9B:06:02:00:00:6C:A1:9D
[15:03:34.116][D][DESK:061]: 9B:04:11:7C:C3:9D
[15:03:34.116][D][KEYPAD:046]: 9B:06:02:00:00:6C:A1:9D
[15:03:34.132][D][DESK:061]: 9B:07:12:06:3F:06:4B:E5:9D
[15:03:34.150][D][DESK:061]: 9B:04:11:7C:C3:9D
[15:03:34.155][D][KEYPAD:046]: 9B:06:02:00:00:6C:A1:9D
[15:03:34.179][D][DESK:061]: 9B:04:11:7C:C3:9D
[15:03:34.187][D][KEYPAD:046]: 9B:06:02:00:00:6C:A1:9D
[15:03:34.190][D][DESK:061]: 9B:04:15:BF:C2:9D
[15:03:34.208][D][DESK:061]: 9B:07:12:06:3F:06:4B:E5:9D
[15:03:34.213][D][DESK:061]: 9B:04:11:7C:C3:9D
[15:03:34.221][D][KEYPAD:046]: 9B:06:02:00:00:6C:A1:9D
[15:03:34.239][D][DESK:061]: 9B:04:11:7C:C3:9D
[15:03:34.248][D][KEYPAD:046]: 9B:06:02:00:00:6C:A1:9D
[15:03:34.267][D][DESK:061]: 9B:07:12:06:3F:06:4B:E5:9D
[15:03:34.281][D][DESK:061]: 9B:04:11:7C:C3:9D
[15:03:34.287][D][KEYPAD:046]: 9B:06:02:00:00:6C:A1:9D
[15:03:34.310][D][DESK:061]: 9B:04:11:7C:C3:9D
[15:03:34.314][D][KEYPAD:046]: 9B:06:02:00:00:6C:A1:9D
[15:03:34.332][D][DESK:061]: 9B:07:12:06:3F:06:4B:E5:9D
[15:03:34.344][D][DESK:061]: 9B:04:11:7C:C3:9D
[15:03:34.353][D][KEYPAD:046]: 9B:06:02:00:00:6C:A1:9D
[15:03:34.384][D][DESK:061]: 9B:04:11:7C:C3:9D
[15:03:34.392][D][KEYPAD:046]: 9B:06:02:00:00:6C:A1:9D
[15:03:34.399][D][DESK:061]: 9B:07:12:06:3F:5B:B2:24:9D
[15:03:34.415][D][DESK:061]: 9B:04:11:7C:C3:9D
[15:03:34.417][D][KEYPAD:046]: 9B:06:02:00:00:6C:A1:9D
[15:03:34.436][D][DESK:061]: 9B:04:11:7C:C3:9D
[15:03:34.446][D][KEYPAD:046]: 9B:06:02:00:00:6C:A1:9D
[15:03:34.460][D][DESK:061]: 9B:07:12:06:3F:5B:B2:24:9D
[15:03:34.473][D][DESK:061]: 9B:04:11:7C:C3:9D
[15:03:34.489][D][KEYPAD:046]: 9B:06:02:00:00:6C:A1:9D
[15:03:34.498][D][DESK:061]: 9B:04:11:7C:C3:9D
[15:03:34.516][D][KEYPAD:046]: 9B:06:02:00:00:6C:A1:9D
[15:03:34.523][D][DESK:061]: 9B:07:12:06:3F:5B:B2:24:9D
[15:03:34.537][D][DESK:061]: 9B:04:11:7C:C3:9D
[15:03:34.543][D][KEYPAD:046]: 9B:06:02:00:00:6C:A1:9D
[15:03:34.564][D][DESK:061]: 9B:04:11:7C:C3:9D
[15:03:34.571][D][KEYPAD:046]: 9B:06:02:00:00:6C:A1:9D
[15:03:34.588][D][DESK:061]: 9B:07:12:06:3F:5B:B2:24:9D
[15:03:34.617][D][DESK:061]: 9B:04:11:7C:C3:9D
[15:03:34.622][D][KEYPAD:046]: 9B:06:02:00:00:6C:A1:9D
[15:03:34.625][D][DESK:061]: 9B:04:11:7C:C3:9D
[15:03:34.638][D][KEYPAD:046]: 9B:06:02:00:00:6C:A1:9D
[15:03:34.660][D][DESK:061]: 9B:07:12:06:3F:5B:B2:24:9D
[15:03:34.664][D][DESK:061]: 9B:04:11:7C:C3:9D
[15:03:34.675][D][KEYPAD:046]: 9B:06:02:00:00:6C:A1:9D
[15:03:34.691][D][DESK:061]: 9B:04:11:7C:C3:9D
[15:03:34.697][D][KEYPAD:046]: 9B:06:02:00:00:6C:A1:9D
[15:03:34.706][D][DESK:061]: 9B:04:15:BF:C2:9D
[15:03:34.722][D][DESK:061]: 9B:07:12:06:3F:5B:B2:24:9D
[15:03:34.741][D][DESK:061]: 9B:04:11:7C:C3:9D
[15:03:34.741][D][KEYPAD:046]: 9B:06:02:00:00:6C:A1:9D
[15:03:34.757][D][DESK:061]: 9B:04:11:7C:C3:9D
[15:03:34.762][D][KEYPAD:046]: 9B:06:02:00:00:6C:A1:9D
[15:03:34.778][D][DESK:061]: 9B:07:12:06:3F:5B:B2:24:9D
[15:03:34.795][D][DESK:061]: 9B:04:11:7C:C3:9D
[15:03:34.801][D][KEYPAD:046]: 9B:06:02:00:00:6C:A1:9D
[15:03:34.823][D][DESK:061]: 9B:04:11:7C:C3:9D
[15:03:34.838][D][KEYPAD:046]: 9B:06:02:00:00:6C:A1:9D
[15:03:34.844][D][DESK:061]: 9B:07:12:06:3F:4F:BD:24:9D
[15:03:34.859][D][DESK:061]: 9B:04:11:7C:C3:9D
[15:03:34.865][D][KEYPAD:046]: 9B:06:02:00:00:6C:A1:9D
[15:03:34.896][D][DESK:061]: 9B:04:11:7C:C3:9D
[15:03:34.899][D][KEYPAD:046]: 9B:06:02:00:00:6C:A1:9D
[15:03:34.908][D][DESK:061]: 9B:07:12:06:3F:4F:BD:24:9D
[15:03:34.924][D][DESK:061]: 9B:04:11:7C:C3:9D
[15:03:34.942][D][KEYPAD:046]: 9B:06:02:00:00:6C:A1:9D
[15:03:34.947][D][DESK:061]: 9B:04:11:7C:C3:9D
[15:03:34.956][D][KEYPAD:046]: 9B:06:02:00:00:6C:A1:9D
[15:03:34.970][D][DESK:061]: 9B:07:12:06:3F:4F:BD:24:9D
[15:03:34.998][D][DESK:061]: 9B:04:11:7C:C3:9D
[15:03:35.003][D][KEYPAD:046]: 9B:06:02:00:00:6C:A1:9D
[15:03:35.011][D][DESK:061]: 9B:04:11:7C:C3:9D
[15:03:35.027][D][KEYPAD:046]: 9B:06:02:00:00:6C:A1:9D
[15:03:35.041][D][DESK:061]: 9B:07:12:06:3F:4F:BD:24:9D
[15:03:35.052][D][DESK:061]: 9B:04:11:7C:C3:9D
[15:03:35.057][D][KEYPAD:046]: 9B:06:02:00:00:6C:A1:9D
[15:03:35.076][D][DESK:061]: 9B:04:11:7C:C3:9D
[15:03:35.083][D][KEYPAD:046]: 9B:06:02:00:00:6C:A1:9D
[15:03:35.101][D][DESK:061]: 9B:07:12:06:3F:4F:BD:24:9D
[15:03:35.113][D][DESK:061]: 9B:04:11:7C:C3:9D
[15:03:35.129][D][KEYPAD:046]: 9B:06:02:00:00:6C:A1:9D
[15:03:35.140][D][DESK:061]: 9B:04:11:7C:C3:9D
[15:03:35.146][D][KEYPAD:046]: 9B:06:02:00:00:6C:A1:9D
[15:03:35.162][D][DESK:061]: 9B:07:12:06:3F:4F:BD:24:9D
[15:03:35.179][D][DESK:061]: 9B:04:11:7C:C3:9D
[15:03:35.184][D][KEYPAD:046]: 9B:06:02:00:00:6C:A1:9D
[15:03:35.205][D][DESK:061]: 9B:04:11:7C:C3:9D
[15:03:35.211][D][KEYPAD:046]: 9B:06:02:00:00:6C:A1:9D
[15:03:35.233][D][DESK:061]: 9B:04:15:BF:C2:9D
[15:03:35.241][D][DESK:061]: 9B:07:12:06:3F:66:63:E5:9D
[15:03:35.246][D][DESK:061]: 9B:04:11:7C:C3:9D
[15:03:35.253][D][KEYPAD:046]: 9B:06:02:00:00:6C:A1:9D
[15:03:35.273][D][DESK:061]: 9B:04:11:7C:C3:9D
[15:03:35.277][D][KEYPAD:046]: 9B:06:02:00:00:6C:A1:9D
[15:03:35.292][D][DESK:061]: 9B:07:12:06:3F:66:63:E5:9D
[15:03:35.307][D][DESK:061]: 9B:04:11:7C:C3:9D
[15:03:35.313][D][KEYPAD:046]: 9B:06:02:00:00:6C:A1:9D
[15:03:35.333][D][DESK:061]: 9B:04:11:7C:C3:9D
[15:03:35.340][D][KEYPAD:046]: 9B:06:02:00:00:6C:A1:9D
[15:03:35.357][D][DESK:061]: 9B:07:12:06:3F:66:63:E5:9D
[15:03:35.370][D][DESK:061]: 9B:04:11:7C:C3:9D
[15:03:35.377][D][KEYPAD:046]: 9B:06:02:00:00:6C:A1:9D
[15:03:35.408][D][DESK:061]: 9B:04:11:7C:C3:9D
[15:03:35.412][D][KEYPAD:046]: 9B:06:02:00:00:6C:A1:9D
[15:03:35.436][D][DESK:061]: 9B:07:12:06:3F:66:63:E5:9D
[15:03:35.459][D][DESK:061]: 9B:04:11:7C:C3:9D
[15:03:35.459][D][KEYPAD:046]: 9B:06:02:00:00:6C:A1:9D
[15:03:35.466][D][DESK:061]: 9B:04:11:7C:C3:9D
[15:03:35.471][D][KEYPAD:046]: 9B:06:02:00:00:6C:A1:9D
[15:03:35.487][D][DESK:061]: 9B:07:12:06:3F:66:63:E5:9D
[15:03:35.513][D][DESK:061]: 9B:04:11:7C:C3:9D
[15:03:35.520][D][KEYPAD:046]: 9B:06:02:00:00:6C:A1:9D
[15:03:35.539][D][DESK:061]: 9B:04:11:7C:C3:9D
[15:03:35.545][D][KEYPAD:046]: 9B:06:02:00:00:6C:A1:9D
[15:03:35.551][D][DESK:061]: 9B:07:12:06:3F:66:63:E5:9D
[15:03:35.566][D][DESK:061]: 9B:04:11:7C:C3:9D
[15:03:35.573][D][KEYPAD:046]: 9B:06:02:00:00:6C:A1:9D
[15:03:35.593][D][DESK:061]: 9B:04:11:7C:C3:9D
[15:03:35.598][D][KEYPAD:046]: 9B:06:02:00:00:6C:A1:9D
[15:03:35.616][D][DESK:061]: 9B:07:12:06:3F:66:63:E5:9D
[15:03:35.641][D][DESK:061]: 9B:04:11:7C:C3:9D
[15:03:35.645][D][KEYPAD:046]: 9B:06:02:00:00:6C:A1:9D
[15:03:35.656][D][DESK:061]: 9B:04:11:7C:C3:9D
[15:03:35.663][D][KEYPAD:046]: 9B:06:02:00:00:6C:A1:9D
[15:03:35.680][D][DESK:061]: 9B:07:12:06:3F:6D:A4:A4:9D
[15:03:35.694][D][DESK:061]: 9B:04:11:7C:C3:9D
[15:03:35.702][D][KEYPAD:046]: 9B:06:02:00:00:6C:A1:9D
[15:03:35.721][D][DESK:061]: 9B:04:11:7C:C3:9D
[15:03:35.726][D][KEYPAD:046]: 9B:06:02:00:00:6C:A1:9D
[15:03:35.754][D][DESK:061]: 9B:04:15:BF:C2:9D
[15:03:35.754][D][DESK:061]: 9B:07:12:06:3F:6D:A4:A4:9D
[15:03:35.767][D][DESK:061]: 9B:04:11:7C:C3:9D
[15:03:35.771][D][KEYPAD:046]: 9B:06:02:00:00:6C:A1:9D
[15:03:35.785][D][DESK:061]: 9B:04:11:7C:C3:9D
[15:03:35.792][D][KEYPAD:046]: 9B:06:02:00:00:6C:A1:9D
[15:03:35.817][D][DESK:061]: 9B:07:12:06:3F:6D:A4:A4:9D
[15:03:35.826][D][DESK:061]: 9B:04:11:7C:C3:9D
[15:03:35.864][D][KEYPAD:046]: 9B:06:02:00:00:6C:A1:9D
[15:03:35.864][D][DESK:061]: 9B:04:11:7C:C3:9D
[15:03:35.864][D][KEYPAD:046]: 9B:06:02:00:00:6C:A1:9D
[15:03:35.873][D][DESK:061]: 9B:07:12:06:3F:6D:A4:A4:9D
[15:03:35.890][D][DESK:061]: 9B:04:11:7C:C3:9D
[15:03:35.894][D][KEYPAD:046]: 9B:06:02:00:00:6C:A1:9D
[15:03:35.920][D][DESK:061]: 9B:04:11:7C:C3:9D
[15:03:35.920][D][KEYPAD:046]: 9B:06:02:00:00:6C:A1:9D
[15:03:35.948][D][DESK:061]: 9B:07:12:06:3F:6D:A4:A4:9D
[15:03:35.956][D][DESK:061]: 9B:04:11:7C:C3:9D
[15:03:35.962][D][KEYPAD:046]: 9B:06:02:00:00:6C:A1:9D
[15:03:35.980][D][DESK:061]: 9B:04:11:7C:C3:9D
[15:03:35.985][D][KEYPAD:046]: 9B:06:02:00:00:6C:A1:9D
[15:03:36.002][D][DESK:061]: 9B:07:12:06:3F:6D:A4:A4:9D
[15:03:36.022][D][DESK:061]: 9B:04:11:7C:C3:9D
[15:03:36.024][D][KEYPAD:046]: 9B:06:02:00:00:6C:A1:9D
[15:03:36.054][D][DESK:061]: 9B:04:11:7C:C3:9D
[15:03:36.054][D][KEYPAD:046]: 9B:06:02:00:00:6C:A1:9D
[15:03:36.067][D][DESK:061]: 9B:07:12:06:3F:7D:68:A5:9D
[15:03:36.079][D][DESK:061]: 9B:04:11:7C:C3:9D
[15:03:36.087][D][KEYPAD:046]: 9B:06:02:00:00:6C:A1:9D
[15:03:36.105][D][DESK:061]: 9B:04:11:7C:C3:9D
[15:03:36.130][D][KEYPAD:046]: 9B:06:02:00:00:6C:A1:9D
[15:03:36.131][D][DESK:061]: 9B:07:12:06:3F:7D:68:A5:9D
[15:03:36.153][D][DESK:061]: 9B:04:11:7C:C3:9D
[15:03:36.164][D][KEYPAD:046]: 9B:06:02:00:00:6C:A1:9D
[15:03:36.172][D][DESK:061]: 9B:04:11:7C:C3:9D
[15:03:36.180][D][KEYPAD:046]: 9B:06:02:00:00:6C:A1:9D
[15:03:36.197][D][DESK:061]: 9B:07:12:06:3F:7D:68:A5:9D
[15:03:36.207][D][DESK:061]: 9B:04:11:7C:C3:9D
[15:03:36.214][D][KEYPAD:046]: 9B:06:02:00:00:6C:A1:9D
[15:03:36.233][D][DESK:061]: 9B:04:11:7C:C3:9D
[15:03:36.242][D][KEYPAD:046]: 9B:06:02:00:00:6C:A1:9D
[15:03:36.259][D][DESK:061]: 9B:04:15:BF:C2:9D
[15:03:36.263][D][DESK:061]: 9B:07:12:06:3F:7D:68:A5:9D
[15:03:36.273][D][DESK:061]: 9B:04:11:7C:C3:9D
[15:03:36.281][D][KEYPAD:046]: 9B:06:02:00:00:6C:A1:9D
[15:03:36.300][D][DESK:061]: 9B:04:11:7C:C3:9D
[15:03:36.308][D][KEYPAD:046]: 9B:06:02:00:00:6C:A1:9D
[15:03:36.333][D][DESK:061]: 9B:07:12:06:3F:7D:68:A5:9D
[15:03:36.340][D][DESK:061]: 9B:04:11:7C:C3:9D
[15:03:36.372][D][KEYPAD:046]: 9B:06:02:00:00:6C:A1:9D
[15:03:36.372][D][DESK:061]: 9B:04:11:7C:C3:9D
[15:03:36.372][D][KEYPAD:046]: 9B:06:02:00:00:6C:A1:9D
[15:03:36.413][D][DESK:061]: 9B:07:12:06:3F:7D:68:A5:9D
[15:03:36.413][D][DESK:061]: 9B:04:11:7C:C3:9D
[15:03:36.470][D][KEYPAD:046]: 9B:06:02:00:00:6C:A1:9D
[15:03:36.471][D][DESK:061]: 9B:04:11:7C:C3:9D
[15:03:36.471][D][KEYPAD:046]: 9B:06:02:00:00:6C:A1:9D
[15:03:36.472][D][DESK:061]: 9B:07:12:06:3F:7D:68:A5:9D
[15:03:36.472][D][DESK:061]: 9B:04:11:7C:C3:9D
[15:03:36.472][D][KEYPAD:046]: 9B:06:02:00:00:6C:A1:9D
[15:03:36.503][D][DESK:061]: 9B:04:11:7C:C3:9D
[15:03:36.541][D][KEYPAD:046]: 9B:06:02:00:00:6C:A1:9D
[15:03:36.541][D][DESK:061]: 9B:07:12:06:3F:07:8B:24:9D
[15:03:36.541][D][DESK:061]: 9B:04:11:7C:C3:9D
[15:03:36.548][D][KEYPAD:046]: 9B:06:02:00:00:6C:A1:9D
[15:03:36.562][D][DESK:061]: 9B:04:11:7C:C3:9D
[15:03:36.567][D][KEYPAD:046]: 9B:06:02:00:00:6C:A1:9D
[15:03:36.578][D][DESK:061]: 9B:07:12:06:3F:07:8B:24:9D
[15:03:36.595][D][DESK:061]: 9B:04:11:7C:C3:9D
[15:03:36.603][D][KEYPAD:046]: 9B:06:02:00:00:6C:A1:9D
[15:03:36.618][D][DESK:061]: 9B:04:11:7C:C3:9D
[15:03:36.637][D][KEYPAD:046]: 9B:06:02:00:00:6C:A1:9D
[15:03:36.643][D][DESK:061]: 9B:07:12:06:3F:07:8B:24:9D
[15:03:36.665][D][DESK:061]: 9B:04:11:7C:C3:9D
[15:03:36.669][D][KEYPAD:046]: 9B:06:02:00:00:6C:A1:9D
[15:03:36.682][D][DESK:061]: 9B:04:11:7C:C3:9D
[15:03:36.692][D][KEYPAD:046]: 9B:06:02:00:00:6C:A1:9D
[15:03:36.707][D][DESK:061]: 9B:07:12:06:3F:07:8B:24:9D
[15:03:36.721][D][DESK:061]: 9B:04:11:7C:C3:9D
[15:03:36.726][D][KEYPAD:046]: 9B:06:02:00:00:6C:A1:9D
[15:03:36.747][D][DESK:061]: 9B:04:11:7C:C3:9D
[15:03:36.767][D][KEYPAD:046]: 9B:06:02:00:00:6C:A1:9D
[15:03:36.771][D][DESK:061]: 9B:04:15:BF:C2:9D
[15:03:36.771][D][DESK:061]: 9B:07:12:06:3F:07:8B:24:9D
[15:03:36.785][D][DESK:061]: 9B:04:11:7C:C3:9D
[15:03:36.796][D][KEYPAD:046]: 9B:06:02:00:00:6C:A1:9D
[15:03:36.810][D][DESK:061]: 9B:04:11:7C:C3:9D
[15:03:36.817][D][KEYPAD:046]: 9B:06:02:00:00:6C:A1:9D
[15:03:36.841][D][DESK:061]: 9B:07:12:06:3F:07:8B:24:9D
[15:03:36.849][D][DESK:061]: 9B:04:11:7C:C3:9D
[15:03:36.856][D][KEYPAD:046]: 9B:06:02:00:00:6C:A1:9D
[15:03:36.877][D][DESK:061]: 9B:04:11:7C:C3:9D
[15:03:36.883][D][KEYPAD:046]: 9B:06:02:00:00:6C:A1:9D
[15:03:36.905][D][DESK:061]: 9B:07:12:06:3F:7F:A9:24:9D
[15:03:36.921][D][DESK:061]: 9B:04:11:7C:C3:9D
[15:03:36.924][D][KEYPAD:046]: 9B:06:02:00:00:6C:A1:9D
[15:03:36.948][D][DESK:061]: 9B:04:11:7C:C3:9D
[15:03:36.951][D][KEYPAD:046]: 9B:06:02:00:00:6C:A1:9D
[15:03:36.972][D][DESK:061]: 9B:07:12:06:3F:7F:A9:24:9D
[15:03:36.982][D][DESK:061]: 9B:04:11:7C:C3:9D
[15:03:36.988][D][KEYPAD:046]: 9B:06:02:00:00:6C:A1:9D
[15:03:37.008][D][DESK:061]: 9B:04:11:7C:C3:9D
[15:03:37.019][D][KEYPAD:046]: 9B:06:02:00:00:6C:A1:9D
[15:03:37.033][D][DESK:061]: 9B:07:12:06:3F:7F:A9:24:9D
[15:03:37.049][D][DESK:061]: 9B:04:11:7C:C3:9D
[15:03:37.055][D][KEYPAD:046]: 9B:06:02:00:00:6C:A1:9D
[15:03:37.075][D][DESK:061]: 9B:04:11:7C:C3:9D
[15:03:37.080][D][KEYPAD:046]: 9B:06:02:00:00:6C:A1:9D
[15:03:37.099][D][DESK:061]: 9B:07:12:06:3F:7F:A9:24:9D
[15:03:37.112][D][DESK:061]: 9B:04:11:7C:C3:9D
[15:03:37.118][D][KEYPAD:046]: 9B:06:02:00:00:6C:A1:9D
[15:03:37.136][D][DESK:061]: 9B:04:11:7C:C3:9D
[15:03:37.152][D][KEYPAD:046]: 9B:06:02:00:00:6C:A1:9D
[15:03:37.161][D][DESK:061]: 9B:07:12:06:3F:7F:A9:24:9D
[15:03:37.179][D][DESK:061]: 9B:04:11:7C:C3:9D
[15:03:37.180][D][KEYPAD:046]: 9B:06:02:00:00:6C:A1:9D
[15:03:37.200][D][DESK:061]: 9B:04:11:7C:C3:9D
[15:03:37.207][D][KEYPAD:046]: 9B:06:02:00:00:6C:A1:9D
[15:03:37.222][D][DESK:061]: 9B:07:12:06:3F:7F:A9:24:9D
[15:03:37.238][D][DESK:061]: 9B:04:11:7C:C3:9D
[15:03:37.254][D][KEYPAD:046]: 9B:06:02:00:00:6C:A1:9D
[15:03:37.264][D][DESK:061]: 9B:04:11:7C:C3:9D
[15:03:37.280][D][KEYPAD:046]: 9B:06:02:00:00:6C:A1:9D
[15:03:37.280][D][DESK:061]: 9B:04:15:BF:C2:9D
[15:03:37.294][D][DESK:061]: 9B:07:12:06:3F:7F:A9:24:9D
[15:03:37.303][D][DESK:061]: 9B:04:11:7C:C3:9D
[15:03:37.309][D][KEYPAD:046]: 9B:06:02:00:00:6C:A1:9D
[15:03:37.328][D][DESK:061]: 9B:04:11:7C:C3:9D
[15:03:37.341][D][KEYPAD:046]: 9B:06:02:00:00:6C:A1:9D
[15:03:37.356][D][DESK:061]: 9B:07:12:06:3F:6F:65:25:9D
[15:03:37.366][D][DESK:061]: 9B:04:11:7C:C3:9D
[15:03:37.383][D][KEYPAD:046]: 9B:06:02:00:00:6C:A1:9D
[15:03:37.392][D][DESK:061]: 9B:04:11:7C:C3:9D
[15:03:37.400][D][KEYPAD:046]: 9B:06:02:00:00:6C:A1:9D
[15:03:37.419][D][DESK:061]: 9B:07:12:06:3F:6F:65:25:9D
[15:03:37.431][D][DESK:061]: 9B:04:11:7C:C3:9D
[15:03:37.457][D][KEYPAD:046]: 9B:06:02:00:00:6C:A1:9D
[15:03:37.462][D][DESK:061]: 9B:04:11:7C:C3:9D
[15:03:37.466][D][KEYPAD:046]: 9B:06:02:00:00:6C:A1:9D
[15:03:37.485][D][DESK:061]: 9B:07:12:06:3F:6F:65:25:9D
[15:03:37.498][D][DESK:061]: 9B:04:11:7C:C3:9D
[15:03:37.502][D][KEYPAD:046]: 9B:06:02:00:00:6C:A1:9D
[15:03:37.523][D][DESK:061]: 9B:04:11:7C:C3:9D
[15:03:37.526][D][KEYPAD:046]: 9B:06:02:00:00:6C:A1:9D
[15:03:37.544][D][DESK:061]: 9B:07:12:06:3F:6F:65:25:9D
[15:03:37.558][D][DESK:061]: 9B:04:11:7C:C3:9D
[15:03:37.567][D][KEYPAD:046]: 9B:06:02:00:00:6C:A1:9D
[15:03:37.586][D][DESK:061]: 9B:04:11:7C:C3:9D
[15:03:37.592][D][KEYPAD:046]: 9B:06:02:00:00:6C:A1:9D
[15:03:37.609][D][DESK:061]: 9B:07:12:06:3F:6F:65:25:9D
[15:03:37.623][D][DESK:061]: 9B:04:11:7C:C3:9D
[15:03:37.628][D][KEYPAD:046]: 9B:06:02:00:00:6C:A1:9D
[15:03:37.660][D][DESK:061]: 9B:04:11:7C:C3:9D
[15:03:37.667][D][KEYPAD:046]: 9B:06:02:00:00:6C:A1:9D
[15:03:37.689][D][DESK:061]: 9B:07:12:06:3F:6F:65:25:9D
[15:03:37.692][D][DESK:061]: 9B:04:11:7C:C3:9D
[15:03:37.698][D][KEYPAD:046]: 9B:06:02:00:00:6C:A1:9D
[15:03:37.713][D][DESK:061]: 9B:04:11:7C:C3:9D
[15:03:37.719][D][KEYPAD:046]: 9B:06:02:00:00:6C:A1:9D
[15:03:37.736][D][DESK:061]: 9B:07:12:06:3F:6F:65:25:9D
[15:03:37.750][D][DESK:061]: 9B:04:11:7C:C3:9D
[15:03:37.766][D][KEYPAD:046]: 9B:06:02:00:00:6C:A1:9D
[15:03:37.777][D][DESK:061]: 9B:04:11:7C:C3:9D
[15:03:37.791][D][KEYPAD:046]: 9B:06:02:00:00:6C:A1:9D
[15:03:37.798][D][DESK:061]: 9B:04:15:BF:C2:9D
[15:03:37.807][D][DESK:061]: 9B:07:12:06:06:3F:09:37:9D
[15:03:37.816][D][DESK:061]: 9B:04:11:7C:C3:9D
[15:03:37.822][D][KEYPAD:046]: 9B:06:02:00:00:6C:A1:9D
[15:03:37.844][D][DESK:061]: 9B:04:11:7C:C3:9D
[15:03:37.849][D][KEYPAD:046]: 9B:06:02:00:00:6C:A1:9D
[15:03:37.867][D][DESK:061]: 9B:07:12:06:06:3F:09:37:9D
[15:03:37.893][D][DESK:061]: 9B:04:11:7C:C3:9D
[15:03:37.897][D][KEYPAD:046]: 9B:06:02:00:00:6C:A1:9D
[15:03:37.905][D][DESK:061]: 9B:04:11:7C:C3:9D
[15:03:37.914][D][KEYPAD:046]: 9B:06:02:00:00:6C:A1:9D
[15:03:37.929][D][DESK:061]: 9B:07:12:06:06:3F:09:37:9D
[15:03:37.943][D][DESK:061]: 9B:04:11:7C:C3:9D
[15:03:37.950][D][KEYPAD:046]: 9B:06:02:00:00:6C:A1:9D
[15:03:37.969][D][DESK:061]: 9B:04:11:7C:C3:9D
[15:03:37.976][D][KEYPAD:046]: 9B:06:02:00:00:6C:A1:9D
[15:03:37.996][D][DESK:061]: 9B:07:12:06:06:3F:09:37:9D
[15:03:38.008][D][DESK:061]: 9B:04:11:7C:C3:9D
[15:03:38.015][D][KEYPAD:046]: 9B:06:02:00:00:6C:A1:9D
[15:03:38.033][D][DESK:061]: 9B:04:11:7C:C3:9D
[15:03:38.042][D][KEYPAD:046]: 9B:06:02:00:00:6C:A1:9D
[15:03:38.057][D][DESK:061]: 9B:07:12:06:06:3F:09:37:9D
[15:03:38.075][D][DESK:061]: 9B:04:11:7C:C3:9D
[15:03:38.079][D][KEYPAD:046]: 9B:06:02:00:00:6C:A1:9D
[15:03:38.098][D][DESK:061]: 9B:04:11:7C:C3:9D
[15:03:38.106][D][KEYPAD:046]: 9B:06:02:00:00:6C:A1:9D
[15:03:38.121][D][DESK:061]: 9B:07:12:06:06:3F:09:37:9D
[15:03:38.136][D][DESK:061]: 9B:04:11:7C:C3:9D
[15:03:38.148][D][KEYPAD:046]: 9B:06:02:00:00:6C:A1:9D
[15:03:38.178][D][DESK:061]: 9B:04:11:7C:C3:9D
[15:03:38.182][D][KEYPAD:046]: 9B:06:02:00:00:6C:A1:9D
[15:03:38.185][D][DESK:061]: 9B:07:12:06:06:06:1B:F7:9D
[15:03:38.212][D][DESK:061]: 9B:04:11:7C:C3:9D
[15:03:38.212][D][KEYPAD:046]: 9B:06:02:00:00:6C:A1:9D
[15:03:38.228][D][DESK:061]: 9B:04:11:7C:C3:9D
[15:03:38.231][D][KEYPAD:046]: 9B:06:02:00:00:6C:A1:9D
[15:03:38.248][D][DESK:061]: 9B:07:12:06:06:06:1B:F7:9D
[15:03:38.303][D][DESK:061]: 9B:04:11:7C:C3:9D
[15:03:38.317][D][KEYPAD:046]: 9B:06:02:00:00:6C:A1:9D
[15:03:38.318][D][DESK:061]: 9B:04:11:7C:C3:9D
[15:03:38.329][D][KEYPAD:046]: 9B:06:02:00:00:6C:A1:9D
[15:03:38.329][D][DESK:061]: 9B:04:15:BF:C2:9D
[15:03:38.329][D][DESK:061]: 9B:07:12:06:06:06:1B:F7:9D
[15:03:38.329][D][DESK:061]: 9B:04:11:7C:C3:9D
[15:03:38.393][D][KEYPAD:046]: 9B:06:02:00:00:6C:A1:9D
[15:03:38.393][D][DESK:061]: 9B:04:11:7C:C3:9D
[15:03:38.393][D][KEYPAD:046]: 9B:06:02:00:00:6C:A1:9D
[15:03:38.393][D][DESK:061]: 9B:07:12:06:06:06:1B:F7:9D
[15:03:38.428][D][DESK:061]: 9B:04:11:7C:C3:9D
[15:03:38.428][D][KEYPAD:046]: 9B:06:02:00:00:6C:A1:9D
[15:03:38.428][D][DESK:061]: 9B:04:11:7C:C3:9D
[15:03:38.430][D][KEYPAD:046]: 9B:06:02:00:00:6C:A1:9D
[15:03:38.449][D][DESK:061]: 9B:07:12:06:06:06:1B:F7:9D
[15:03:38.460][D][DESK:061]: 9B:04:11:7C:C3:9D
[15:03:38.467][D][KEYPAD:046]: 9B:06:02:00:00:6C:A1:9D
[15:03:38.487][D][DESK:061]: 9B:04:11:7C:C3:9D
[15:03:38.493][D][KEYPAD:046]: 9B:06:02:00:00:6C:A1:9D
[15:03:38.511][D][DESK:061]: 9B:07:12:06:06:06:1B:F7:9D
[15:03:38.524][D][DESK:061]: 9B:04:11:7C:C3:9D
[15:03:38.530][D][KEYPAD:046]: 9B:06:02:00:00:6C:A1:9D
[15:03:38.551][D][DESK:061]: 9B:04:11:7C:C3:9D
[15:03:38.558][D][KEYPAD:046]: 9B:06:02:00:00:6C:A1:9D
[15:03:38.582][D][DESK:061]: 9B:07:12:06:06:06:1B:F7:9D
[15:03:38.588][D][DESK:061]: 9B:04:11:7C:C3:9D
[15:03:38.610][D][KEYPAD:046]: 9B:06:02:00:00:6C:A1:9D
[15:03:38.617][D][DESK:061]: 9B:04:11:7C:C3:9D
[15:03:38.622][D][KEYPAD:046]: 9B:06:02:00:00:6C:A1:9D
[15:03:38.637][D][DESK:061]: 9B:07:12:06:06:5B:E2:36:9D
[15:03:38.652][D][DESK:061]: 9B:04:11:7C:C3:9D
[15:03:38.659][D][KEYPAD:046]: 9B:06:02:00:00:6C:A1:9D
[15:03:38.685][D][DESK:061]: 9B:04:11:7C:C3:9D
[15:03:38.687][D][KEYPAD:046]: 9B:06:02:00:00:6C:A1:9D
[15:03:38.712][D][DESK:061]: 9B:07:12:06:06:5B:E2:36:9D
[15:03:38.720][D][DESK:061]: 9B:04:11:7C:C3:9D
[15:03:38.725][D][KEYPAD:046]: 9B:06:02:00:00:6C:A1:9D
[15:03:38.745][D][DESK:061]: 9B:04:11:7C:C3:9D
[15:03:38.750][D][KEYPAD:046]: 9B:06:02:00:00:6C:A1:9D
[15:03:38.765][D][DESK:061]: 9B:07:12:06:06:5B:E2:36:9D
[15:03:38.789][D][DESK:061]: 9B:04:11:7C:C3:9D
[15:03:38.789][D][KEYPAD:046]: 9B:06:02:00:00:6C:A1:9D
[15:03:38.815][D][DESK:061]: 9B:04:11:7C:C3:9D
[15:03:38.820][D][KEYPAD:046]: 9B:06:02:00:00:6C:A1:9D
[15:03:38.824][D][DESK:061]: 9B:04:15:BF:C2:9D
[15:03:38.831][D][DESK:061]: 9B:07:12:06:06:5B:E2:36:9D
[15:03:38.847][D][DESK:061]: 9B:04:11:7C:C3:9D
[15:03:38.852][D][KEYPAD:046]: 9B:06:02:00:00:6C:A1:9D
[15:03:38.870][D][DESK:061]: 9B:04:11:7C:C3:9D
[15:03:38.877][D][KEYPAD:046]: 9B:06:02:00:00:6C:A1:9D
[15:03:38.896][D][DESK:061]: 9B:07:12:06:06:5B:E2:36:9D
[15:03:38.917][D][DESK:061]: 9B:04:11:7C:C3:9D
[15:03:38.922][D][KEYPAD:046]: 9B:06:02:00:00:6C:A1:9D
[15:03:38.935][D][DESK:061]: 9B:04:11:7C:C3:9D
[15:03:38.943][D][KEYPAD:046]: 9B:06:02:00:00:6C:A1:9D
[15:03:38.959][D][DESK:061]: 9B:07:12:06:06:5B:E2:36:9D
[15:03:38.977][D][DESK:061]: 9B:04:11:7C:C3:9D
[15:03:38.994][D][KEYPAD:046]: 9B:06:02:00:00:6C:A1:9D
[15:03:39.002][D][DESK:061]: 9B:04:11:7C:C3:9D
[15:03:39.020][D][KEYPAD:046]: 9B:06:02:00:00:6C:A1:9D
[15:03:39.025][D][DESK:061]: 9B:07:12:06:06:4F:ED:36:9D
[15:03:39.039][D][DESK:061]: 9B:04:11:7C:C3:9D
[15:03:39.047][D][KEYPAD:046]: 9B:06:02:00:00:6C:A1:9D
[15:03:39.065][D][DESK:061]: 9B:04:11:7C:C3:9D
[15:03:39.072][D][KEYPAD:046]: 9B:06:02:00:00:6C:A1:9D
[15:03:39.095][D][DESK:061]: 9B:07:12:06:06:4F:ED:36:9D
[15:03:39.105][D][DESK:061]: 9B:04:11:7C:C3:9D
[15:03:39.122][D][KEYPAD:046]: 9B:06:02:00:00:6C:A1:9D
[15:03:39.128][D][DESK:061]: 9B:04:11:7C:C3:9D
[15:03:39.134][D][KEYPAD:046]: 9B:06:02:00:00:6C:A1:9D
[15:03:39.153][D][DESK:061]: 9B:07:12:06:06:4F:ED:36:9D
[15:03:39.165][D][DESK:061]: 9B:04:11:7C:C3:9D
[15:03:39.172][D][KEYPAD:046]: 9B:06:02:00:00:6C:A1:9D
[15:03:39.197][D][DESK:061]: 9B:04:11:7C:C3:9D
[15:03:39.201][D][KEYPAD:046]: 9B:06:02:00:00:6C:A1:9D
[15:03:39.227][D][DESK:061]: 9B:07:12:06:06:4F:ED:36:9D
[15:03:39.239][D][DESK:061]: 9B:04:11:7C:C3:9D
[15:03:39.239][D][KEYPAD:046]: 9B:06:02:00:00:6C:A1:9D
[15:03:39.258][D][DESK:061]: 9B:04:11:7C:C3:9D
[15:03:39.262][D][KEYPAD:046]: 9B:06:02:00:00:6C:A1:9D
[15:03:39.278][D][DESK:061]: 9B:07:12:06:06:4F:ED:36:9D
[15:03:39.299][D][DESK:061]: 9B:04:11:7C:C3:9D
[15:03:39.302][D][KEYPAD:046]: 9B:06:02:00:00:6C:A1:9D
[15:03:39.329][D][DESK:061]: 9B:04:11:7C:C3:9D
[15:03:39.336][D][KEYPAD:046]: 9B:06:02:00:00:6C:A1:9D
[15:03:39.336][D][DESK:061]: 9B:04:15:BF:C2:9D
[15:03:39.348][D][DESK:061]: 9B:07:12:06:06:4F:ED:36:9D
[15:03:39.359][D][DESK:061]: 9B:04:11:7C:C3:9D
[15:03:39.365][D][KEYPAD:046]: 9B:06:02:00:00:6C:A1:9D
[15:03:39.384][D][DESK:061]: 9B:04:11:7C:C3:9D
[15:03:39.401][D][KEYPAD:046]: 9B:06:02:00:00:6C:A1:9D
[15:03:39.408][D][DESK:061]: 9B:07:12:06:06:4F:ED:36:9D
[15:03:39.434][D][DESK:061]: 9B:04:11:7C:C3:9D
[15:03:39.434][D][KEYPAD:046]: 9B:06:02:00:00:6C:A1:9D
[15:03:39.454][D][DESK:061]: 9B:04:11:7C:C3:9D
[15:03:39.460][D][KEYPAD:046]: 9B:06:02:00:00:6C:A1:9D
[15:03:39.472][D][DESK:061]: 9B:07:12:06:06:66:33:F7:9D
[15:03:39.487][D][DESK:061]: 9B:04:11:7C:C3:9D
[15:03:39.505][D][KEYPAD:046]: 9B:06:02:00:00:6C:A1:9D
[15:03:39.517][D][DESK:061]: 9B:04:11:7C:C3:9D
[15:03:39.536][D][KEYPAD:046]: 9B:06:02:00:00:6C:A1:9D
[15:03:39.545][D][DESK:061]: 9B:07:12:06:06:66:33:F7:9D
[15:03:39.554][D][DESK:061]: 9B:04:11:7C:C3:9D
[15:03:39.561][D][KEYPAD:046]: 9B:06:02:00:00:6C:A1:9D
[15:03:39.580][D][DESK:061]: 9B:04:11:7C:C3:9D
[15:03:39.586][D][KEYPAD:046]: 9B:06:02:00:00:6C:A1:9D
[15:03:39.606][D][DESK:061]: 9B:07:12:06:06:66:33:F7:9D
[15:03:39.619][D][DESK:061]: 9B:04:11:7C:C3:9D
[15:03:39.636][D][KEYPAD:046]: 9B:06:02:00:00:6C:A1:9D
[15:03:39.645][D][DESK:061]: 9B:04:11:7C:C3:9D
[15:03:39.652][D][KEYPAD:046]: 9B:06:02:00:00:6C:A1:9D
[15:03:39.667][D][DESK:061]: 9B:07:12:06:06:66:33:F7:9D
[15:03:39.685][D][DESK:061]: 9B:04:11:7C:C3:9D
[15:03:39.690][D][KEYPAD:046]: 9B:06:02:00:00:6C:A1:9D
[15:03:39.710][D][DESK:061]: 9B:04:11:7C:C3:9D
[15:03:39.716][D][KEYPAD:046]: 9B:06:02:00:00:6C:A1:9D
[15:03:39.737][D][DESK:061]: 9B:07:12:06:06:66:33:F7:9D
[15:03:39.750][D][DESK:061]: 9B:04:11:7C:C3:9D
[15:03:39.756][D][KEYPAD:046]: 9B:06:02:00:00:6C:A1:9D
[15:03:39.772][D][DESK:061]: 9B:04:11:7C:C3:9D
[15:03:39.779][D][KEYPAD:046]: 9B:06:02:00:00:6C:A1:9D
[15:03:39.797][D][DESK:061]: 9B:07:12:06:06:66:33:F7:9D
[15:03:39.811][D][DESK:061]: 9B:04:11:7C:C3:9D
[15:03:39.817][D][KEYPAD:046]: 9B:06:02:00:00:6C:A1:9D
[15:03:39.839][D][DESK:061]: 9B:04:11:7C:C3:9D
[15:03:39.843][D][KEYPAD:046]: 9B:06:02:00:00:6C:A1:9D
[15:03:39.855][D][DESK:061]: 9B:04:15:BF:C2:9D
[15:03:39.861][D][DESK:061]: 9B:07:12:06:06:6D:F4:B6:9D
[15:03:39.877][D][DESK:061]: 9B:04:11:7C:C3:9D
[15:03:39.887][D][KEYPAD:046]: 9B:06:02:00:00:6C:A1:9D
[15:03:39.913][D][DESK:061]: 9B:04:11:7C:C3:9D
[15:03:39.918][D][KEYPAD:046]: 9B:06:02:00:00:6C:A1:9D
[15:03:39.925][D][DESK:061]: 9B:07:12:06:06:6D:F4:B6:9D
[15:03:39.942][D][DESK:061]: 9B:04:11:7C:C3:9D
[15:03:39.949][D][KEYPAD:046]: 9B:06:02:00:00:6C:A1:9D
[15:03:39.965][D][DESK:061]: 9B:04:11:7C:C3:9D
[15:03:39.972][D][KEYPAD:046]: 9B:06:02:00:00:6C:A1:9D
[15:03:39.989][D][DESK:061]: 9B:07:12:06:06:6D:F4:B6:9D
[15:03:40.016][D][DESK:061]: 9B:04:11:7C:C3:9D
[15:03:40.023][D][KEYPAD:046]: 9B:06:02:00:00:6C:A1:9D
[15:03:40.029][D][DESK:061]: 9B:04:11:7C:C3:9D
[15:03:40.044][D][KEYPAD:046]: 9B:06:02:00:00:6C:A1:9D
[15:03:40.055][D][DESK:061]: 9B:07:12:06:06:6D:F4:B6:9D
[15:03:40.069][D][DESK:061]: 9B:04:11:7C:C3:9D
[15:03:40.076][D][KEYPAD:046]: 9B:06:02:00:00:6C:A1:9D
[15:03:40.093][D][DESK:061]: 9B:04:11:7C:C3:9D
[15:03:40.104][D][KEYPAD:046]: 9B:06:02:00:00:6C:A1:9D
[15:03:40.121][D][DESK:061]: 9B:07:12:06:06:6D:F4:B6:9D
[15:03:40.132][D][DESK:061]: 9B:04:11:7C:C3:9D
[15:03:40.150][D][KEYPAD:046]: 9B:06:02:00:00:6C:A1:9D
[15:03:40.172][D][DESK:061]: 9B:04:11:7C:C3:9D
[15:03:40.172][D][KEYPAD:046]: 9B:06:02:00:00:6C:A1:9D
[15:03:40.181][D][DESK:061]: 9B:07:12:06:06:6D:F4:B6:9D
[15:03:40.196][D][DESK:061]: 9B:04:11:7C:C3:9D
[15:03:40.203][D][KEYPAD:046]: 9B:06:02:00:00:6C:A1:9D
[15:03:40.224][D][DESK:061]: 9B:04:11:7C:C3:9D
[15:03:40.249][D][KEYPAD:046]: 9B:06:02:00:00:6C:A1:9D
[15:03:40.249][D][DESK:061]: 9B:07:12:06:06:6D:F4:B6:9D
[15:03:40.261][D][DESK:061]: 9B:04:11:7C:C3:9D
[15:03:40.268][D][KEYPAD:046]: 9B:06:02:00:00:6C:A1:9D
[15:03:40.286][D][DESK:061]: 9B:04:11:7C:C3:9D
[15:03:40.291][D][KEYPAD:046]: 9B:06:02:00:00:6C:A1:9D
[15:03:40.310][D][DESK:061]: 9B:07:12:06:06:7D:38:B7:9D
[15:03:40.326][D][DESK:061]: 9B:04:11:7C:C3:9D
[15:03:40.351][D][KEYPAD:046]: 9B:06:02:00:00:6C:A1:9D
[15:03:40.352][D][DESK:061]: 9B:04:11:7C:C3:9D
[15:03:40.358][D][KEYPAD:046]: 9B:06:02:00:00:6C:A1:9D
[15:03:40.367][D][DESK:061]: 9B:04:15:BF:C2:9D
[15:03:40.374][D][DESK:061]: 9B:07:12:06:06:7D:38:B7:9D
[15:03:40.389][D][DESK:061]: 9B:04:11:7C:C3:9D
[15:03:40.398][D][KEYPAD:046]: 9B:06:02:00:00:6C:A1:9D
[15:03:40.427][D][DESK:061]: 9B:04:11:7C:C3:9D
[15:03:40.437][D][KEYPAD:046]: 9B:06:02:00:00:6C:A1:9D
[15:03:40.437][D][DESK:061]: 9B:07:12:06:06:7D:38:B7:9D
[15:03:40.454][D][DESK:061]: 9B:04:11:7C:C3:9D
[15:03:40.462][D][KEYPAD:046]: 9B:06:02:00:00:6C:A1:9D
[15:03:40.479][D][DESK:061]: 9B:04:11:7C:C3:9D
[15:03:40.484][D][KEYPAD:046]: 9B:06:02:00:00:6C:A1:9D
[15:03:40.501][D][DESK:061]: 9B:07:12:06:06:7D:38:B7:9D
[15:03:40.528][D][DESK:061]: 9B:04:11:7C:C3:9D
[15:03:40.556][D][KEYPAD:046]: 9B:06:02:00:00:6C:A1:9D
[15:03:40.556][D][DESK:061]: 9B:04:11:7C:C3:9D
[15:03:40.563][D][KEYPAD:046]: 9B:06:02:00:00:6C:A1:9D
[15:03:40.567][D][DESK:061]: 9B:07:12:06:06:7D:38:B7:9D
[15:03:40.581][D][DESK:061]: 9B:04:11:7C:C3:9D
[15:03:40.587][D][KEYPAD:046]: 9B:06:02:00:00:6C:A1:9D
[15:03:40.606][D][DESK:061]: 9B:04:11:7C:C3:9D
[15:03:40.612][D][KEYPAD:046]: 9B:06:02:00:00:6C:A1:9D
[15:03:40.632][D][DESK:061]: 9B:07:12:06:06:7D:38:B7:9D
[15:03:40.661][D][DESK:061]: 9B:04:11:7C:C3:9D
[15:03:40.683][D][KEYPAD:046]: 9B:06:02:00:00:6C:A1:9D
[15:03:40.683][D][DESK:061]: 9B:04:11:7C:C3:9D
[15:03:40.683][D][KEYPAD:046]: 9B:06:02:00:00:6C:A1:9D
[15:03:40.693][D][DESK:061]: 9B:07:12:06:06:07:DB:36:9D
[15:03:40.708][D][DESK:061]: 9B:04:11:7C:C3:9D
[15:03:40.716][D][KEYPAD:046]: 9B:06:02:00:00:6C:A1:9D
[15:03:40.743][D][DESK:061]: 9B:04:11:7C:C3:9D
[15:03:40.743][D][KEYPAD:046]: 9B:06:02:00:00:6C:A1:9D
[15:03:40.780][D][DESK:061]: 9B:07:12:06:06:07:DB:36:9D
[15:03:40.780][D][DESK:061]: 9B:04:11:7C:C3:9D
[15:03:40.784][D][KEYPAD:046]: 9B:06:02:00:00:6C:A1:9D
[15:03:40.804][D][DESK:061]: 9B:04:11:7C:C3:9D
[15:03:40.812][D][KEYPAD:046]: 9B:06:02:00:00:6C:A1:9D
[15:03:40.822][D][DESK:061]: 9B:07:12:06:06:07:DB:36:9D
[15:03:40.842][D][DESK:061]: 9B:04:11:7C:C3:9D
[15:03:40.842][D][KEYPAD:046]: 9B:06:02:00:00:6C:A1:9D
[15:03:40.865][D][DESK:061]: 9B:04:11:7C:C3:9D
[15:03:40.874][D][KEYPAD:046]: 9B:06:02:00:00:6C:A1:9D
[15:03:40.884][D][DESK:061]: 9B:04:15:BF:C2:9D
[15:03:40.889][D][DESK:061]: 9B:07:12:06:06:07:DB:36:9D
[15:03:40.904][D][DESK:061]: 9B:04:11:7C:C3:9D
[15:03:40.908][D][KEYPAD:046]: 9B:06:02:00:00:6C:A1:9D
[15:03:40.937][D][DESK:061]: 9B:04:11:7C:C3:9D
[15:03:40.937][D][KEYPAD:046]: 9B:06:02:00:00:6C:A1:9D
[15:03:40.952][D][DESK:061]: 9B:07:12:06:06:07:DB:36:9D
[15:03:40.969][D][DESK:061]: 9B:04:11:7C:C3:9D
[15:03:40.979][D][KEYPAD:046]: 9B:06:02:00:00:6C:A1:9D
[15:03:40.993][D][DESK:061]: 9B:04:11:7C:C3:9D
[15:03:41.000][D][KEYPAD:046]: 9B:06:02:00:00:6C:A1:9D
[15:03:41.018][D][DESK:061]: 9B:07:12:06:06:07:DB:36:9D
[15:03:41.040][D][DESK:061]: 9B:04:11:7C:C3:9D
[15:03:41.042][D][KEYPAD:046]: 9B:06:02:00:00:6C:A1:9D
[15:03:41.069][D][DESK:061]: 9B:04:11:7C:C3:9D
[15:03:41.074][D][KEYPAD:046]: 9B:06:02:00:00:6C:A1:9D
[15:03:41.084][D][DESK:061]: 9B:07:12:06:06:07:DB:36:9D
[15:03:41.100][D][DESK:061]: 9B:04:11:7C:C3:9D
[15:03:41.108][D][KEYPAD:046]: 9B:06:02:00:00:6C:A1:9D
[15:03:41.123][D][DESK:061]: 9B:04:11:7C:C3:9D
[15:03:41.130][D][KEYPAD:046]: 9B:06:02:00:00:6C:A1:9D
[15:03:41.152][D][DESK:061]: 9B:07:12:06:06:7F:F9:36:9D
[15:03:41.172][D][DESK:061]: 9B:04:11:7C:C3:9D
[15:03:41.180][D][KEYPAD:046]: 9B:06:02:00:00:6C:A1:9D
[15:03:41.187][D][DESK:061]: 9B:04:11:7C:C3:9D
[15:03:41.194][D][KEYPAD:046]: 9B:06:02:00:00:6C:A1:9D
[15:03:41.211][D][DESK:061]: 9B:07:12:06:06:7F:F9:36:9D
[15:03:41.228][D][DESK:061]: 9B:04:11:7C:C3:9D
[15:03:41.249][D][KEYPAD:046]: 9B:06:02:00:00:6C:A1:9D
[15:03:41.254][D][DESK:061]: 9B:04:11:7C:C3:9D
[15:03:41.259][D][KEYPAD:046]: 9B:06:02:00:00:6C:A1:9D
[15:03:41.279][D][DESK:061]: 9B:07:12:06:06:7F:F9:36:9D
[15:03:41.292][D][DESK:061]: 9B:04:11:7C:C3:9D
[15:03:41.297][D][KEYPAD:046]: 9B:06:02:00:00:6C:A1:9D
[15:03:41.314][D][DESK:061]: 9B:04:11:7C:C3:9D
[15:03:41.321][D][KEYPAD:046]: 9B:06:02:00:00:6C:A1:9D
[15:03:41.347][D][DESK:061]: 9B:07:12:06:06:7F:F9:36:9D
[15:03:41.354][D][DESK:061]: 9B:04:11:7C:C3:9D
[15:03:41.375][D][KEYPAD:046]: 9B:06:02:00:00:6C:A1:9D
[15:03:41.381][D][DESK:061]: 9B:04:11:7C:C3:9D
[15:03:41.388][D][KEYPAD:046]: 9B:06:02:00:00:6C:A1:9D
[15:03:41.396][D][DESK:061]: 9B:04:15:BF:C2:9D
[15:03:41.406][D][DESK:061]: 9B:07:12:06:06:7F:F9:36:9D
[15:03:41.418][D][DESK:061]: 9B:04:11:7C:C3:9D
[15:03:41.425][D][KEYPAD:046]: 9B:06:02:00:00:6C:A1:9D
[15:03:41.450][D][DESK:061]: 9B:04:11:7C:C3:9D
[15:03:41.454][D][KEYPAD:046]: 9B:06:02:00:00:6C:A1:9D
[15:03:41.478][D][DESK:061]: 9B:07:12:06:06:7F:F9:36:9D
[15:03:41.485][D][DESK:061]: 9B:04:11:7C:C3:9D
[15:03:41.491][D][KEYPAD:046]: 9B:06:02:00:00:6C:A1:9D
[15:03:41.513][D][DESK:061]: 9B:04:11:7C:C3:9D
[15:03:41.518][D][KEYPAD:046]: 9B:06:02:00:00:6C:A1:9D
[15:03:41.533][D][DESK:061]: 9B:07:12:06:06:6F:35:37:9D
[15:03:41.552][D][DESK:061]: 9B:04:11:7C:C3:9D
[15:03:41.559][D][KEYPAD:046]: 9B:06:02:00:00:6C:A1:9D
[15:03:41.580][D][DESK:061]: 9B:04:11:7C:C3:9D
[15:03:41.583][D][KEYPAD:046]: 9B:06:02:00:00:6C:A1:9D
[15:03:41.597][D][DESK:061]: 9B:07:12:06:06:6F:35:37:9D
[15:03:41.610][D][DESK:061]: 9B:04:11:7C:C3:9D
[15:03:41.617][D][KEYPAD:046]: 9B:06:02:00:00:6C:A1:9D
[15:03:41.637][D][DESK:061]: 9B:04:11:7C:C3:9D
[15:03:41.657][D][KEYPAD:046]: 9B:06:02:00:00:6C:A1:9D
[15:03:41.661][D][DESK:061]: 9B:07:12:06:06:6F:35:37:9D
[15:03:41.682][D][DESK:061]: 9B:04:11:7C:C3:9D
[15:03:41.690][D][KEYPAD:046]: 9B:06:02:00:00:6C:A1:9D
[15:03:41.702][D][DESK:061]: 9B:04:11:7C:C3:9D
[15:03:41.708][D][KEYPAD:046]: 9B:06:02:00:00:6C:A1:9D
[15:03:41.723][D][DESK:061]: 9B:07:12:06:06:6F:35:37:9D
[15:03:41.738][D][DESK:061]: 9B:04:11:7C:C3:9D
[15:03:41.757][D][KEYPAD:046]: 9B:06:02:00:00:6C:A1:9D
[15:03:41.765][D][DESK:061]: 9B:04:11:7C:C3:9D
[15:03:41.784][D][KEYPAD:046]: 9B:06:02:00:00:6C:A1:9D
[15:03:41.788][D][DESK:061]: 9B:07:12:06:06:6F:35:37:9D
[15:03:41.805][D][DESK:061]: 9B:04:11:7C:C3:9D
[15:03:41.813][D][KEYPAD:046]: 9B:06:02:00:00:6C:A1:9D
[15:03:41.829][D][DESK:061]: 9B:04:11:7C:C3:9D
[15:03:41.844][D][KEYPAD:046]: 9B:06:02:00:00:6C:A1:9D
[15:03:41.859][D][DESK:061]: 9B:07:12:06:06:6F:35:37:9D
[15:03:41.867][D][DESK:061]: 9B:04:11:7C:C3:9D
[15:03:41.887][D][KEYPAD:046]: 9B:06:02:00:00:6C:A1:9D
[15:03:41.892][D][DESK:061]: 9B:04:11:7C:C3:9D
[15:03:41.901][D][KEYPAD:046]: 9B:06:02:00:00:6C:A1:9D
[15:03:41.908][D][DESK:061]: 9B:04:15:BF:C2:9D
[15:03:41.917][D][DESK:061]: 9B:07:12:06:06:6F:35:37:9D
[15:03:41.933][D][DESK:061]: 9B:04:11:7C:C3:9D
[15:03:41.941][D][KEYPAD:046]: 9B:06:02:00:00:6C:A1:9D
[15:03:41.961][D][DESK:061]: 9B:04:11:7C:C3:9D
[15:03:41.968][D][KEYPAD:046]: 9B:06:02:00:00:6C:A1:9D
[15:03:41.989][D][DESK:061]: 9B:07:12:06:5B:3F:99:0F:9D
[15:03:41.997][D][DESK:061]: 9B:04:11:7C:C3:9D
[15:03:42.002][D][KEYPAD:046]: 9B:06:02:00:00:6C:A1:9D
[15:03:42.026][D][DESK:061]: 9B:04:11:7C:C3:9D
[15:03:42.031][D][KEYPAD:046]: 9B:06:02:00:00:6C:A1:9D
[15:03:42.048][D][DESK:061]: 9B:07:12:06:5B:3F:99:0F:9D
[15:03:42.064][D][DESK:061]: 9B:04:11:7C:C3:9D
[15:03:42.069][D][KEYPAD:046]: 9B:06:02:00:00:6C:A1:9D
[15:03:42.092][D][DESK:061]: 9B:04:11:7C:C3:9D
[15:03:42.095][D][KEYPAD:046]: 9B:06:02:00:00:6C:A1:9D
[15:03:42.112][D][DESK:061]: 9B:07:12:06:5B:3F:99:0F:9D
[15:03:42.123][D][DESK:061]: 9B:04:11:7C:C3:9D
[15:03:42.130][D][KEYPAD:046]: 9B:06:02:00:00:6C:A1:9D
[15:03:42.150][D][DESK:061]: 9B:04:11:7C:C3:9D
[15:03:42.169][D][KEYPAD:046]: 9B:06:02:00:00:6C:A1:9D
[15:03:42.173][D][DESK:061]: 9B:07:12:06:5B:3F:99:0F:9D
[15:03:42.194][D][DESK:061]: 9B:04:11:7C:C3:9D
[15:03:42.202][D][KEYPAD:046]: 9B:06:02:00:00:6C:A1:9D
[15:03:42.215][D][DESK:061]: 9B:04:11:7C:C3:9D
[15:03:42.223][D][KEYPAD:046]: 9B:06:02:00:00:6C:A1:9D
[15:03:42.236][D][DESK:061]: 9B:07:12:06:5B:3F:99:0F:9D
[15:03:42.254][D][DESK:061]: 9B:04:11:7C:C3:9D
[15:03:42.270][D][KEYPAD:046]: 9B:06:02:00:00:6C:A1:9D
[15:03:42.279][D][DESK:061]: 9B:04:11:7C:C3:9D
[15:03:42.296][D][KEYPAD:046]: 9B:06:02:00:00:6C:A1:9D
[15:03:42.302][D][DESK:061]: 9B:07:12:06:5B:3F:99:0F:9D
[15:03:42.315][D][DESK:061]: 9B:04:11:7C:C3:9D
[15:03:42.323][D][KEYPAD:046]: 9B:06:02:00:00:6C:A1:9D
[15:03:42.349][D][DESK:061]: 9B:04:11:7C:C3:9D
[15:03:42.350][D][KEYPAD:046]: 9B:06:02:00:00:6C:A1:9D
[15:03:42.371][D][DESK:061]: 9B:07:12:06:5B:3F:99:0F:9D
[15:03:42.382][D][DESK:061]: 9B:04:11:7C:C3:9D
[15:03:42.399][D][KEYPAD:046]: 9B:06:02:00:00:6C:A1:9D
[15:03:42.406][D][DESK:061]: 9B:04:11:7C:C3:9D
[15:03:42.412][D][KEYPAD:046]: 9B:06:02:00:00:6C:A1:9D
[15:03:42.420][D][DESK:061]: 9B:04:15:BF:C2:9D
[15:03:42.433][D][DESK:061]: 9B:07:12:06:5B:06:8B:CF:9D
[15:03:42.448][D][DESK:061]: 9B:04:11:7C:C3:9D
[15:03:42.453][D][KEYPAD:046]: 9B:06:02:00:00:6C:A1:9D
[15:03:42.476][D][DESK:061]: 9B:04:11:7C:C3:9D
[15:03:42.480][D][KEYPAD:046]: 9B:06:02:00:00:6C:A1:9D
[15:03:42.502][D][DESK:061]: 9B:07:12:06:5B:06:8B:CF:9D
[15:03:42.515][D][DESK:061]: 9B:04:11:7C:C3:9D
[15:03:42.520][D][KEYPAD:046]: 9B:06:02:00:00:6C:A1:9D
[15:03:42.543][D][DESK:061]: 9B:04:11:7C:C3:9D
[15:03:42.546][D][KEYPAD:046]: 9B:06:02:00:00:6C:A1:9D
[15:03:42.561][D][DESK:061]: 9B:07:12:06:5B:06:8B:CF:9D
[15:03:42.577][D][DESK:061]: 9B:04:11:7C:C3:9D
[15:03:42.587][D][KEYPAD:046]: 9B:06:02:00:00:6C:A1:9D
[15:03:42.604][D][DESK:061]: 9B:04:11:7C:C3:9D
[15:03:42.609][D][KEYPAD:046]: 9B:06:02:00:00:6C:A1:9D
[15:03:42.626][D][DESK:061]: 9B:07:12:06:5B:06:8B:CF:9D
[15:03:42.640][D][DESK:061]: 9B:04:11:7C:C3:9D
[15:03:42.646][D][KEYPAD:046]: 9B:06:02:00:00:6C:A1:9D
[15:03:42.681][D][DESK:061]: 9B:04:11:7C:C3:9D
[15:03:42.686][D][KEYPAD:046]: 9B:06:02:00:00:6C:A1:9D
[15:03:42.691][D][DESK:061]: 9B:07:12:06:5B:06:8B:CF:9D
[15:03:42.718][D][DESK:061]: 9B:04:11:7C:C3:9D
[15:03:42.723][D][KEYPAD:046]: 9B:06:02:00:00:6C:A1:9D
[15:03:42.730][D][DESK:061]: 9B:04:11:7C:C3:9D
[15:03:42.744][D][KEYPAD:046]: 9B:06:02:00:00:6C:A1:9D
[15:03:42.755][D][DESK:061]: 9B:04:11:7C:C3:9D
[15:03:42.762][D][KEYPAD:046]: 9B:06:02:00:00:6C:A1:9D
[15:03:42.781][D][DESK:061]: 9B:07:12:06:5B:06:8B:CF:9D
[15:03:42.789][D][DESK:061]: 9B:04:11:7C:C3:9D
[15:03:42.795][D][KEYPAD:046]: 9B:06:02:00:00:6C:A1:9D
[15:03:42.816][D][DESK:061]: 9B:04:11:7C:C3:9D
[15:03:42.822][D][KEYPAD:046]: 9B:06:02:00:00:6C:A1:9D
[15:03:42.843][D][DESK:061]: 9B:07:12:06:5B:06:8B:CF:9D
[15:03:42.859][D][DESK:061]: 9B:04:11:7C:C3:9D
[15:03:42.864][D][KEYPAD:046]: 9B:06:02:00:00:6C:A1:9D
[15:03:42.883][D][DESK:061]: 9B:04:11:7C:C3:9D
[15:03:42.894][D][KEYPAD:046]: 9B:06:02:00:00:6C:A1:9D
[15:03:42.916][D][DESK:061]: 9B:07:12:06:5B:06:8B:CF:9D
[15:03:42.921][D][DESK:061]: 9B:04:11:7C:C3:9D
[15:03:42.927][D][KEYPAD:046]: 9B:06:02:00:00:6C:A1:9D
[15:03:42.947][D][DESK:061]: 9B:04:15:BF:C2:9D
[15:03:42.947][D][DESK:061]: 9B:04:11:7C:C3:9D
[15:03:42.952][D][KEYPAD:046]: 9B:06:02:00:00:6C:A1:9D
[15:03:42.970][D][DESK:061]: 9B:07:12:06:5B:06:8B:CF:9D
[15:03:42.986][D][DESK:061]: 9B:04:11:7C:C3:9D
[15:03:42.992][D][KEYPAD:046]: 9B:06:02:00:00:6C:A1:9D
[15:03:43.013][D][DESK:061]: 9B:07:12:06:5B:06:8B:CF:9D
[15:03:43.031][D][DESK:061]: 9B:04:11:7C:C3:9D
[15:03:43.047][D][KEYPAD:046]: 9B:06:02:00:00:6C:A1:9D
[15:03:43.053][D][DESK:061]: 9B:04:11:7C:C3:9D
[15:03:43.061][D][KEYPAD:046]: 9B:06:02:00:00:6C:A1:9D
[15:03:43.088][D][DESK:061]: 9B:07:12:06:5B:06:8B:CF:9D
[15:03:43.099][D][DESK:061]: 9B:04:11:7C:C3:9D
[15:03:43.116][D][KEYPAD:046]: 9B:06:02:00:00:6C:A1:9D
[15:03:43.131][D][DESK:061]: 9B:04:11:7C:C3:9D
[15:03:43.149][D][KEYPAD:046]: 9B:06:02:00:00:6C:A1:9D
[15:03:43.153][D][DESK:061]: 9B:07:12:06:5B:06:8B:CF:9D
[15:03:43.166][D][DESK:061]: 9B:04:11:7C:C3:9D
[15:03:43.174][D][KEYPAD:046]: 9B:06:02:00:00:6C:A1:9D
[15:03:43.191][D][DESK:061]: 9B:04:11:7C:C3:9D
[15:03:43.199][D][KEYPAD:046]: 9B:06:02:00:00:6C:A1:9D
[15:03:43.218][D][DESK:061]: 9B:04:11:7C:C3:9D
[15:03:43.225][D][KEYPAD:046]: 9B:06:02:00:00:6C:A1:9D
[15:03:43.239][D][DESK:061]: 9B:07:12:06:5B:06:8B:CF:9D
[15:03:43.255][D][DESK:061]: 9B:04:11:7C:C3:9D
[15:03:43.260][D][KEYPAD:046]: 9B:06:02:00:00:6C:A1:9D
[15:03:43.280][D][DESK:061]: 9B:04:11:7C:C3:9D
[15:03:43.325][D][KEYPAD:046]: 9B:06:02:00:00:6C:A1:9D
[15:03:43.325][D][DESK:061]: 9B:07:12:06:5B:06:8B:CF:9D
[15:03:43.326][D][DESK:061]: 9B:04:11:7C:C3:9D
[15:03:43.440][D][KEYPAD:046]: 9B:06:02:00:00:6C:A1:9D
[15:03:43.441][D][DESK:061]: 9B:04:11:7C:C3:9D
[15:03:43.441][D][KEYPAD:046]: 9B:06:02:00:00:6C:A1:9D
[15:03:43.441][D][DESK:061]: 9B:07:12:06:5B:06:8B:CF:9D
[15:03:43.441][D][DESK:061]: 9B:04:11:7C:C3:9D
[15:03:43.441][D][KEYPAD:046]: 9B:06:02:00:00:6C:A1:9D
[15:03:43.441][D][DESK:061]: 9B:04:11:7C:C3:9D
[15:03:43.441][D][KEYPAD:046]: 9B:06:02:00:00:6C:A1:9D
[15:03:43.634][D][DESK:061]: 9B:04:11:7C:C3:9D
[15:03:43.635][D][KEYPAD:046]: 9B:06:02:00:00:6C:A1:9D
[15:03:43.635][D][DESK:061]: 9B:07:12:06:5B:06:8B:CF:9D
[15:03:43.635][D][DESK:061]: 9B:04:15:BF:C2:9D
[15:03:43.635][D][DESK:061]: 9B:04:11:7C:C3:9D
[15:03:43.635][D][KEYPAD:046]: 9B:06:02:00:00:6C:A1:9D
[15:03:43.635][D][DESK:061]: 9B:04:11:7C:C3:9D
[15:03:43.635][D][KEYPAD:046]: 9B:06:02:00:00:6C:A1:9D
[15:03:43.635][D][DESK:061]: 9B:07:12:06:5B:06:8B:CF:9D
[15:03:43.635][D][DESK:061]: 9B:04:11:7C:C3:9D
[15:03:43.635][D][KEYPAD:046]: 9B:06:02:00:00:6C:A1:9D
[15:03:43.636][D][DESK:061]: 9B:04:11:7C:C3:9D
[15:03:43.636][D][KEYPAD:046]: 9B:06:02:00:00:6C:A1:9D
[15:03:43.636][D][DESK:061]: 9B:07:12:06:5B:06:8B:CF:9D
[15:03:43.636][D][DESK:061]: 9B:04:11:7C:C3:9D
[15:03:43.636][D][KEYPAD:046]: 9B:06:02:00:00:6C:A1:9D
[15:03:43.674][D][DESK:061]: 9B:04:11:7C:C3:9D
[15:03:43.674][D][KEYPAD:046]: 9B:06:02:00:00:6C:A1:9D
[15:03:43.674][D][DESK:061]: 9B:07:12:06:5B:06:8B:CF:9D
[15:03:43.674][D][DESK:061]: 9B:04:11:7C:C3:9D
[15:03:43.734][D][KEYPAD:046]: 9B:06:02:00:00:6C:A1:9D
[15:03:43.734][D][DESK:061]: 9B:07:12:06:5B:06:8B:CF:9D
[15:03:43.734][D][DESK:061]: 9B:04:11:7C:C3:9D
[15:03:43.735][D][KEYPAD:046]: 9B:06:02:00:00:6C:A1:9D
[15:03:43.774][D][DESK:061]: 9B:04:11:7C:C3:9D
[15:03:43.774][D][KEYPAD:046]: 9B:06:02:00:00:6C:A1:9D
[15:03:43.774][D][DESK:061]: 9B:04:11:7C:C3:9D
[15:03:43.774][D][KEYPAD:046]: 9B:06:02:00:00:6C:A1:9D
[15:03:43.842][D][DESK:061]: 9B:07:12:06:5B:06:8B:CF:9D
[15:03:43.842][D][DESK:061]: 9B:04:11:7C:C3:9D
[15:03:43.842][D][KEYPAD:046]: 9B:06:02:00:00:6C:A1:9D
[15:03:43.842][D][DESK:061]: 9B:04:11:7C:C3:9D
[15:03:43.867][D][KEYPAD:046]: 9B:06:02:00:00:6C:A1:9D
[15:03:43.867][D][DESK:061]: 9B:07:12:06:5B:06:8B:CF:9D
[15:03:43.867][D][DESK:061]: 9B:04:11:7C:C3:9D
[15:03:43.867][D][KEYPAD:046]: 9B:06:02:00:00:6C:A1:9D
[15:03:43.922][D][DESK:061]: 9B:04:11:7C:C3:9D
[15:03:43.923][D][KEYPAD:046]: 9B:06:02:08:00:AC:A6:9D
[15:03:43.923][D][DESK:061]: 9B:07:12:06:5B:06:8B:CF:9D
[15:03:43.923][D][DESK:061]: 9B:04:11:7C:C3:9D
[15:03:43.971][D][KEYPAD:046]: 9B:06:02:08:00:AC:A6:9D
[15:03:43.972][D][DESK:061]: 9B:04:11:7C:C3:9D
[15:03:43.972][D][KEYPAD:046]: 9B:06:02:08:00:AC:A6:9D
[15:03:43.972][D][DESK:061]: 9B:04:15:BF:C2:9D
[15:03:44.020][D][DESK:061]: 9B:07:12:06:5B:06:8B:CF:9D
[15:03:44.021][D][DESK:061]: 9B:04:11:7C:C3:9D
[15:03:44.021][D][KEYPAD:046]: 9B:06:02:08:00:AC:A6:9D
[15:03:44.021][D][DESK:061]: 9B:04:11:7C:C3:9D
[15:03:44.050][D][KEYPAD:046]: 9B:06:02:00:00:6C:A1:9D
[15:03:44.050][D][DESK:061]: 9B:07:12:06:5B:06:8B:CF:9D
[15:03:44.085][D][DESK:061]: 9B:04:11:7C:C3:9D
[15:03:44.085][D][KEYPAD:046]: 9B:06:02:00:00:6C:A1:9D
[15:03:44.093][D][DESK:061]: 9B:04:11:7C:C3:9D
[15:03:44.093][D][KEYPAD:046]: 9B:06:02:00:00:6C:A1:9D
[15:03:44.127][D][DESK:061]: 9B:04:11:7C:C3:9D
[15:03:44.127][D][KEYPAD:046]: 9B:06:02:00:00:6C:A1:9D
[15:03:44.163][D][DESK:061]: 9B:07:12:06:5B:06:8B:CF:9D
[15:03:44.163][D][DESK:061]: 9B:04:11:7C:C3:9D
[15:03:44.163][D][KEYPAD:046]: 9B:06:02:00:00:6C:A1:9D
[15:03:44.167][D][DESK:061]: 9B:04:11:7C:C3:9D
[15:03:44.202][D][KEYPAD:046]: 9B:06:02:00:00:6C:A1:9D
[15:03:44.202][D][DESK:061]: 9B:07:12:06:5B:06:8B:CF:9D
[15:03:44.257][D][DESK:061]: 9B:04:11:7C:C3:9D
[15:03:44.257][D][KEYPAD:046]: 9B:06:02:00:00:6C:A1:9D
[15:03:44.272][D][DESK:061]: 9B:04:11:7C:C3:9D
[15:03:44.272][D][KEYPAD:046]: 9B:06:02:00:00:6C:A1:9D
[15:03:44.272][D][DESK:061]: 9B:07:12:06:5B:06:8B:CF:9D
[15:03:44.272][D][DESK:061]: 9B:04:11:7C:C3:9D
[15:03:44.288][D][KEYPAD:046]: 9B:06:02:00:00:6C:A1:9D
[15:03:44.353][D][DESK:061]: 9B:04:11:7C:C3:9D
[15:03:44.354][D][KEYPAD:046]: 9B:06:02:00:00:6C:A1:9D
[15:03:44.354][D][DESK:061]: 9B:07:12:06:5B:06:8B:CF:9D
[15:03:44.384][D][DESK:061]: 9B:04:11:7C:C3:9D
[15:03:44.384][D][KEYPAD:046]: 9B:06:02:00:00:6C:A1:9D
[15:03:44.384][D][DESK:061]: 9B:04:11:7C:C3:9D
[15:03:44.384][D][KEYPAD:046]: 9B:06:02:00:00:6C:A1:9D
[15:03:44.455][D][DESK:061]: 9B:07:12:06:5B:06:8B:CF:9D
[15:03:44.455][D][DESK:061]: 9B:04:11:7C:C3:9D
[15:03:44.455][D][KEYPAD:046]: 9B:06:02:00:00:6C:A1:9D
[15:03:44.495][D][DESK:061]: 9B:04:11:7C:C3:9D
[15:03:44.495][D][KEYPAD:046]: 9B:06:02:00:00:6C:A1:9D
[15:03:44.495][D][DESK:061]: 9B:07:12:06:5B:06:8B:CF:9D
[15:03:44.495][D][DESK:061]: 9B:04:11:7C:C3:9D
[15:03:44.495][D][KEYPAD:046]: 9B:06:02:00:00:6C:A1:9D
[15:03:44.526][D][DESK:061]: 9B:04:15:BF:C2:9D
[15:03:44.527][D][DESK:061]: 9B:04:11:7C:C3:9D
[15:03:44.527][D][KEYPAD:046]: 9B:06:02:00:00:6C:A1:9D
[15:03:44.536][D][DESK:061]: 9B:07:12:06:5B:06:8B:CF:9D
[15:03:44.560][D][DESK:061]: 9B:04:11:7C:C3:9D
[15:03:44.560][D][KEYPAD:046]: 9B:06:02:00:00:6C:A1:9D
[15:03:44.560][D][DESK:061]: 9B:04:11:7C:C3:9D
[15:03:44.560][D][KEYPAD:046]: 9B:06:02:00:00:6C:A1:9D
[15:03:44.592][D][DESK:061]: 9B:07:12:06:5B:06:8B:CF:9D
[15:03:44.592][D][DESK:061]: 9B:04:11:7C:C3:9D
[15:03:44.627][D][KEYPAD:046]: 9B:06:02:00:00:6C:A1:9D
[15:03:44.627][D][DESK:061]: 9B:04:11:7C:C3:9D
[15:03:44.636][D][KEYPAD:046]: 9B:06:02:00:00:6C:A1:9D
[15:03:44.658][D][DESK:061]: 9B:07:12:06:5B:06:8B:CF:9D
[15:03:44.658][D][DESK:061]: 9B:04:11:7C:C3:9D
[15:03:44.658][D][KEYPAD:046]: 9B:06:02:00:00:6C:A1:9D
[15:03:44.759][D][DESK:061]: 9B:04:11:7C:C3:9D
[15:03:44.759][D][KEYPAD:046]: 9B:06:02:00:00:6C:A1:9D
[15:03:44.759][D][DESK:061]: 9B:07:12:06:5B:06:8B:CF:9D
[15:03:44.759][D][DESK:061]: 9B:04:11:7C:C3:9D
[15:03:44.782][D][KEYPAD:046]: 9B:06:02:00:00:6C:A1:9D
[15:03:44.782][D][DESK:061]: 9B:04:11:7C:C3:9D
[15:03:44.782][D][KEYPAD:046]: 9B:06:02:00:00:6C:A1:9D
[15:03:44.782][D][DESK:061]: 9B:07:12:06:5B:06:8B:CF:9D
[15:03:44.808][D][DESK:061]: 9B:04:11:7C:C3:9D
[15:03:44.808][D][KEYPAD:046]: 9B:06:02:00:00:6C:A1:9D
[15:03:44.813][D][DESK:061]: 9B:04:11:7C:C3:9D
[15:03:44.813][D][KEYPAD:046]: 9B:06:02:00:00:6C:A1:9D
[15:03:44.834][D][DESK:061]: 9B:07:12:06:5B:06:8B:CF:9D
[15:03:44.879][D][DESK:061]: 9B:04:11:7C:C3:9D
[15:03:44.879][D][KEYPAD:046]: 9B:06:02:00:00:6C:A1:9D
[15:03:44.879][D][DESK:061]: 9B:04:11:7C:C3:9D
[15:03:44.912][D][KEYPAD:046]: 9B:06:02:00:00:6C:A1:9D
[15:03:44.912][D][DESK:061]: 9B:07:12:06:5B:06:8B:CF:9D
[15:03:44.916][D][DESK:061]: 9B:04:11:7C:C3:9D
[15:03:44.916][D][KEYPAD:046]: 9B:06:02:00:00:6C:A1:9D
[15:03:44.959][D][DESK:061]: 9B:04:11:7C:C3:9D
[15:03:44.959][D][KEYPAD:046]: 9B:06:02:00:00:6C:A1:9D
[15:03:44.992][D][DESK:061]: 9B:07:12:06:5B:06:8B:CF:9D
[15:03:44.992][D][DESK:061]: 9B:04:11:7C:C3:9D
[15:03:45.016][D][KEYPAD:046]: 9B:06:02:00:00:6C:A1:9D
[15:03:45.016][D][DESK:061]: 9B:04:15:BF:C2:9D
[15:03:45.016][D][DESK:061]: 9B:04:11:7C:C3:9D
[15:03:45.016][D][KEYPAD:046]: 9B:06:02:00:00:6C:A1:9D
[15:03:45.063][D][DESK:061]: 9B:07:12:06:5B:3F:99:0F:9D
[15:03:45.063][D][DESK:061]: 9B:04:11:7C:C3:9D
[15:03:45.063][D][KEYPAD:046]: 9B:06:02:00:00:6C:A1:9D
[15:03:45.063][D][DESK:061]: 9B:04:11:7C:C3:9D
[15:03:45.119][D][KEYPAD:046]: 9B:06:02:00:00:6C:A1:9D
[15:03:45.119][D][DESK:061]: 9B:07:12:06:5B:3F:99:0F:9D
[15:03:45.120][D][DESK:061]: 9B:04:11:7C:C3:9D
[15:03:45.120][D][KEYPAD:046]: 9B:06:02:00:00:6C:A1:9D
[15:03:45.147][D][DESK:061]: 9B:04:11:7C:C3:9D
[15:03:45.148][D][KEYPAD:046]: 9B:06:02:00:00:6C:A1:9D
[15:03:45.186][D][DESK:061]: 9B:07:12:06:5B:3F:99:0F:9D
[15:03:45.186][D][DESK:061]: 9B:04:11:7C:C3:9D
[15:03:45.209][D][KEYPAD:046]: 9B:06:02:00:00:6C:A1:9D
[15:03:45.209][D][DESK:061]: 9B:04:11:7C:C3:9D
[15:03:45.209][D][KEYPAD:046]: 9B:06:02:00:00:6C:A1:9D
[15:03:45.217][D][DESK:061]: 9B:07:12:06:5B:3F:99:0F:9D
[15:03:45.275][D][DESK:061]: 9B:04:11:7C:C3:9D
[15:03:45.276][D][KEYPAD:046]: 9B:06:02:00:00:6C:A1:9D
[15:03:45.276][D][DESK:061]: 9B:04:11:7C:C3:9D
[15:03:45.276][D][KEYPAD:046]: 9B:06:02:00:00:6C:A1:9D
[15:03:45.313][D][DESK:061]: 9B:07:12:06:5B:3F:99:0F:9D
[15:03:45.314][D][DESK:061]: 9B:04:11:7C:C3:9D
[15:03:45.314][D][KEYPAD:046]: 9B:06:02:00:00:6C:A1:9D
[15:03:45.318][D][DESK:061]: 9B:04:11:7C:C3:9D
[15:03:45.324][D][KEYPAD:046]: 9B:06:02:00:00:6C:A1:9D
[15:03:45.354][D][DESK:061]: 9B:07:12:06:5B:3F:99:0F:9D
[15:03:45.374][D][DESK:061]: 9B:04:11:7C:C3:9D
[15:03:45.374][D][KEYPAD:046]: 9B:06:02:00:00:6C:A1:9D
[15:03:45.415][D][DESK:061]: 9B:04:11:7C:C3:9D
[15:03:45.415][D][KEYPAD:046]: 9B:06:02:00:00:6C:A1:9D
[15:03:45.415][D][DESK:061]: 9B:07:12:06:5B:3F:99:0F:9D
[15:03:45.420][D][DESK:061]: 9B:04:11:7C:C3:9D
[15:03:45.427][D][KEYPAD:046]: 9B:06:02:00:00:6C:A1:9D
[15:03:45.446][D][DESK:061]: 9B:04:11:7C:C3:9D
[15:03:45.458][D][KEYPAD:046]: 9B:06:02:00:00:6C:A1:9D
[15:03:45.475][D][DESK:061]: 9B:07:12:06:5B:3F:99:0F:9D
[15:03:45.502][D][DESK:061]: 9B:04:11:7C:C3:9D
[15:03:45.502][D][KEYPAD:046]: 9B:06:02:00:00:6C:A1:9D
[15:03:45.502][D][DESK:061]: 9B:04:15:BF:C2:9D
[15:03:45.515][D][DESK:061]: 9B:04:11:7C:C3:9D
[15:03:45.523][D][KEYPAD:046]: 9B:06:02:00:00:6C:A1:9D
[15:03:45.545][D][DESK:061]: 9B:07:12:06:5B:3F:99:0F:9D
[15:03:45.552][D][DESK:061]: 9B:04:11:7C:C3:9D
[15:03:45.560][D][KEYPAD:046]: 9B:06:02:00:00:6C:A1:9D
[15:03:45.591][D][DESK:061]: 9B:04:11:7C:C3:9D
[15:03:45.591][D][KEYPAD:046]: 9B:06:02:00:00:6C:A1:9D
[15:03:45.623][D][DESK:061]: 9B:07:12:06:5B:3F:99:0F:9D
[15:03:45.623][D][DESK:061]: 9B:04:11:7C:C3:9D
[15:03:45.626][D][KEYPAD:046]: 9B:06:02:00:00:6C:A1:9D
[15:03:45.649][D][DESK:061]: 9B:04:11:7C:C3:9D
[15:03:45.654][D][KEYPAD:046]: 9B:06:02:00:00:6C:A1:9D
[15:03:45.662][D][DESK:061]: 9B:07:12:06:06:6F:35:37:9D
[15:03:45.702][D][DESK:061]: 9B:04:11:7C:C3:9D
[15:03:45.702][D][KEYPAD:046]: 9B:06:02:00:00:6C:A1:9D
[15:03:45.706][D][DESK:061]: 9B:04:11:7C:C3:9D
[15:03:45.712][D][KEYPAD:046]: 9B:06:02:00:00:6C:A1:9D
[15:03:45.726][D][DESK:061]: 9B:07:12:06:06:6F:35:37:9D
[15:03:45.750][D][DESK:061]: 9B:04:11:7C:C3:9D
[15:03:45.759][D][KEYPAD:046]: 9B:06:02:00:00:6C:A1:9D
[15:03:45.778][D][DESK:061]: 9B:04:11:7C:C3:9D
[15:03:45.781][D][KEYPAD:046]: 9B:06:02:00:00:6C:A1:9D
[15:03:45.789][D][DESK:061]: 9B:07:12:06:06:6F:35:37:9D
[15:03:45.804][D][DESK:061]: 9B:04:11:7C:C3:9D
[15:03:45.811][D][KEYPAD:046]: 9B:06:02:00:00:6C:A1:9D
[15:03:45.830][D][DESK:061]: 9B:04:11:7C:C3:9D
[15:03:45.856][D][KEYPAD:046]: 9B:06:02:00:00:6C:A1:9D
[15:03:45.856][D][DESK:061]: 9B:07:12:06:06:6F:35:37:9D
[15:03:45.880][D][DESK:061]: 9B:04:11:7C:C3:9D
[15:03:45.885][D][KEYPAD:046]: 9B:06:02:00:00:6C:A1:9D
[15:03:45.895][D][DESK:061]: 9B:04:11:7C:C3:9D
[15:03:45.901][D][KEYPAD:046]: 9B:06:02:00:00:6C:A1:9D
[15:03:45.917][D][DESK:061]: 9B:07:12:06:06:6F:35:37:9D
[15:03:45.937][D][DESK:061]: 9B:04:11:7C:C3:9D
[15:03:45.958][D][KEYPAD:046]: 9B:06:02:00:00:6C:A1:9D
[15:03:45.964][D][DESK:061]: 9B:04:11:7C:C3:9D
[15:03:45.988][D][KEYPAD:046]: 9B:06:02:00:00:6C:A1:9D
[15:03:45.991][D][DESK:061]: 9B:07:12:06:06:6F:35:37:9D
[15:03:45.997][D][DESK:061]: 9B:04:11:7C:C3:9D
[15:03:46.004][D][KEYPAD:046]: 9B:06:02:00:00:6C:A1:9D
[15:03:46.011][D][DESK:061]: 9B:04:15:BF:C2:9D
[15:03:46.027][D][DESK:061]: 9B:04:11:7C:C3:9D
[15:03:46.033][D][KEYPAD:046]: 9B:06:02:00:00:6C:A1:9D
[15:03:46.059][D][DESK:061]: 9B:07:12:06:06:6F:35:37:9D
[15:03:46.060][D][DESK:061]: 9B:04:11:7C:C3:9D
[15:03:46.070][D][KEYPAD:046]: 9B:06:02:00:00:6C:A1:9D
[15:03:46.092][D][DESK:061]: 9B:04:11:7C:C3:9D
[15:03:46.096][D][KEYPAD:046]: 9B:06:02:00:00:6C:A1:9D
[15:03:46.110][D][DESK:061]: 9B:07:12:06:06:6F:35:37:9D
[15:03:46.126][D][DESK:061]: 9B:04:11:7C:C3:9D
[15:03:46.132][D][KEYPAD:046]: 9B:06:02:00:00:6C:A1:9D
[15:03:46.160][D][DESK:061]: 9B:04:11:7C:C3:9D
[15:03:46.160][D][KEYPAD:046]: 9B:06:02:00:00:6C:A1:9D
[15:03:46.174][D][DESK:061]: 9B:07:12:06:06:7F:F9:36:9D
[15:03:46.200][D][DESK:061]: 9B:04:11:7C:C3:9D
[15:03:46.208][D][KEYPAD:046]: 9B:06:02:00:00:6C:A1:9D
[15:03:46.215][D][DESK:061]: 9B:04:11:7C:C3:9D
[15:03:46.221][D][KEYPAD:046]: 9B:06:02:00:00:6C:A1:9D
[15:03:46.237][D][DESK:061]: 9B:07:12:06:06:7F:F9:36:9D
[15:03:46.262][D][DESK:061]: 9B:04:11:7C:C3:9D
[15:03:46.267][D][KEYPAD:046]: 9B:06:02:00:00:6C:A1:9D
[15:03:46.278][D][DESK:061]: 9B:04:11:7C:C3:9D
[15:03:46.298][D][KEYPAD:046]: 9B:06:02:00:00:6C:A1:9D
[15:03:46.305][D][DESK:061]: 9B:07:12:06:06:7F:F9:36:9D
[15:03:46.316][D][DESK:061]: 9B:04:11:7C:C3:9D
[15:03:46.325][D][KEYPAD:046]: 9B:06:02:00:00:6C:A1:9D
[15:03:46.345][D][DESK:061]: 9B:04:11:7C:C3:9D
[15:03:46.350][D][KEYPAD:046]: 9B:06:02:00:00:6C:A1:9D
[15:03:46.366][D][DESK:061]: 9B:07:12:06:06:7F:F9:36:9D
[15:03:46.417][D][DESK:061]: 9B:04:11:7C:C3:9D
[15:03:46.417][D][KEYPAD:046]: 9B:06:02:00:00:6C:A1:9D
[15:03:46.417][D][DESK:061]: 9B:04:11:7C:C3:9D
[15:03:46.417][D][KEYPAD:046]: 9B:06:02:00:00:6C:A1:9D
[15:03:46.515][D][DESK:061]: 9B:07:12:06:06:7F:F9:36:9D
[15:03:46.515][D][DESK:061]: 9B:04:11:7C:C3:9D
[15:03:46.515][D][KEYPAD:046]: 9B:06:02:00:00:6C:A1:9D
[15:03:46.515][D][DESK:061]: 9B:04:11:7C:C3:9D
[15:03:46.529][D][KEYPAD:046]: 9B:06:02:00:00:6C:A1:9D
[15:03:46.529][D][DESK:061]: 9B:07:12:06:06:7F:F9:36:9D
[15:03:46.529][D][DESK:061]: 9B:04:11:7C:C3:9D
[15:03:46.529][D][KEYPAD:046]: 9B:06:02:00:00:6C:A1:9D
[15:03:46.538][D][DESK:061]: 9B:04:15:BF:C2:9D
[15:03:46.548][D][DESK:061]: 9B:04:11:7C:C3:9D
[15:03:46.548][D][KEYPAD:046]: 9B:06:02:00:00:6C:A1:9D
[15:03:46.557][D][DESK:061]: 9B:07:12:06:06:7F:F9:36:9D
[15:03:46.575][D][DESK:061]: 9B:04:11:7C:C3:9D
[15:03:46.581][D][KEYPAD:046]: 9B:06:02:00:00:6C:A1:9D
[15:03:46.607][D][DESK:061]: 9B:04:11:7C:C3:9D
[15:03:46.607][D][KEYPAD:046]: 9B:06:02:00:00:6C:A1:9D
[15:03:46.623][D][DESK:061]: 9B:07:12:06:06:7F:F9:36:9D
[15:03:46.639][D][DESK:061]: 9B:04:11:7C:C3:9D
[15:03:46.648][D][KEYPAD:046]: 9B:06:02:00:00:6C:A1:9D
[15:03:46.672][D][DESK:061]: 9B:04:11:7C:C3:9D
[15:03:46.675][D][KEYPAD:046]: 9B:06:02:00:00:6C:A1:9D
[15:03:46.686][D][DESK:061]: 9B:07:12:06:06:07:DB:36:9D
[15:03:46.708][D][DESK:061]: 9B:04:11:7C:C3:9D
[15:03:46.709][D][KEYPAD:046]: 9B:06:02:00:00:6C:A1:9D
[15:03:46.726][D][DESK:061]: 9B:04:11:7C:C3:9D
[15:03:46.733][D][KEYPAD:046]: 9B:06:02:00:00:6C:A1:9D
[15:03:46.751][D][DESK:061]: 9B:07:12:06:06:07:DB:36:9D
[15:03:46.775][D][DESK:061]: 9B:04:11:7C:C3:9D
[15:03:46.779][D][KEYPAD:046]: 9B:06:02:00:00:6C:A1:9D
[15:03:46.803][D][DESK:061]: 9B:04:11:7C:C3:9D
[15:03:46.810][D][KEYPAD:046]: 9B:06:02:00:00:6C:A1:9D
[15:03:46.814][D][DESK:061]: 9B:07:12:06:06:07:DB:36:9D
[15:03:46.828][D][DESK:061]: 9B:04:11:7C:C3:9D
[15:03:46.834][D][KEYPAD:046]: 9B:06:02:00:00:6C:A1:9D
[15:03:46.854][D][DESK:061]: 9B:04:11:7C:C3:9D
[15:03:46.861][D][KEYPAD:046]: 9B:06:02:00:00:6C:A1:9D
[15:03:46.882][D][DESK:061]: 9B:07:12:06:06:07:DB:36:9D
[15:03:46.905][D][DESK:061]: 9B:04:11:7C:C3:9D
[15:03:46.909][D][KEYPAD:046]: 9B:06:02:00:00:6C:A1:9D
[15:03:46.918][D][DESK:061]: 9B:04:11:7C:C3:9D
[15:03:46.925][D][KEYPAD:046]: 9B:06:02:00:00:6C:A1:9D
[15:03:46.941][D][DESK:061]: 9B:07:12:06:06:07:DB:36:9D
[15:03:46.959][D][DESK:061]: 9B:04:11:7C:C3:9D
[15:03:46.964][D][KEYPAD:046]: 9B:06:02:00:00:6C:A1:9D
[15:03:46.983][D][DESK:061]: 9B:04:11:7C:C3:9D
[15:03:46.993][D][KEYPAD:046]: 9B:06:02:00:00:6C:A1:9D
[15:03:47.020][D][DESK:061]: 9B:07:12:06:06:07:DB:36:9D
[15:03:47.020][D][DESK:061]: 9B:04:11:7C:C3:9D
[15:03:47.030][D][KEYPAD:046]: 9B:06:02:00:00:6C:A1:9D
[15:03:47.036][D][DESK:061]: 9B:04:15:BF:C2:9D
[15:03:47.052][D][DESK:061]: 9B:04:11:7C:C3:9D
[15:03:47.061][D][KEYPAD:046]: 9B:06:02:00:00:6C:A1:9D
[15:03:47.081][D][DESK:061]: 9B:07:12:06:06:07:DB:36:9D
[15:03:47.085][D][DESK:061]: 9B:04:11:7C:C3:9D
[15:03:47.093][D][KEYPAD:046]: 9B:06:02:00:00:6C:A1:9D
[15:03:47.115][D][DESK:061]: 9B:04:11:7C:C3:9D
[15:03:47.121][D][KEYPAD:046]: 9B:06:02:00:00:6C:A1:9D
[15:03:47.134][D][DESK:061]: 9B:07:12:06:06:7D:38:B7:9D
[15:03:47.149][D][DESK:061]: 9B:04:11:7C:C3:9D
[15:03:47.155][D][KEYPAD:046]: 9B:06:02:00:00:6C:A1:9D
[15:03:47.185][D][DESK:061]: 9B:04:11:7C:C3:9D
[15:03:47.188][D][KEYPAD:046]: 9B:06:02:00:00:6C:A1:9D
[15:03:47.198][D][DESK:061]: 9B:07:12:06:06:7D:38:B7:9D
[15:03:47.218][D][DESK:061]: 9B:04:11:7C:C3:9D
[15:03:47.224][D][KEYPAD:046]: 9B:06:02:00:00:6C:A1:9D
[15:03:47.238][D][DESK:061]: 9B:04:11:7C:C3:9D
[15:03:47.248][D][KEYPAD:046]: 9B:06:02:00:00:6C:A1:9D
[15:03:47.261][D][DESK:061]: 9B:07:12:06:06:7D:38:B7:9D
[15:03:47.286][D][DESK:061]: 9B:04:11:7C:C3:9D
[15:03:47.290][D][KEYPAD:046]: 9B:06:02:00:00:6C:A1:9D
[15:03:47.314][D][DESK:061]: 9B:04:11:7C:C3:9D
[15:03:47.315][D][KEYPAD:046]: 9B:06:02:00:00:6C:A1:9D
[15:03:47.325][D][DESK:061]: 9B:07:12:06:06:7D:38:B7:9D
[15:03:47.345][D][DESK:061]: 9B:04:11:7C:C3:9D
[15:03:47.349][D][KEYPAD:046]: 9B:06:02:00:00:6C:A1:9D
[15:03:47.366][D][DESK:061]: 9B:04:11:7C:C3:9D
[15:03:47.374][D][KEYPAD:046]: 9B:06:02:00:00:6C:A1:9D
[15:03:47.392][D][DESK:061]: 9B:07:12:06:06:7D:38:B7:9D
[15:03:47.417][D][DESK:061]: 9B:04:11:7C:C3:9D
[15:03:47.418][D][KEYPAD:046]: 9B:06:02:00:00:6C:A1:9D
[15:03:47.429][D][DESK:061]: 9B:04:11:7C:C3:9D
[15:03:47.437][D][KEYPAD:046]: 9B:06:02:00:00:6C:A1:9D
[15:03:47.456][D][DESK:061]: 9B:07:12:06:06:7D:38:B7:9D
[15:03:47.469][D][DESK:061]: 9B:04:11:7C:C3:9D
[15:03:47.475][D][KEYPAD:046]: 9B:06:02:00:00:6C:A1:9D
[15:03:47.494][D][DESK:061]: 9B:04:11:7C:C3:9D
[15:03:47.519][D][KEYPAD:046]: 9B:06:02:00:00:6C:A1:9D
[15:03:47.520][D][DESK:061]: 9B:07:12:06:06:7D:38:B7:9D
[15:03:47.552][D][DESK:061]: 9B:04:11:7C:C3:9D
[15:03:47.552][D][KEYPAD:046]: 9B:06:02:00:00:6C:A1:9D
[15:03:47.552][D][DESK:061]: 9B:04:15:BF:C2:9D
[15:03:47.563][D][DESK:061]: 9B:04:11:7C:C3:9D
[15:03:47.571][D][KEYPAD:046]: 9B:06:02:00:00:6C:A1:9D
[15:03:47.622][D][DESK:061]: 9B:07:12:06:06:6D:F4:B6:9D
[15:03:47.636][D][DESK:061]: 9B:04:11:7C:C3:9D
[15:03:47.636][D][KEYPAD:046]: 9B:06:02:00:00:6C:A1:9D
[15:03:47.667][D][DESK:061]: 9B:04:11:7C:C3:9D
[15:03:47.668][D][KEYPAD:046]: 9B:06:02:00:00:6C:A1:9D
[15:03:47.668][D][DESK:061]: 9B:07:12:06:06:6D:F4:B6:9D
[15:03:47.668][D][DESK:061]: 9B:04:11:7C:C3:9D
[15:03:47.681][D][KEYPAD:046]: 9B:06:02:00:00:6C:A1:9D
[15:03:47.696][D][DESK:061]: 9B:04:11:7C:C3:9D
[15:03:47.699][D][KEYPAD:046]: 9B:06:02:00:00:6C:A1:9D
[15:03:47.724][D][DESK:061]: 9B:07:12:06:06:6D:F4:B6:9D
[15:03:47.766][D][DESK:061]: 9B:04:11:7C:C3:9D
[15:03:47.766][D][KEYPAD:046]: 9B:06:02:00:00:6C:A1:9D
[15:03:47.766][D][DESK:061]: 9B:04:11:7C:C3:9D
[15:03:47.766][D][KEYPAD:046]: 9B:06:02:00:00:6C:A1:9D
[15:03:47.774][D][DESK:061]: 9B:07:12:06:06:6D:F4:B6:9D
[15:03:47.798][D][DESK:061]: 9B:04:11:7C:C3:9D
[15:03:47.802][D][KEYPAD:046]: 9B:06:02:00:00:6C:A1:9D
[15:03:47.814][D][DESK:061]: 9B:04:11:7C:C3:9D
[15:03:47.832][D][KEYPAD:046]: 9B:06:02:00:00:6C:A1:9D
[15:03:47.849][D][DESK:061]: 9B:07:12:06:06:6D:F4:B6:9D
[15:03:47.854][D][DESK:061]: 9B:04:11:7C:C3:9D
[15:03:47.859][D][KEYPAD:046]: 9B:06:02:00:00:6C:A1:9D
[15:03:47.879][D][DESK:061]: 9B:04:11:7C:C3:9D
[15:03:47.885][D][KEYPAD:046]: 9B:06:02:00:00:6C:A1:9D
[15:03:47.901][D][DESK:061]: 9B:07:12:06:06:6D:F4:B6:9D
[15:03:47.933][D][DESK:061]: 9B:04:11:7C:C3:9D
[15:03:47.952][D][KEYPAD:046]: 9B:06:02:00:00:6C:A1:9D
[15:03:47.952][D][DESK:061]: 9B:04:11:7C:C3:9D
[15:03:47.952][D][KEYPAD:046]: 9B:06:02:00:00:6C:A1:9D
[15:03:47.966][D][DESK:061]: 9B:07:12:06:06:6D:F4:B6:9D
[15:03:47.980][D][DESK:061]: 9B:04:11:7C:C3:9D
[15:03:47.987][D][KEYPAD:046]: 9B:06:02:00:00:6C:A1:9D
[15:03:48.007][D][DESK:061]: 9B:04:11:7C:C3:9D
[15:03:48.013][D][KEYPAD:046]: 9B:06:02:00:00:6C:A1:9D
[15:03:48.031][D][DESK:061]: 9B:07:12:06:06:66:33:F7:9D
[15:03:48.053][D][DESK:061]: 9B:04:11:7C:C3:9D
[15:03:48.063][D][KEYPAD:046]: 9B:06:02:00:00:6C:A1:9D
[15:03:48.063][D][DESK:061]: 9B:04:15:BF:C2:9D
[15:03:48.074][D][DESK:061]: 9B:04:11:7C:C3:9D
[15:03:48.081][D][KEYPAD:046]: 9B:06:02:00:00:6C:A1:9D
[15:03:48.105][D][DESK:061]: 9B:07:12:06:06:66:33:F7:9D
[15:03:48.108][D][DESK:061]: 9B:04:11:7C:C3:9D
[15:03:48.116][D][KEYPAD:046]: 9B:06:02:00:00:6C:A1:9D
[15:03:48.135][D][DESK:061]: 9B:04:11:7C:C3:9D
[15:03:48.152][D][KEYPAD:046]: 9B:06:02:00:00:6C:A1:9D
[15:03:48.157][D][DESK:061]: 9B:07:12:06:06:66:33:F7:9D
[15:03:48.177][D][DESK:061]: 9B:04:11:7C:C3:9D
[15:03:48.180][D][KEYPAD:046]: 9B:06:02:00:00:6C:A1:9D
[15:03:48.211][D][DESK:061]: 9B:04:11:7C:C3:9D
[15:03:48.217][D][KEYPAD:046]: 9B:06:02:00:00:6C:A1:9D
[15:03:48.242][D][DESK:061]: 9B:07:12:06:06:66:33:F7:9D
[15:03:48.256][D][DESK:061]: 9B:04:11:7C:C3:9D
[15:03:48.257][D][KEYPAD:046]: 9B:06:02:00:00:6C:A1:9D
[15:03:48.265][D][DESK:061]: 9B:04:11:7C:C3:9D
[15:03:48.270][D][KEYPAD:046]: 9B:06:02:00:00:6C:A1:9D
[15:03:48.286][D][DESK:061]: 9B:07:12:06:06:66:33:F7:9D
[15:03:48.313][D][DESK:061]: 9B:04:11:7C:C3:9D
[15:03:48.313][D][KEYPAD:046]: 9B:06:02:00:00:6C:A1:9D
[15:03:48.338][D][DESK:061]: 9B:04:11:7C:C3:9D
[15:03:48.354][D][KEYPAD:046]: 9B:06:02:00:00:6C:A1:9D
[15:03:48.354][D][DESK:061]: 9B:07:12:06:06:66:33:F7:9D
[15:03:48.364][D][DESK:061]: 9B:04:11:7C:C3:9D
[15:03:48.373][D][KEYPAD:046]: 9B:06:02:00:00:6C:A1:9D
[15:03:48.390][D][DESK:061]: 9B:04:11:7C:C3:9D
[15:03:48.417][D][KEYPAD:046]: 9B:06:02:00:00:6C:A1:9D
[15:03:48.417][D][DESK:061]: 9B:07:12:06:06:66:33:F7:9D
[15:03:48.442][D][DESK:061]: 9B:04:11:7C:C3:9D
[15:03:48.458][D][KEYPAD:046]: 9B:06:02:00:00:6C:A1:9D
[15:03:48.461][D][DESK:061]: 9B:04:11:7C:C3:9D
[15:03:48.461][D][KEYPAD:046]: 9B:06:02:00:00:6C:A1:9D
[15:03:48.477][D][DESK:061]: 9B:07:12:06:06:4F:ED:36:9D
[15:03:48.495][D][DESK:061]: 9B:04:11:7C:C3:9D
[15:03:48.500][D][KEYPAD:046]: 9B:06:02:00:00:6C:A1:9D
[15:03:48.518][D][DESK:061]: 9B:04:11:7C:C3:9D
[15:03:48.525][D][KEYPAD:046]: 9B:06:02:00:00:6C:A1:9D
[15:03:48.548][D][DESK:061]: 9B:07:12:06:06:4F:ED:36:9D
[15:03:48.556][D][DESK:061]: 9B:04:11:7C:C3:9D
[15:03:48.564][D][KEYPAD:046]: 9B:06:02:00:00:6C:A1:9D
[15:03:48.571][D][DESK:061]: 9B:04:15:BF:C2:9D
[15:03:48.589][D][DESK:061]: 9B:04:11:7C:C3:9D
[15:03:48.599][D][KEYPAD:046]: 9B:06:02:00:00:6C:A1:9D
[15:03:48.617][D][DESK:061]: 9B:07:12:06:06:4F:ED:36:9D
[15:03:48.620][D][DESK:061]: 9B:04:11:7C:C3:9D
[15:03:48.627][D][KEYPAD:046]: 9B:06:02:00:00:6C:A1:9D
[15:03:48.655][D][DESK:061]: 9B:04:11:7C:C3:9D
[15:03:48.656][D][KEYPAD:046]: 9B:06:02:00:00:6C:A1:9D
[15:03:48.672][D][DESK:061]: 9B:07:12:06:06:4F:ED:36:9D
[15:03:48.687][D][DESK:061]: 9B:04:11:7C:C3:9D
[15:03:48.693][D][KEYPAD:046]: 9B:06:02:00:00:6C:A1:9D
[15:03:48.721][D][DESK:061]: 9B:04:11:7C:C3:9D
[15:03:48.724][D][KEYPAD:046]: 9B:06:02:00:00:6C:A1:9D
[15:03:48.735][D][DESK:061]: 9B:07:12:06:06:4F:ED:36:9D
[15:03:48.754][D][DESK:061]: 9B:04:11:7C:C3:9D
[15:03:48.755][D][KEYPAD:046]: 9B:06:02:00:00:6C:A1:9D
[15:03:48.774][D][DESK:061]: 9B:04:11:7C:C3:9D
[15:03:48.782][D][KEYPAD:046]: 9B:06:02:00:00:6C:A1:9D
[15:03:48.797][D][DESK:061]: 9B:07:12:06:06:4F:ED:36:9D
[15:03:48.822][D][DESK:061]: 9B:04:11:7C:C3:9D
[15:03:48.828][D][KEYPAD:046]: 9B:06:02:00:00:6C:A1:9D
[15:03:48.852][D][DESK:061]: 9B:04:11:7C:C3:9D
[15:03:48.865][D][KEYPAD:046]: 9B:06:02:00:00:6C:A1:9D
[15:03:48.865][D][DESK:061]: 9B:07:12:06:06:4F:ED:36:9D
[15:03:48.877][D][DESK:061]: 9B:04:11:7C:C3:9D
[15:03:48.883][D][KEYPAD:046]: 9B:06:02:00:00:6C:A1:9D
[15:03:48.903][D][DESK:061]: 9B:04:11:7C:C3:9D
[15:03:48.912][D][KEYPAD:046]: 9B:06:02:00:00:6C:A1:9D
[15:03:48.928][D][DESK:061]: 9B:07:12:06:06:5B:E2:36:9D
[15:03:48.940][D][DESK:061]: 9B:04:11:7C:C3:9D
[15:03:48.960][D][KEYPAD:046]: 9B:06:02:00:00:6C:A1:9D
[15:03:48.970][D][DESK:061]: 9B:04:11:7C:C3:9D
[15:03:48.978][D][KEYPAD:046]: 9B:06:02:00:00:6C:A1:9D
[15:03:48.990][D][DESK:061]: 9B:07:12:06:06:5B:E2:36:9D
[15:03:49.006][D][DESK:061]: 9B:04:11:7C:C3:9D
[15:03:49.011][D][KEYPAD:046]: 9B:06:02:00:00:6C:A1:9D
[15:03:49.030][D][DESK:061]: 9B:04:11:7C:C3:9D
[15:03:49.038][D][KEYPAD:046]: 9B:06:02:00:00:6C:A1:9D
[15:03:49.061][D][DESK:061]: 9B:07:12:06:06:5B:E2:36:9D
[15:03:49.068][D][DESK:061]: 9B:04:11:7C:C3:9D
[15:03:49.076][D][KEYPAD:046]: 9B:06:02:00:00:6C:A1:9D
[15:03:49.083][D][DESK:061]: 9B:04:15:BF:C2:9D
[15:03:49.100][D][DESK:061]: 9B:04:11:7C:C3:9D
[15:03:49.105][D][KEYPAD:046]: 9B:06:02:00:00:6C:A1:9D
[15:03:49.117][D][DESK:061]: 9B:07:12:06:06:5B:E2:36:9D
[15:03:49.139][D][DESK:061]: 9B:04:11:7C:C3:9D
[15:03:49.159][D][KEYPAD:046]: 9B:06:02:00:00:6C:A1:9D
[15:03:49.159][D][DESK:061]: 9B:04:11:7C:C3:9D
[15:03:49.167][D][KEYPAD:046]: 9B:06:02:00:00:6C:A1:9D
[15:03:49.182][D][DESK:061]: 9B:07:12:06:06:5B:E2:36:9D
[15:03:49.197][D][DESK:061]: 9B:04:11:7C:C3:9D
[15:03:49.206][D][KEYPAD:046]: 9B:06:02:00:00:6C:A1:9D
[15:03:49.223][D][DESK:061]: 9B:04:11:7C:C3:9D
[15:03:49.238][D][KEYPAD:046]: 9B:06:02:00:00:6C:A1:9D
[15:03:49.262][D][DESK:061]: 9B:07:12:06:06:5B:E2:36:9D
[15:03:49.262][D][DESK:061]: 9B:04:11:7C:C3:9D
[15:03:49.269][D][KEYPAD:046]: 9B:06:02:00:00:6C:A1:9D
[15:03:49.286][D][DESK:061]: 9B:04:11:7C:C3:9D
[15:03:49.293][D][KEYPAD:046]: 9B:06:02:00:00:6C:A1:9D
[15:03:49.309][D][DESK:061]: 9B:07:12:06:06:06:1B:F7:9D
[15:03:49.334][D][DESK:061]: 9B:04:11:7C:C3:9D
[15:03:49.362][D][KEYPAD:046]: 9B:06:02:00:00:6C:A1:9D
[15:03:49.363][D][DESK:061]: 9B:04:11:7C:C3:9D
[15:03:49.364][D][KEYPAD:046]: 9B:06:02:00:00:6C:A1:9D
[15:03:49.377][D][DESK:061]: 9B:07:12:06:06:06:1B:F7:9D
[15:03:49.390][D][DESK:061]: 9B:04:11:7C:C3:9D
[15:03:49.396][D][KEYPAD:046]: 9B:06:02:00:00:6C:A1:9D
[15:03:49.420][D][DESK:061]: 9B:04:11:7C:C3:9D
[15:03:49.424][D][KEYPAD:046]: 9B:06:02:00:00:6C:A1:9D
[15:03:49.450][D][DESK:061]: 9B:07:12:06:06:06:1B:F7:9D
[15:03:49.470][D][DESK:061]: 9B:04:11:7C:C3:9D
[15:03:49.470][D][KEYPAD:046]: 9B:06:02:00:00:6C:A1:9D
[15:03:49.518][D][DESK:061]: 9B:04:11:7C:C3:9D
[15:03:49.518][D][KEYPAD:046]: 9B:06:02:00:00:6C:A1:9D
[15:03:49.518][D][DESK:061]: 9B:07:12:06:06:06:1B:F7:9D
[15:03:49.518][D][DESK:061]: 9B:04:11:7C:C3:9D
[15:03:49.526][D][KEYPAD:046]: 9B:06:02:00:00:6C:A1:9D
[15:03:49.543][D][DESK:061]: 9B:04:11:7C:C3:9D
[15:03:49.553][D][KEYPAD:046]: 9B:06:02:00:00:6C:A1:9D
[15:03:49.570][D][DESK:061]: 9B:07:12:06:06:06:1B:F7:9D
[15:03:49.582][D][DESK:061]: 9B:04:11:7C:C3:9D
[15:03:49.589][D][KEYPAD:046]: 9B:06:02:00:00:6C:A1:9D
[15:03:49.595][D][DESK:061]: 9B:04:15:BF:C2:9D
[15:03:49.615][D][DESK:061]: 9B:04:11:7C:C3:9D
[15:03:49.618][D][KEYPAD:046]: 9B:06:02:00:00:6C:A1:9D
[15:03:49.630][D][DESK:061]: 9B:07:12:06:06:06:1B:F7:9D
[15:03:49.645][D][DESK:061]: 9B:04:11:7C:C3:9D
[15:03:49.650][D][KEYPAD:046]: 9B:06:02:00:00:6C:A1:9D
[15:03:49.679][D][DESK:061]: 9B:04:11:7C:C3:9D
[15:03:49.679][D][KEYPAD:046]: 9B:06:02:00:00:6C:A1:9D
[15:03:49.696][D][DESK:061]: 9B:07:12:06:06:06:1B:F7:9D
[15:03:49.708][D][DESK:061]: 9B:04:11:7C:C3:9D
[15:03:49.715][D][KEYPAD:046]: 9B:06:02:00:00:6C:A1:9D
[15:03:49.734][D][DESK:061]: 9B:04:11:7C:C3:9D
[15:03:49.751][D][KEYPAD:046]: 9B:06:02:00:00:6C:A1:9D
[15:03:49.758][D][DESK:061]: 9B:07:12:06:06:3F:09:37:9D
[15:03:49.775][D][DESK:061]: 9B:04:11:7C:C3:9D
[15:03:49.780][D][KEYPAD:046]: 9B:06:02:00:00:6C:A1:9D
[15:03:49.803][D][DESK:061]: 9B:04:11:7C:C3:9D
[15:03:49.804][D][KEYPAD:046]: 9B:06:02:00:00:6C:A1:9D
[15:03:49.821][D][DESK:061]: 9B:07:12:06:06:3F:09:37:9D
[15:03:49.837][D][DESK:061]: 9B:04:11:7C:C3:9D
[15:03:49.854][D][KEYPAD:046]: 9B:06:02:00:00:6C:A1:9D
[15:03:49.875][D][DESK:061]: 9B:04:11:7C:C3:9D
[15:03:49.879][D][KEYPAD:046]: 9B:06:02:00:00:6C:A1:9D
[15:03:49.888][D][DESK:061]: 9B:07:12:06:06:3F:09:37:9D
[15:03:49.900][D][DESK:061]: 9B:04:11:7C:C3:9D
[15:03:49.907][D][KEYPAD:046]: 9B:06:02:00:00:6C:A1:9D
[15:03:49.926][D][DESK:061]: 9B:04:11:7C:C3:9D
[15:03:49.932][D][KEYPAD:046]: 9B:06:02:00:00:6C:A1:9D
[15:03:49.950][D][DESK:061]: 9B:07:12:06:06:3F:09:37:9D
[15:03:49.964][D][DESK:061]: 9B:04:11:7C:C3:9D
[15:03:49.982][D][KEYPAD:046]: 9B:06:02:00:00:6C:A1:9D
[15:03:49.990][D][DESK:061]: 9B:04:11:7C:C3:9D
[15:03:49.997][D][KEYPAD:046]: 9B:06:02:00:00:6C:A1:9D
[15:03:50.013][D][DESK:061]: 9B:07:12:06:06:3F:09:37:9D
[15:03:50.028][D][DESK:061]: 9B:04:11:7C:C3:9D
[15:03:50.036][D][KEYPAD:046]: 9B:06:02:00:00:6C:A1:9D
[15:03:50.055][D][DESK:061]: 9B:04:11:7C:C3:9D
[15:03:50.061][D][KEYPAD:046]: 9B:06:02:00:00:6C:A1:9D
[15:03:50.080][D][DESK:061]: 9B:07:12:06:06:3F:09:37:9D
[15:03:50.094][D][DESK:061]: 9B:04:11:7C:C3:9D
[15:03:50.100][D][KEYPAD:046]: 9B:06:02:00:00:6C:A1:9D
[15:03:50.108][D][DESK:061]: 9B:04:15:BF:C2:9D
[15:03:50.122][D][DESK:061]: 9B:04:11:7C:C3:9D
[15:03:50.129][D][KEYPAD:046]: 9B:06:02:00:00:6C:A1:9D
[15:03:50.141][D][DESK:061]: 9B:07:12:06:06:3F:09:37:9D
[15:03:50.156][D][DESK:061]: 9B:04:11:7C:C3:9D
[15:03:50.168][D][KEYPAD:046]: 9B:06:02:00:00:6C:A1:9D
[15:03:50.186][D][DESK:061]: 9B:04:11:7C:C3:9D
[15:03:50.193][D][KEYPAD:046]: 9B:06:02:00:00:6C:A1:9D
[15:03:50.209][D][DESK:061]: 9B:07:12:06:3F:6F:65:25:9D
[15:03:50.221][D][DESK:061]: 9B:04:11:7C:C3:9D
[15:03:50.232][D][KEYPAD:046]: 9B:06:02:00:00:6C:A1:9D
[15:03:50.263][D][DESK:061]: 9B:04:11:7C:C3:9D
[15:03:50.264][D][KEYPAD:046]: 9B:06:02:00:00:6C:A1:9D
[15:03:50.290][D][DESK:061]: 9B:07:12:06:3F:6F:65:25:9D
[15:03:50.297][D][DESK:061]: 9B:04:11:7C:C3:9D
[15:03:50.297][D][KEYPAD:046]: 9B:06:02:00:00:6C:A1:9D
[15:03:50.309][D][DESK:061]: 9B:04:11:7C:C3:9D
[15:03:50.316][D][KEYPAD:046]: 9B:06:02:00:00:6C:A1:9D
[15:03:50.333][D][DESK:061]: 9B:07:12:06:3F:6F:65:25:9D
[15:03:50.360][D][DESK:061]: 9B:04:11:7C:C3:9D
[15:03:50.361][D][KEYPAD:046]: 9B:06:02:00:00:6C:A1:9D
[15:03:50.389][D][DESK:061]: 9B:04:11:7C:C3:9D
[15:03:50.429][D][KEYPAD:046]: 9B:06:02:00:00:6C:A1:9D
[15:03:50.429][D][DESK:061]: 9B:07:12:06:3F:6F:65:25:9D
[15:03:50.430][D][DESK:061]: 9B:04:11:7C:C3:9D
[15:03:50.475][D][KEYPAD:046]: 9B:06:02:00:00:6C:A1:9D
[15:03:50.475][D][DESK:061]: 9B:04:11:7C:C3:9D
[15:03:50.475][D][KEYPAD:046]: 9B:06:02:00:00:6C:A1:9D
[15:03:50.475][D][DESK:061]: 9B:07:12:06:3F:6F:65:25:9D
[15:03:50.514][D][DESK:061]: 9B:04:11:7C:C3:9D
[15:03:50.514][D][KEYPAD:046]: 9B:06:02:00:00:6C:A1:9D
[15:03:50.514][D][DESK:061]: 9B:04:11:7C:C3:9D
[15:03:50.514][D][KEYPAD:046]: 9B:06:02:00:00:6C:A1:9D
[15:03:50.525][D][DESK:061]: 9B:07:12:06:3F:6F:65:25:9D
[15:03:50.542][D][DESK:061]: 9B:04:11:7C:C3:9D
[15:03:50.552][D][KEYPAD:046]: 9B:06:02:00:00:6C:A1:9D
[15:03:50.567][D][DESK:061]: 9B:04:11:7C:C3:9D
[15:03:50.577][D][KEYPAD:046]: 9B:06:02:00:00:6C:A1:9D
[15:03:50.596][D][DESK:061]: 9B:07:12:06:3F:7F:A9:24:9D
[15:03:50.604][D][DESK:061]: 9B:04:11:7C:C3:9D
[15:03:50.611][D][KEYPAD:046]: 9B:06:02:00:00:6C:A1:9D
[15:03:50.621][D][DESK:061]: 9B:04:15:BF:C2:9D
[15:03:50.634][D][DESK:061]: 9B:04:11:7C:C3:9D
[15:03:50.652][D][KEYPAD:046]: 9B:06:02:00:00:6C:A1:9D
[15:03:50.666][D][DESK:061]: 9B:07:12:06:3F:7F:A9:24:9D
[15:03:50.673][D][DESK:061]: 9B:04:11:7C:C3:9D
[15:03:50.678][D][KEYPAD:046]: 9B:06:02:00:00:6C:A1:9D
[15:03:50.696][D][DESK:061]: 9B:04:11:7C:C3:9D
[15:03:50.702][D][KEYPAD:046]: 9B:06:02:00:00:6C:A1:9D
[15:03:50.718][D][DESK:061]: 9B:07:12:06:3F:7F:A9:24:9D
[15:03:50.734][D][DESK:061]: 9B:04:11:7C:C3:9D
[15:03:50.752][D][KEYPAD:046]: 9B:06:02:00:00:6C:A1:9D
[15:03:50.769][D][DESK:061]: 9B:04:11:7C:C3:9D
[15:03:50.773][D][KEYPAD:046]: 9B:06:02:00:00:6C:A1:9D
[15:03:50.799][D][DESK:061]: 9B:07:12:06:3F:7F:A9:24:9D
[15:03:50.805][D][DESK:061]: 9B:04:11:7C:C3:9D
[15:03:50.805][D][KEYPAD:046]: 9B:06:02:00:00:6C:A1:9D
[15:03:50.822][D][DESK:061]: 9B:04:11:7C:C3:9D
[15:03:50.829][D][KEYPAD:046]: 9B:06:02:00:00:6C:A1:9D
[15:03:50.847][D][DESK:061]: 9B:07:12:06:3F:7F:A9:24:9D
[15:03:50.865][D][DESK:061]: 9B:04:11:7C:C3:9D
[15:03:50.876][D][KEYPAD:046]: 9B:06:02:00:00:6C:A1:9D
[15:03:50.899][D][DESK:061]: 9B:04:11:7C:C3:9D
[15:03:50.904][D][KEYPAD:046]: 9B:06:02:00:00:6C:A1:9D
[15:03:50.910][D][DESK:061]: 9B:07:12:06:3F:7F:A9:24:9D
[15:03:50.924][D][DESK:061]: 9B:04:11:7C:C3:9D
[15:03:50.930][D][KEYPAD:046]: 9B:06:02:00:00:6C:A1:9D
[15:03:50.951][D][DESK:061]: 9B:04:11:7C:C3:9D
[15:03:50.958][D][KEYPAD:046]: 9B:06:02:00:00:6C:A1:9D
[15:03:50.973][D][DESK:061]: 9B:07:12:06:3F:7F:A9:24:9D
[15:03:51.001][D][DESK:061]: 9B:04:11:7C:C3:9D
[15:03:51.005][D][KEYPAD:046]: 9B:06:02:00:00:6C:A1:9D
[15:03:51.018][D][DESK:061]: 9B:04:11:7C:C3:9D
[15:03:51.023][D][KEYPAD:046]: 9B:06:02:00:00:6C:A1:9D
[15:03:51.038][D][DESK:061]: 9B:07:12:06:3F:07:8B:24:9D
[15:03:51.054][D][DESK:061]: 9B:04:11:7C:C3:9D
[15:03:51.060][D][KEYPAD:046]: 9B:06:02:00:00:6C:A1:9D
[15:03:51.081][D][DESK:061]: 9B:04:11:7C:C3:9D
[15:03:51.086][D][KEYPAD:046]: 9B:06:02:00:00:6C:A1:9D
[15:03:51.103][D][DESK:061]: 9B:07:12:06:3F:07:8B:24:9D
[15:03:51.117][D][DESK:061]: 9B:04:11:7C:C3:9D
[15:03:51.123][D][KEYPAD:046]: 9B:06:02:00:00:6C:A1:9D
[15:03:51.134][D][DESK:061]: 9B:04:15:BF:C2:9D
[15:03:51.146][D][DESK:061]: 9B:04:11:7C:C3:9D
[15:03:51.153][D][KEYPAD:046]: 9B:06:02:00:00:6C:A1:9D
[15:03:51.178][D][DESK:061]: 9B:07:12:06:3F:07:8B:24:9D
[15:03:51.182][D][DESK:061]: 9B:04:11:7C:C3:9D
[15:03:51.191][D][KEYPAD:046]: 9B:06:02:00:00:6C:A1:9D
[15:03:51.208][D][DESK:061]: 9B:04:11:7C:C3:9D
[15:03:51.214][D][KEYPAD:046]: 9B:06:02:00:00:6C:A1:9D
[15:03:51.229][D][DESK:061]: 9B:07:12:06:3F:07:8B:24:9D
[15:03:51.244][D][DESK:061]: 9B:04:11:7C:C3:9D
[15:03:51.251][D][KEYPAD:046]: 9B:06:02:00:00:6C:A1:9D
[15:03:51.280][D][DESK:061]: 9B:04:11:7C:C3:9D
[15:03:51.283][D][KEYPAD:046]: 9B:06:02:00:00:6C:A1:9D
[15:03:51.294][D][DESK:061]: 9B:07:12:06:3F:07:8B:24:9D
[15:03:51.308][D][DESK:061]: 9B:04:11:7C:C3:9D
[15:03:51.317][D][KEYPAD:046]: 9B:06:02:00:00:6C:A1:9D
[15:03:51.334][D][DESK:061]: 9B:04:11:7C:C3:9D
[15:03:51.340][D][KEYPAD:046]: 9B:06:02:00:00:6C:A1:9D
[15:03:51.357][D][DESK:061]: 9B:07:12:06:3F:07:8B:24:9D
[15:03:51.382][D][DESK:061]: 9B:04:11:7C:C3:9D
[15:03:51.385][D][KEYPAD:046]: 9B:06:02:00:00:6C:A1:9D
[15:03:51.410][D][DESK:061]: 9B:04:11:7C:C3:9D
[15:03:51.411][D][KEYPAD:046]: 9B:06:02:00:00:6C:A1:9D
[15:03:51.422][D][DESK:061]: 9B:07:12:06:3F:07:8B:24:9D
[15:03:51.436][D][DESK:061]: 9B:04:11:7C:C3:9D
[15:03:51.455][D][KEYPAD:046]: 9B:06:02:00:00:6C:A1:9D
[15:03:51.464][D][DESK:061]: 9B:04:11:7C:C3:9D
[15:03:51.469][D][KEYPAD:046]: 9B:06:02:00:00:6C:A1:9D
[15:03:51.486][D][DESK:061]: 9B:07:12:06:3F:7D:68:A5:9D
[15:03:51.501][D][DESK:061]: 9B:04:11:7C:C3:9D
[15:03:51.514][D][KEYPAD:046]: 9B:06:02:00:00:6C:A1:9D
[15:03:51.526][D][DESK:061]: 9B:04:11:7C:C3:9D
[15:03:51.533][D][KEYPAD:046]: 9B:06:02:00:00:6C:A1:9D
[15:03:51.549][D][DESK:061]: 9B:07:12:06:3F:7D:68:A5:9D
[15:03:51.564][D][DESK:061]: 9B:04:11:7C:C3:9D
[15:03:51.571][D][KEYPAD:046]: 9B:06:02:00:00:6C:A1:9D
[15:03:51.593][D][DESK:061]: 9B:04:11:7C:C3:9D
[15:03:51.615][D][KEYPAD:046]: 9B:06:02:00:00:6C:A1:9D
[15:03:51.616][D][DESK:061]: 9B:07:12:06:3F:7D:68:A5:9D
[15:03:51.629][D][DESK:061]: 9B:04:11:7C:C3:9D
[15:03:51.635][D][KEYPAD:046]: 9B:06:02:00:00:6C:A1:9D
[15:03:51.655][D][DESK:061]: 9B:04:15:BF:C2:9D
[15:03:51.658][D][DESK:061]: 9B:04:11:7C:C3:9D
[15:03:51.671][D][KEYPAD:046]: 9B:06:02:00:00:6C:A1:9D
[15:03:51.689][D][DESK:061]: 9B:07:12:06:3F:7D:68:A5:9D
[15:03:51.694][D][DESK:061]: 9B:04:11:7C:C3:9D
[15:03:51.698][D][KEYPAD:046]: 9B:06:02:00:00:6C:A1:9D
[15:03:51.718][D][DESK:061]: 9B:04:11:7C:C3:9D
[15:03:51.726][D][KEYPAD:046]: 9B:06:02:00:00:6C:A1:9D
[15:03:51.741][D][DESK:061]: 9B:07:12:06:3F:7D:68:A5:9D
[15:03:51.756][D][DESK:061]: 9B:04:11:7C:C3:9D
[15:03:51.764][D][KEYPAD:046]: 9B:06:02:00:00:6C:A1:9D
[15:03:51.792][D][DESK:061]: 9B:04:11:7C:C3:9D
[15:03:51.796][D][KEYPAD:046]: 9B:06:02:00:00:6C:A1:9D
[15:03:51.805][D][DESK:061]: 9B:07:12:06:3F:7D:68:A5:9D
[15:03:51.824][D][DESK:061]: 9B:04:11:7C:C3:9D
[15:03:51.831][D][KEYPAD:046]: 9B:06:02:00:00:6C:A1:9D
[15:03:51.848][D][DESK:061]: 9B:04:11:7C:C3:9D
[15:03:51.854][D][KEYPAD:046]: 9B:06:02:00:00:6C:A1:9D
[15:03:51.869][D][DESK:061]: 9B:07:12:06:3F:6D:A4:A4:9D
[15:03:51.894][D][DESK:061]: 9B:04:11:7C:C3:9D
[15:03:51.898][D][KEYPAD:046]: 9B:06:02:00:00:6C:A1:9D
[15:03:51.923][D][DESK:061]: 9B:04:11:7C:C3:9D
[15:03:51.928][D][KEYPAD:046]: 9B:06:02:00:00:6C:A1:9D
[15:03:51.935][D][DESK:061]: 9B:07:12:06:3F:6D:A4:A4:9D
[15:03:51.953][D][DESK:061]: 9B:04:11:7C:C3:9D
[15:03:51.956][D][KEYPAD:046]: 9B:06:02:00:00:6C:A1:9D
[15:03:51.974][D][DESK:061]: 9B:04:11:7C:C3:9D
[15:03:51.980][D][KEYPAD:046]: 9B:06:02:00:00:6C:A1:9D
[15:03:51.998][D][DESK:061]: 9B:07:12:06:3F:6D:A4:A4:9D
[15:03:52.025][D][DESK:061]: 9B:04:11:7C:C3:9D
[15:03:52.029][D][KEYPAD:046]: 9B:06:02:00:00:6C:A1:9D
[15:03:52.038][D][DESK:061]: 9B:04:11:7C:C3:9D
[15:03:52.054][D][KEYPAD:046]: 9B:06:02:00:00:6C:A1:9D
[15:03:52.061][D][DESK:061]: 9B:07:12:06:3F:6D:A4:A4:9D
[15:03:52.076][D][DESK:061]: 9B:04:11:7C:C3:9D
[15:03:52.084][D][KEYPAD:046]: 9B:06:02:00:00:6C:A1:9D
[15:03:52.105][D][DESK:061]: 9B:04:11:7C:C3:9D
[15:03:52.110][D][KEYPAD:046]: 9B:06:02:00:00:6C:A1:9D
[15:03:52.131][D][DESK:061]: 9B:07:12:06:3F:6D:A4:A4:9D
[15:03:52.143][D][DESK:061]: 9B:04:11:7C:C3:9D
[15:03:52.162][D][KEYPAD:046]: 9B:06:02:00:00:6C:A1:9D
[15:03:52.162][D][DESK:061]: 9B:04:15:BF:C2:9D
[15:03:52.173][D][DESK:061]: 9B:04:11:7C:C3:9D
[15:03:52.182][D][KEYPAD:046]: 9B:06:02:00:00:6C:A1:9D
[15:03:52.203][D][DESK:061]: 9B:07:12:06:3F:6D:A4:A4:9D
[15:03:52.203][D][DESK:061]: 9B:04:11:7C:C3:9D
[15:03:52.213][D][KEYPAD:046]: 9B:06:02:00:00:6C:A1:9D
[15:03:52.232][D][DESK:061]: 9B:04:11:7C:C3:9D
[15:03:52.256][D][KEYPAD:046]: 9B:06:02:00:00:6C:A1:9D
[15:03:52.257][D][DESK:061]: 9B:07:12:06:3F:6D:A4:A4:9D
[15:03:52.282][D][DESK:061]: 9B:04:11:7C:C3:9D
[15:03:52.282][D][KEYPAD:046]: 9B:06:02:00:00:6C:A1:9D
[15:03:52.307][D][DESK:061]: 9B:04:11:7C:C3:9D
[15:03:52.307][D][KEYPAD:046]: 9B:06:02:00:00:6C:A1:9D
[15:03:52.333][D][DESK:061]: 9B:07:12:06:3F:66:63:E5:9D
[15:03:52.358][D][DESK:061]: 9B:04:11:7C:C3:9D
[15:03:52.359][D][KEYPAD:046]: 9B:06:02:00:00:6C:A1:9D
[15:03:52.359][D][DESK:061]: 9B:04:11:7C:C3:9D
[15:03:52.365][D][KEYPAD:046]: 9B:06:02:00:00:6C:A1:9D
[15:03:52.384][D][DESK:061]: 9B:07:12:06:3F:66:63:E5:9D
[15:03:52.406][D][DESK:061]: 9B:04:11:7C:C3:9D
[15:03:52.407][D][KEYPAD:046]: 9B:06:02:00:00:6C:A1:9D
[15:03:52.435][D][DESK:061]: 9B:04:11:7C:C3:9D
[15:03:52.440][D][KEYPAD:046]: 9B:06:02:00:00:6C:A1:9D
[15:03:52.457][D][DESK:061]: 9B:07:12:06:3F:66:63:E5:9D
[15:03:52.459][D][DESK:061]: 9B:04:11:7C:C3:9D
[15:03:52.467][D][KEYPAD:046]: 9B:06:02:00:00:6C:A1:9D
[15:03:52.486][D][DESK:061]: 9B:04:11:7C:C3:9D
[15:03:52.493][D][KEYPAD:046]: 9B:06:02:00:00:6C:A1:9D
[15:03:52.510][D][DESK:061]: 9B:07:12:06:3F:66:63:E5:9D
[15:03:52.537][D][DESK:061]: 9B:04:11:7C:C3:9D
[15:03:52.554][D][KEYPAD:046]: 9B:06:02:00:00:6C:A1:9D
[15:03:52.554][D][DESK:061]: 9B:04:11:7C:C3:9D
[15:03:52.561][D][KEYPAD:046]: 9B:06:02:00:00:6C:A1:9D
[15:03:52.573][D][DESK:061]: 9B:07:12:06:3F:66:63:E5:9D
[15:03:52.588][D][DESK:061]: 9B:04:11:7C:C3:9D
[15:03:52.595][D][KEYPAD:046]: 9B:06:02:00:00:6C:A1:9D
[15:03:52.614][D][DESK:061]: 9B:04:11:7C:C3:9D
[15:03:52.623][D][KEYPAD:046]: 9B:06:02:00:00:6C:A1:9D
[15:03:52.647][D][DESK:061]: 9B:07:12:06:3F:66:63:E5:9D
[15:03:52.654][D][DESK:061]: 9B:04:11:7C:C3:9D
[15:03:52.659][D][KEYPAD:046]: 9B:06:02:00:00:6C:A1:9D
[15:03:52.668][D][DESK:061]: 9B:04:15:BF:C2:9D
[15:03:52.685][D][DESK:061]: 9B:04:11:7C:C3:9D
[15:03:52.692][D][KEYPAD:046]: 9B:06:02:00:00:6C:A1:9D
[15:03:52.715][D][DESK:061]: 9B:07:12:06:3F:4F:BD:24:9D
[15:03:52.722][D][DESK:061]: 9B:04:11:7C:C3:9D
[15:03:52.725][D][KEYPAD:046]: 9B:06:02:00:00:6C:A1:9D
[15:03:52.743][D][DESK:061]: 9B:04:11:7C:C3:9D
[15:03:52.750][D][KEYPAD:046]: 9B:06:02:00:00:6C:A1:9D
[15:03:52.768][D][DESK:061]: 9B:07:12:06:3F:4F:BD:24:9D
[15:03:52.779][D][DESK:061]: 9B:04:11:7C:C3:9D
[15:03:52.786][D][KEYPAD:046]: 9B:06:02:00:00:6C:A1:9D
[15:03:52.816][D][DESK:061]: 9B:04:11:7C:C3:9D
[15:03:52.824][D][KEYPAD:046]: 9B:06:02:00:00:6C:A1:9D
[15:03:52.850][D][DESK:061]: 9B:07:12:06:3F:4F:BD:24:9D
[15:03:52.850][D][DESK:061]: 9B:04:11:7C:C3:9D
[15:03:52.851][D][KEYPAD:046]: 9B:06:02:00:00:6C:A1:9D
[15:03:52.870][D][DESK:061]: 9B:04:11:7C:C3:9D
[15:03:52.878][D][KEYPAD:046]: 9B:06:02:00:00:6C:A1:9D
[15:03:52.894][D][DESK:061]: 9B:07:12:06:3F:4F:BD:24:9D
[15:03:52.918][D][DESK:061]: 9B:04:11:7C:C3:9D
[15:03:52.928][D][KEYPAD:046]: 9B:06:02:00:00:6C:A1:9D
[15:03:52.955][D][DESK:061]: 9B:04:11:7C:C3:9D
[15:03:52.955][D][KEYPAD:046]: 9B:06:02:00:00:6C:A1:9D
[15:03:52.962][D][DESK:061]: 9B:07:12:06:3F:4F:BD:24:9D
[15:03:52.973][D][DESK:061]: 9B:04:11:7C:C3:9D
[15:03:52.981][D][KEYPAD:046]: 9B:06:02:00:00:6C:A1:9D
[15:03:52.999][D][DESK:061]: 9B:04:11:7C:C3:9D
[15:03:53.004][D][KEYPAD:046]: 9B:06:02:00:00:6C:A1:9D
[15:03:53.021][D][DESK:061]: 9B:07:12:06:3F:4F:BD:24:9D
[15:03:53.036][D][DESK:061]: 9B:04:11:7C:C3:9D
[15:03:53.063][D][KEYPAD:046]: 9B:06:02:00:00:6C:A1:9D
[15:03:53.063][D][DESK:061]: 9B:04:11:7C:C3:9D
[15:03:53.075][D][KEYPAD:046]: 9B:06:02:00:00:6C:A1:9D
[15:03:53.085][D][DESK:061]: 9B:07:12:06:3F:4F:BD:24:9D
[15:03:53.102][D][DESK:061]: 9B:04:11:7C:C3:9D
[15:03:53.107][D][KEYPAD:046]: 9B:06:02:00:00:6C:A1:9D
[15:03:53.127][D][DESK:061]: 9B:04:11:7C:C3:9D
[15:03:53.138][D][KEYPAD:046]: 9B:06:02:00:00:6C:A1:9D
[15:03:53.162][D][DESK:061]: 9B:07:12:06:3F:5B:B2:24:9D
[15:03:53.164][D][DESK:061]: 9B:04:11:7C:C3:9D
[15:03:53.177][D][KEYPAD:046]: 9B:06:02:00:00:6C:A1:9D
[15:03:53.182][D][DESK:061]: 9B:04:15:BF:C2:9D
[15:03:53.195][D][DESK:061]: 9B:04:11:7C:C3:9D
[15:03:53.201][D][KEYPAD:046]: 9B:06:02:00:00:6C:A1:9D
[15:03:53.225][D][DESK:061]: 9B:07:12:06:3F:5B:B2:24:9D
[15:03:53.229][D][DESK:061]: 9B:04:11:7C:C3:9D
[15:03:53.234][D][KEYPAD:046]: 9B:06:02:00:00:6C:A1:9D
[15:03:53.256][D][DESK:061]: 9B:04:11:7C:C3:9D
[15:03:53.262][D][KEYPAD:046]: 9B:06:02:00:00:6C:A1:9D
[15:03:53.277][D][DESK:061]: 9B:07:12:06:3F:5B:B2:24:9D
[15:03:53.292][D][DESK:061]: 9B:04:11:7C:C3:9D
[15:03:53.299][D][KEYPAD:046]: 9B:06:02:00:00:6C:A1:9D
[15:03:53.328][D][DESK:061]: 9B:04:11:7C:C3:9D
[15:03:53.331][D][KEYPAD:046]: 9B:06:02:00:00:6C:A1:9D
[15:03:53.342][D][DESK:061]: 9B:07:12:06:3F:5B:B2:24:9D
[15:03:53.362][D][DESK:061]: 9B:04:11:7C:C3:9D
[15:03:53.370][D][KEYPAD:046]: 9B:06:02:00:00:6C:A1:9D
[15:03:53.384][D][DESK:061]: 9B:04:11:7C:C3:9D
[15:03:53.389][D][KEYPAD:046]: 9B:06:02:00:00:6C:A1:9D
[15:03:53.405][D][DESK:061]: 9B:07:12:06:3F:5B:B2:24:9D
[15:03:53.430][D][DESK:061]: 9B:04:11:7C:C3:9D
[15:03:53.434][D][KEYPAD:046]: 9B:06:02:00:00:6C:A1:9D
[15:03:53.446][D][DESK:061]: 9B:04:11:7C:C3:9D
[15:03:53.459][D][KEYPAD:046]: 9B:06:02:00:00:6C:A1:9D
[15:03:53.469][D][DESK:061]: 9B:07:12:06:3F:5B:B2:24:9D
[15:03:53.485][D][DESK:061]: 9B:04:11:7C:C3:9D
[15:03:53.493][D][KEYPAD:046]: 9B:06:02:00:00:6C:A1:9D
[15:03:53.510][D][DESK:061]: 9B:04:11:7C:C3:9D
[15:03:53.518][D][KEYPAD:046]: 9B:06:02:00:00:6C:A1:9D
[15:03:53.533][D][DESK:061]: 9B:07:12:06:3F:5B:B2:24:9D
[15:03:53.561][D][DESK:061]: 9B:04:11:7C:C3:9D
[15:03:53.562][D][KEYPAD:046]: 9B:06:02:00:00:6C:A1:9D
[15:03:53.574][D][DESK:061]: 9B:04:11:7C:C3:9D
[15:03:53.580][D][KEYPAD:046]: 9B:06:02:00:00:6C:A1:9D
[15:03:53.602][D][DESK:061]: 9B:07:12:06:3F:06:4B:E5:9D
[15:03:53.615][D][DESK:061]: 9B:04:11:7C:C3:9D
[15:03:53.620][D][KEYPAD:046]: 9B:06:02:00:00:6C:A1:9D
[15:03:53.639][D][DESK:061]: 9B:04:11:7C:C3:9D
[15:03:53.663][D][KEYPAD:046]: 9B:06:02:00:00:6C:A1:9D
[15:03:53.663][D][DESK:061]: 9B:07:12:06:3F:06:4B:E5:9D
[15:03:53.678][D][DESK:061]: 9B:04:11:7C:C3:9D
[15:03:53.687][D][KEYPAD:046]: 9B:06:02:00:00:6C:A1:9D
[15:03:53.694][D][DESK:061]: 9B:04:15:BF:C2:9D
[15:03:53.709][D][DESK:061]: 9B:04:11:7C:C3:9D
[15:03:53.714][D][KEYPAD:046]: 9B:06:02:00:00:6C:A1:9D
[15:03:53.741][D][DESK:061]: 9B:07:12:06:3F:06:4B:E5:9D
[15:03:53.748][D][DESK:061]: 9B:04:11:7C:C3:9D
[15:03:53.748][D][KEYPAD:046]: 9B:06:02:00:00:6C:A1:9D
[15:03:53.772][D][DESK:061]: 9B:04:11:7C:C3:9D
[15:03:53.776][D][KEYPAD:046]: 9B:06:02:00:00:6C:A1:9D
[15:03:53.790][D][DESK:061]: 9B:07:12:06:3F:06:4B:E5:9D
[15:03:53.804][D][DESK:061]: 9B:04:11:7C:C3:9D
[15:03:53.811][D][KEYPAD:046]: 9B:06:02:00:00:6C:A1:9D
[15:03:53.841][D][DESK:061]: 9B:04:11:7C:C3:9D
[15:03:53.855][D][KEYPAD:046]: 9B:06:02:00:00:6C:A1:9D
[15:03:53.855][D][DESK:061]: 9B:07:12:06:3F:06:4B:E5:9D
[15:03:53.871][D][DESK:061]: 9B:04:11:7C:C3:9D
[15:03:53.875][D][KEYPAD:046]: 9B:06:02:00:00:6C:A1:9D
[15:03:53.894][D][DESK:061]: 9B:04:11:7C:C3:9D
[15:03:53.902][D][KEYPAD:046]: 9B:06:02:00:00:6C:A1:9D
[15:03:53.919][D][DESK:061]: 9B:07:12:06:3F:06:4B:E5:9D
[15:03:53.943][D][DESK:061]: 9B:04:11:7C:C3:9D
[15:03:53.956][D][KEYPAD:046]: 9B:06:02:00:00:6C:A1:9D
[15:03:53.976][D][DESK:061]: 9B:04:11:7C:C3:9D
[15:03:53.983][D][KEYPAD:046]: 9B:06:02:00:00:6C:A1:9D
[15:03:53.986][D][DESK:061]: 9B:07:12:06:3F:3F:59:25:9D
[15:03:53.996][D][DESK:061]: 9B:04:11:7C:C3:9D
[15:03:54.002][D][KEYPAD:046]: 9B:06:02:00:00:6C:A1:9D
[15:03:54.025][D][DESK:061]: 9B:04:11:7C:C3:9D
[15:03:54.032][D][KEYPAD:046]: 9B:06:02:00:00:6C:A1:9D
[15:03:54.056][D][DESK:061]: 9B:07:12:06:3F:3F:59:25:9D
[15:03:54.074][D][DESK:061]: 9B:04:11:7C:C3:9D
[15:03:54.078][D][KEYPAD:046]: 9B:06:02:00:00:6C:A1:9D
[15:03:54.086][D][DESK:061]: 9B:04:11:7C:C3:9D
[15:03:54.094][D][KEYPAD:046]: 9B:06:02:00:00:6C:A1:9D
[15:03:54.109][D][DESK:061]: 9B:07:12:06:3F:3F:59:25:9D
[15:03:54.134][D][DESK:061]: 9B:04:11:7C:C3:9D
[15:03:54.161][D][KEYPAD:046]: 9B:06:02:00:00:6C:A1:9D
[15:03:54.161][D][DESK:061]: 9B:04:11:7C:C3:9D
[15:03:54.161][D][KEYPAD:046]: 9B:06:02:00:00:6C:A1:9D
[15:03:54.189][D][DESK:061]: 9B:07:12:06:3F:3F:59:25:9D
[15:03:54.265][D][DESK:061]: 9B:04:11:7C:C3:9D
[15:03:54.265][D][KEYPAD:046]: 9B:06:02:00:00:6C:A1:9D
[15:03:54.265][D][DESK:061]: 9B:04:15:BF:C2:9D
[15:03:54.265][D][DESK:061]: 9B:04:11:7C:C3:9D
[15:03:54.265][D][KEYPAD:046]: 9B:06:02:00:00:6C:A1:9D
[15:03:54.265][D][DESK:061]: 9B:07:12:6F:EF:7F:75:A9:9D
[15:03:54.265][D][DESK:061]: 9B:04:11:7C:C3:9D
[15:03:54.301][D][KEYPAD:046]: 9B:06:02:00:00:6C:A1:9D
[15:03:54.301][D][DESK:061]: 9B:04:11:7C:C3:9D
[15:03:54.301][D][KEYPAD:046]: 9B:06:02:00:00:6C:A1:9D
[15:03:54.301][D][DESK:061]: 9B:07:12:6F:EF:07:57:A9:9D
[15:03:54.319][D][DESK:061]: 9B:04:11:7C:C3:9D
[15:03:54.324][D][KEYPAD:046]: 9B:06:02:00:00:6C:A1:9D
[15:03:54.355][D][DESK:061]: 9B:04:11:7C:C3:9D
[15:03:54.355][D][KEYPAD:046]: 9B:06:02:00:00:6C:A1:9D
[15:03:54.366][D][DESK:061]: 9B:07:12:6F:EF:6D:78:29:9D
[15:03:54.383][D][DESK:061]: 9B:04:11:7C:C3:9D
[15:03:54.394][D][KEYPAD:046]: 9B:06:02:00:00:6C:A1:9D
[15:03:54.407][D][DESK:061]: 9B:04:11:7C:C3:9D
[15:03:54.412][D][KEYPAD:046]: 9B:06:02:00:00:6C:A1:9D
[15:03:54.429][D][DESK:061]: 9B:07:12:6F:EF:66:BF:68:9D
[15:03:54.454][D][DESK:061]: 9B:04:11:7C:C3:9D
[15:03:54.454][D][KEYPAD:046]: 9B:06:02:00:00:6C:A1:9D
[15:03:54.486][D][DESK:061]: 9B:04:11:7C:C3:9D
[15:03:54.499][D][KEYPAD:046]: 9B:06:02:00:00:6C:A1:9D
[15:03:54.499][D][DESK:061]: 9B:07:12:6F:EF:5B:6E:A9:9D
[15:03:54.509][D][DESK:061]: 9B:04:11:7C:C3:9D
[15:03:54.515][D][KEYPAD:046]: 9B:06:02:00:00:6C:A1:9D
[15:03:54.535][D][DESK:061]: 9B:04:11:7C:C3:9D
[15:03:54.542][D][KEYPAD:046]: 9B:06:02:00:00:6C:A1:9D
[15:03:54.557][D][DESK:061]: 9B:07:12:6F:EF:06:97:68:9D
[15:03:54.572][D][DESK:061]: 9B:04:11:7C:C3:9D
[15:03:54.589][D][KEYPAD:046]: 9B:06:02:00:00:6C:A1:9D
[15:03:54.598][D][DESK:061]: 9B:04:11:7C:C3:9D
[15:03:54.604][D][KEYPAD:046]: 9B:06:02:00:00:6C:A1:9D
[15:03:54.627][D][DESK:061]: 9B:07:12:6F:FF:6F:79:A5:9D
[15:03:54.636][D][DESK:061]: 9B:04:11:7C:C3:9D
[15:03:54.643][D][KEYPAD:046]: 9B:06:02:00:00:6C:A1:9D
[15:03:54.663][D][DESK:061]: 9B:04:11:7C:C3:9D
[15:03:54.669][D][KEYPAD:046]: 9B:06:02:00:00:6C:A1:9D
[15:03:54.690][D][DESK:061]: 9B:07:12:6F:FF:7F:B5:A4:9D
[15:03:54.700][D][DESK:061]: 9B:04:11:7C:C3:9D
[15:03:54.710][D][KEYPAD:046]: 9B:06:02:00:00:6C:A1:9D
[15:03:54.718][D][DESK:061]: 9B:04:15:BF:C2:9D
[15:03:54.730][D][DESK:061]: 9B:04:11:7C:C3:9D
[15:03:54.742][D][KEYPAD:046]: 9B:06:02:00:00:6C:A1:9D
[15:03:54.762][D][DESK:061]: 9B:07:12:6F:FF:7D:74:25:9D
[15:03:54.767][D][DESK:061]: 9B:04:11:7C:C3:9D
[15:03:54.773][D][KEYPAD:046]: 9B:06:02:00:00:6C:A1:9D
[15:03:54.790][D][DESK:061]: 9B:04:11:7C:C3:9D
[15:03:54.795][D][KEYPAD:046]: 9B:06:02:00:00:6C:A1:9D
[15:03:54.814][D][DESK:061]: 9B:07:12:6F:FF:6D:B8:24:9D
[15:03:54.829][D][DESK:061]: 9B:04:11:7C:C3:9D
[15:03:54.834][D][KEYPAD:046]: 9B:06:02:00:00:6C:A1:9D
[15:03:54.865][D][DESK:061]: 9B:04:11:7C:C3:9D
[15:03:54.871][D][KEYPAD:046]: 9B:06:02:00:00:6C:A1:9D
[15:03:54.879][D][DESK:061]: 9B:07:12:6F:FF:4F:A1:A4:9D
[15:03:54.898][D][DESK:061]: 9B:04:11:7C:C3:9D
[15:03:54.899][D][KEYPAD:046]: 9B:06:02:00:00:6C:A1:9D
[15:03:54.918][D][DESK:061]: 9B:04:11:7C:C3:9D
[15:03:54.924][D][KEYPAD:046]: 9B:06:02:00:00:6C:A1:9D
[15:03:54.944][D][DESK:061]: 9B:07:12:6F:FF:5B:AE:A4:9D
[15:03:54.966][D][DESK:061]: 9B:04:11:7C:C3:9D
[15:03:54.970][D][KEYPAD:046]: 9B:06:02:00:00:6C:A1:9D
[15:03:54.982][D][DESK:061]: 9B:04:11:7C:C3:9D
[15:03:55.004][D][KEYPAD:046]: 9B:06:02:00:00:6C:A1:9D
[15:03:55.005][D][DESK:061]: 9B:07:12:6F:FF:3F:45:A5:9D
[15:03:55.023][D][DESK:061]: 9B:04:11:7C:C3:9D
[15:03:55.028][D][KEYPAD:046]: 9B:06:02:00:00:6C:A1:9D
[15:03:55.048][D][DESK:061]: 9B:04:11:7C:C3:9D
[15:03:55.052][D][KEYPAD:046]: 9B:06:02:00:00:6C:A1:9D
[15:03:55.072][D][DESK:061]: 9B:07:12:6F:87:6F:79:87:9D
[15:03:55.099][D][DESK:061]: 9B:04:11:7C:C3:9D
[15:03:55.104][D][KEYPAD:046]: 9B:06:02:00:00:6C:A1:9D
[15:03:55.111][D][DESK:061]: 9B:04:11:7C:C3:9D
[15:03:55.117][D][KEYPAD:046]: 9B:06:02:00:00:6C:A1:9D
[15:03:55.133][D][DESK:061]: 9B:07:12:6F:87:07:97:86:9D
[15:03:55.151][D][DESK:061]: 9B:04:11:7C:C3:9D
[15:03:55.154][D][KEYPAD:046]: 9B:06:02:00:00:6C:A1:9D
[15:03:55.179][D][DESK:061]: 9B:04:11:7C:C3:9D
[15:03:55.200][D][KEYPAD:046]: 9B:06:02:00:00:6C:A1:9D
[15:03:55.208][D][DESK:061]: 9B:07:12:6F:87:7D:74:07:9D
[15:03:55.214][D][DESK:061]: 9B:04:11:7C:C3:9D
[15:03:55.219][D][KEYPAD:046]: 9B:06:02:00:00:6C:A1:9D
[15:03:55.231][D][DESK:061]: 9B:04:15:BF:C2:9D
[15:03:55.242][D][DESK:061]: 9B:04:11:7C:C3:9D
[15:03:55.248][D][KEYPAD:046]: 9B:06:02:00:00:6C:A1:9D
[15:03:55.273][D][DESK:061]: 9B:07:12:6F:87:66:7F:47:9D
[15:03:55.278][D][DESK:061]: 9B:04:11:7C:C3:9D
[15:03:55.289][D][KEYPAD:046]: 9B:06:02:00:00:6C:A1:9D
[15:03:55.303][D][DESK:061]: 9B:04:11:7C:C3:9D
[15:03:55.315][D][KEYPAD:046]: 9B:06:02:00:00:6C:A1:9D
[15:03:55.325][D][DESK:061]: 9B:07:12:6F:87:4F:A1:86:9D
[15:03:55.344][D][DESK:061]: 9B:04:11:7C:C3:9D
[15:03:55.348][D][KEYPAD:046]: 9B:06:02:00:00:6C:A1:9D
[15:03:55.376][D][DESK:061]: 9B:04:11:7C:C3:9D
[15:03:55.385][D][KEYPAD:046]: 9B:06:02:00:00:6C:A1:9D
[15:03:55.393][D][DESK:061]: 9B:07:12:6F:87:06:57:47:9D
[15:03:55.407][D][DESK:061]: 9B:04:11:7C:C3:9D
[15:03:55.419][D][KEYPAD:046]: 9B:06:02:00:00:6C:A1:9D
[15:03:55.431][D][DESK:061]: 9B:04:11:7C:C3:9D
[15:03:55.445][D][KEYPAD:046]: 9B:06:02:00:00:6C:A1:9D
[15:03:55.453][D][DESK:061]: 9B:07:12:6F:87:3F:45:87:9D
[15:03:55.480][D][DESK:061]: 9B:04:11:7C:C3:9D
[15:03:55.485][D][KEYPAD:046]: 9B:06:02:00:00:6C:A1:9D
[15:03:55.507][D][DESK:061]: 9B:04:11:7C:C3:9D
[15:03:55.507][D][KEYPAD:046]: 9B:06:02:00:00:6C:A1:9D
[15:03:55.521][D][DESK:061]: 9B:07:12:6F:FD:7F:D5:A5:9D
[15:03:55.534][D][DESK:061]: 9B:04:11:7C:C3:9D
[15:03:55.539][D][KEYPAD:046]: 9B:06:02:00:00:6C:A1:9D
[15:03:55.559][D][DESK:061]: 9B:04:11:7C:C3:9D
[15:03:55.565][D][KEYPAD:046]: 9B:06:02:00:00:6C:A1:9D
[15:03:55.585][D][DESK:061]: 9B:07:12:6F:FD:07:F7:A5:9D
[15:03:55.609][D][DESK:061]: 9B:04:11:7C:C3:9D
[15:03:55.609][D][KEYPAD:046]: 9B:06:02:00:00:6C:A1:9D
[15:03:55.622][D][DESK:061]: 9B:04:11:7C:C3:9D
[15:03:55.630][D][KEYPAD:046]: 9B:06:02:00:00:6C:A1:9D
[15:03:55.647][D][DESK:061]: 9B:07:12:6F:FD:6D:D8:25:9D
[15:03:55.661][D][DESK:061]: 9B:04:11:7C:C3:9D
[15:03:55.671][D][KEYPAD:046]: 9B:06:02:00:00:6C:A1:9D
[15:03:55.713][D][DESK:061]: 9B:04:11:7C:C3:9D
[15:03:55.713][D][KEYPAD:046]: 9B:06:02:00:00:6C:A1:9D
[15:03:55.713][D][DESK:061]: 9B:07:12:6F:FD:66:1F:64:9D
[15:03:55.753][D][DESK:061]: 9B:04:11:7C:C3:9D
[15:03:55.753][D][KEYPAD:046]: 9B:06:02:00:00:6C:A1:9D
[15:03:55.753][D][DESK:061]: 9B:04:15:BF:C2:9D
[15:03:55.753][D][DESK:061]: 9B:04:11:7C:C3:9D
[15:03:55.786][D][KEYPAD:046]: 9B:06:02:00:00:6C:A1:9D
[15:03:55.794][D][DESK:061]: 9B:07:12:6F:FD:5B:CE:A5:9D
[15:03:55.794][D][DESK:061]: 9B:04:11:7C:C3:9D
[15:03:55.794][D][KEYPAD:046]: 9B:06:02:00:00:6C:A1:9D
[15:03:55.823][D][DESK:061]: 9B:04:11:7C:C3:9D
[15:03:55.830][D][KEYPAD:046]: 9B:06:02:00:00:6C:A1:9D
[15:03:55.849][D][DESK:061]: 9B:07:12:6F:FD:06:37:64:9D
[15:03:55.852][D][DESK:061]: 9B:04:11:7C:C3:9D
[15:03:55.866][D][KEYPAD:046]: 9B:06:02:00:00:6C:A1:9D
[15:03:55.888][D][DESK:061]: 9B:04:11:7C:C3:9D
[15:03:55.898][D][KEYPAD:046]: 9B:06:02:00:00:6C:A1:9D
[15:03:55.902][D][DESK:061]: 9B:07:12:6F:ED:6F:D9:A9:9D
[15:03:55.924][D][DESK:061]: 9B:04:11:7C:C3:9D
[15:03:55.930][D][KEYPAD:046]: 9B:06:02:00:00:6C:A1:9D
[15:03:55.942][D][DESK:061]: 9B:04:11:7C:C3:9D
[15:03:55.948][D][KEYPAD:046]: 9B:06:02:00:00:6C:A1:9D
[15:03:55.972][D][DESK:061]: 9B:07:12:6F:ED:7F:15:A8:9D
[15:03:55.990][D][DESK:061]: 9B:04:11:7C:C3:9D
[15:03:55.995][D][KEYPAD:046]: 9B:06:02:00:00:6C:A1:9D
[15:03:56.006][D][DESK:061]: 9B:04:11:7C:C3:9D
[15:03:56.026][D][KEYPAD:046]: 9B:06:02:00:00:6C:A1:9D
[15:03:56.030][D][DESK:061]: 9B:07:12:6F:ED:7D:D4:29:9D
[15:03:56.044][D][DESK:061]: 9B:04:11:7C:C3:9D
[15:03:56.053][D][KEYPAD:046]: 9B:06:02:00:00:6C:A1:9D
[15:03:56.073][D][DESK:061]: 9B:04:11:7C:C3:9D
[15:03:56.093][D][KEYPAD:046]: 9B:06:02:00:00:6C:A1:9D
[15:03:56.097][D][DESK:061]: 9B:07:12:6F:ED:6D:18:28:9D
[15:03:56.121][D][DESK:061]: 9B:04:11:7C:C3:9D
[15:03:56.124][D][KEYPAD:046]: 9B:06:02:00:00:6C:A1:9D
[15:03:56.134][D][DESK:061]: 9B:04:11:7C:C3:9D
[15:03:56.140][D][KEYPAD:046]: 9B:06:02:00:00:6C:A1:9D
[15:03:56.158][D][DESK:061]: 9B:07:12:6F:ED:4F:01:A8:9D
[15:03:56.172][D][DESK:061]: 9B:04:11:7C:C3:9D
[15:03:56.180][D][KEYPAD:046]: 9B:06:02:00:00:6C:A1:9D
[15:03:56.201][D][DESK:061]: 9B:04:11:7C:C3:9D
[15:03:56.204][D][KEYPAD:046]: 9B:06:02:00:00:6C:A1:9D
[15:03:56.224][D][DESK:061]: 9B:07:12:6F:ED:5B:0E:A8:9D
[15:03:56.236][D][DESK:061]: 9B:04:11:7C:C3:9D
[15:03:56.242][D][KEYPAD:046]: 9B:06:02:00:00:6C:A1:9D
[15:03:56.253][D][DESK:061]: 9B:04:15:BF:C2:9D
[15:03:56.272][D][DESK:061]: 9B:04:11:7C:C3:9D
[15:03:56.276][D][KEYPAD:046]: 9B:06:02:00:00:6C:A1:9D
[15:03:56.285][D][DESK:061]: 9B:07:12:6F:ED:3F:E5:A9:9D
[15:03:56.300][D][DESK:061]: 9B:04:11:7C:C3:9D
[15:03:56.306][D][KEYPAD:046]: 9B:06:02:00:00:6C:A1:9D
[15:03:56.327][D][DESK:061]: 9B:04:11:7C:C3:9D
[15:03:56.335][D][KEYPAD:046]: 9B:06:02:00:00:6C:A1:9D
[15:03:56.351][D][DESK:061]: 9B:07:12:6F:E6:6F:E9:AE:9D
[15:03:56.370][D][DESK:061]: 9B:04:11:7C:C3:9D
[15:03:56.376][D][KEYPAD:046]: 9B:06:02:00:00:6C:A1:9D
[15:03:56.400][D][DESK:061]: 9B:04:11:7C:C3:9D
[15:03:56.400][D][KEYPAD:046]: 9B:06:02:00:00:6C:A1:9D
[15:03:56.414][D][DESK:061]: 9B:07:12:6F:E6:07:07:AF:9D
[15:03:56.431][D][DESK:061]: 9B:04:11:7C:C3:9D
[15:03:56.457][D][KEYPAD:046]: 9B:06:02:00:00:6C:A1:9D
[15:03:56.457][D][DESK:061]: 9B:04:11:7C:C3:9D
[15:03:56.502][D][KEYPAD:046]: 9B:06:02:00:00:6C:A1:9D
[15:03:56.502][D][DESK:061]: 9B:07:12:6F:E6:7D:E4:2E:9D
[15:03:56.503][D][DESK:061]: 9B:04:11:7C:C3:9D
[15:03:56.503][D][KEYPAD:046]: 9B:06:02:00:00:6C:A1:9D
[15:03:56.557][D][DESK:061]: 9B:04:11:7C:C3:9D
[15:03:56.557][D][KEYPAD:046]: 9B:06:02:00:00:6C:A1:9D
[15:03:56.557][D][DESK:061]: 9B:07:12:6F:E6:66:EF:6E:9D
[15:03:56.557][D][DESK:061]: 9B:04:11:7C:C3:9D
[15:03:56.639][D][KEYPAD:046]: 9B:06:02:00:00:6C:A1:9D
[15:03:56.639][D][DESK:061]: 9B:04:11:7C:C3:9D
[15:03:56.639][D][KEYPAD:046]: 9B:06:02:00:00:6C:A1:9D
[15:03:56.639][D][DESK:061]: 9B:07:12:6F:E6:5B:3E:AF:9D
[15:03:56.654][D][DESK:061]: 9B:04:11:7C:C3:9D
[15:03:56.654][D][KEYPAD:046]: 9B:06:02:00:00:6C:A1:9D
[15:03:56.654][D][DESK:061]: 9B:04:11:7C:C3:9D
[15:03:56.654][D][KEYPAD:046]: 9B:06:02:00:00:6C:A1:9D
[15:03:56.717][D][DESK:061]: 9B:07:12:6F:E6:06:C7:6E:9D
[15:03:56.717][D][DESK:061]: 9B:04:11:7C:C3:9D
[15:03:56.718][D][KEYPAD:046]: 9B:06:02:00:00:6C:A1:9D
[15:03:56.718][D][DESK:061]: 9B:04:11:7C:C3:9D
[15:03:56.754][D][KEYPAD:046]: 9B:06:02:00:00:6C:A1:9D
[15:03:56.754][D][DESK:061]: 9B:07:12:6F:CF:6F:79:B1:9D
[15:03:56.754][D][DESK:061]: 9B:04:11:7C:C3:9D
[15:03:56.755][D][KEYPAD:046]: 9B:06:02:00:00:6C:A1:9D
[15:03:56.795][D][DESK:061]: 9B:04:15:BF:C2:9D
[15:03:56.795][D][DESK:061]: 9B:04:11:7C:C3:9D
[15:03:56.795][D][KEYPAD:046]: 9B:06:02:00:00:6C:A1:9D
[15:03:56.810][D][DESK:061]: 9B:07:12:6F:CF:7F:B5:B0:9D
[15:03:56.844][D][DESK:061]: 9B:04:11:7C:C3:9D
[15:03:56.845][D][KEYPAD:046]: 9B:06:02:00:00:6C:A1:9D
[15:03:56.845][D][DESK:061]: 9B:04:11:7C:C3:9D
[15:03:56.847][D][KEYPAD:046]: 9B:06:02:00:00:6C:A1:9D
[15:03:56.912][D][DESK:061]: 9B:07:12:6F:CF:7D:74:31:9D
[15:03:56.913][D][DESK:061]: 9B:04:11:7C:C3:9D
[15:03:56.913][D][KEYPAD:046]: 9B:06:02:00:00:6C:A1:9D
[15:03:56.913][D][DESK:061]: 9B:04:11:7C:C3:9D
[15:03:56.926][D][KEYPAD:046]: 9B:06:02:00:00:6C:A1:9D
[15:03:56.949][D][DESK:061]: 9B:07:12:6F:CF:6D:B8:30:9D
[15:03:56.949][D][DESK:061]: 9B:04:11:7C:C3:9D
[15:03:56.949][D][KEYPAD:046]: 9B:06:02:00:00:6C:A1:9D
[15:03:56.966][D][DESK:061]: 9B:04:11:7C:C3:9D
[15:03:56.974][D][KEYPAD:046]: 9B:06:02:00:00:6C:A1:9D
[15:03:56.989][D][DESK:061]: 9B:07:12:6F:CF:4F:A1:B0:9D
[15:03:57.014][D][DESK:061]: 9B:04:11:7C:C3:9D
[15:03:57.017][D][KEYPAD:046]: 9B:06:02:00:00:6C:A1:9D
[15:03:57.030][D][DESK:061]: 9B:04:11:7C:C3:9D
[15:03:57.047][D][KEYPAD:046]: 9B:06:02:00:00:6C:A1:9D
[15:03:57.058][D][DESK:061]: 9B:07:12:6F:CF:5B:AE:B0:9D
[15:03:57.068][D][DESK:061]: 9B:04:11:7C:C3:9D
[15:03:57.074][D][KEYPAD:046]: 9B:06:02:00:00:6C:A1:9D
[15:03:57.094][D][DESK:061]: 9B:04:11:7C:C3:9D
[15:03:57.102][D][KEYPAD:046]: 9B:06:02:00:00:6C:A1:9D
[15:03:57.123][D][DESK:061]: 9B:07:12:6F:CF:3F:45:B1:9D
[15:03:57.146][D][DESK:061]: 9B:04:11:7C:C3:9D
[15:03:57.158][D][KEYPAD:046]: 9B:06:02:00:00:6C:A1:9D
[15:03:57.158][D][DESK:061]: 9B:04:11:7C:C3:9D
[15:03:57.168][D][KEYPAD:046]: 9B:06:02:00:00:6C:A1:9D
[15:03:57.181][D][DESK:061]: 9B:07:12:6F:DB:6F:79:BE:9D
[15:03:57.199][D][DESK:061]: 9B:04:11:7C:C3:9D
[15:03:57.203][D][KEYPAD:046]: 9B:06:02:00:00:6C:A1:9D
[15:03:57.223][D][DESK:061]: 9B:04:11:7C:C3:9D
[15:03:57.229][D][KEYPAD:046]: 9B:06:02:00:00:6C:A1:9D
[15:03:57.252][D][DESK:061]: 9B:07:12:6F:DB:07:97:BF:9D
[15:03:57.260][D][DESK:061]: 9B:04:11:7C:C3:9D
[15:03:57.268][D][KEYPAD:046]: 9B:06:02:00:00:6C:A1:9D
[15:03:57.275][D][DESK:061]: 9B:04:15:BF:C2:9D
[15:03:57.290][D][DESK:061]: 9B:04:11:7C:C3:9D
[15:03:57.298][D][KEYPAD:046]: 9B:06:02:00:00:6C:A1:9D
[15:03:57.322][D][DESK:061]: 9B:07:12:6F:DB:7D:74:3E:9D
[15:03:57.325][D][DESK:061]: 9B:04:11:7C:C3:9D
[15:03:57.331][D][KEYPAD:046]: 9B:06:02:00:00:6C:A1:9D
[15:03:57.351][D][DESK:061]: 9B:04:11:7C:C3:9D
[15:03:57.360][D][KEYPAD:046]: 9B:06:02:00:00:6C:A1:9D
[15:03:57.376][D][DESK:061]: 9B:07:12:6F:DB:66:7F:7E:9D
[15:03:57.389][D][DESK:061]: 9B:04:11:7C:C3:9D
[15:03:57.394][D][KEYPAD:046]: 9B:06:02:00:00:6C:A1:9D
[15:03:57.424][D][DESK:061]: 9B:04:11:7C:C3:9D
[15:03:57.431][D][KEYPAD:046]: 9B:06:02:00:00:6C:A1:9D
[15:03:57.437][D][DESK:061]: 9B:07:12:6F:DB:4F:A1:BF:9D
[15:03:57.452][D][DESK:061]: 9B:04:11:7C:C3:9D
[15:03:57.461][D][KEYPAD:046]: 9B:06:02:00:00:6C:A1:9D
[15:03:57.480][D][DESK:061]: 9B:04:11:7C:C3:9D
[15:03:57.488][D][KEYPAD:046]: 9B:06:02:00:00:6C:A1:9D
[15:03:57.502][D][DESK:061]: 9B:07:12:6F:DB:06:57:7E:9D
[15:03:57.526][D][DESK:061]: 9B:04:11:7C:C3:9D
[15:03:57.532][D][KEYPAD:046]: 9B:06:02:00:00:6C:A1:9D
[15:03:57.542][D][DESK:061]: 9B:04:11:7C:C3:9D
[15:03:57.555][D][KEYPAD:046]: 9B:06:02:00:00:6C:A1:9D
[15:03:57.566][D][DESK:061]: 9B:07:12:6F:DB:3F:45:BE:9D
[15:03:57.586][D][DESK:061]: 9B:04:11:7C:C3:9D
[15:03:57.591][D][KEYPAD:046]: 9B:06:02:00:00:6C:A1:9D
[15:03:57.606][D][DESK:061]: 9B:04:11:7C:C3:9D
[15:03:57.614][D][KEYPAD:046]: 9B:06:02:00:00:6C:A1:9D
[15:03:57.630][D][DESK:061]: 9B:07:12:6F:86:7F:25:87:9D
[15:03:57.657][D][DESK:061]: 9B:04:11:7C:C3:9D
[15:03:57.658][D][KEYPAD:046]: 9B:06:02:00:00:6C:A1:9D
[15:03:57.671][D][DESK:061]: 9B:04:11:7C:C3:9D
[15:03:57.677][D][KEYPAD:046]: 9B:06:02:00:00:6C:A1:9D
[15:03:57.694][D][DESK:061]: 9B:07:12:6F:86:07:07:87:9D
[15:03:57.708][D][DESK:061]: 9B:04:11:7C:C3:9D
[15:03:57.715][D][KEYPAD:046]: 9B:06:02:00:00:6C:A1:9D
[15:03:57.737][D][DESK:061]: 9B:04:11:7C:C3:9D
[15:03:57.742][D][KEYPAD:046]: 9B:06:02:00:00:6C:A1:9D
[15:03:57.759][D][DESK:061]: 9B:07:12:6F:86:6D:28:07:9D
[15:03:57.773][D][DESK:061]: 9B:04:11:7C:C3:9D
[15:03:57.782][D][KEYPAD:046]: 9B:06:02:00:00:6C:A1:9D
[15:03:57.788][D][DESK:061]: 9B:04:15:BF:C2:9D
[15:03:57.805][D][DESK:061]: 9B:04:11:7C:C3:9D
[15:03:57.811][D][KEYPAD:046]: 9B:06:02:00:00:6C:A1:9D
[15:03:57.821][D][DESK:061]: 9B:07:12:6F:86:66:EF:46:9D
[15:03:57.839][D][DESK:061]: 9B:04:11:7C:C3:9D
[15:03:57.845][D][KEYPAD:046]: 9B:06:02:00:00:6C:A1:9D
[15:03:57.873][D][DESK:061]: 9B:04:11:7C:C3:9D
[15:03:57.873][D][KEYPAD:046]: 9B:06:02:00:00:6C:A1:9D
[15:03:57.890][D][DESK:061]: 9B:07:12:6F:86:5B:3E:87:9D
[15:03:57.904][D][DESK:061]: 9B:04:11:7C:C3:9D
[15:03:57.909][D][KEYPAD:046]: 9B:06:02:00:00:6C:A1:9D
[15:03:57.936][D][DESK:061]: 9B:04:11:7C:C3:9D
[15:03:57.940][D][KEYPAD:046]: 9B:06:02:00:00:6C:A1:9D
[15:03:57.950][D][DESK:061]: 9B:07:12:6F:86:06:C7:46:9D
[15:03:57.968][D][DESK:061]: 9B:04:11:7C:C3:9D
[15:03:57.975][D][KEYPAD:046]: 9B:06:02:00:00:6C:A1:9D
[15:03:57.992][D][DESK:061]: 9B:04:11:7C:C3:9D
[15:03:58.000][D][KEYPAD:046]: 9B:06:02:00:00:6C:A1:9D
[15:03:58.014][D][DESK:061]: 9B:07:12:6F:BF:6F:B9:94:9D
[15:03:58.038][D][DESK:061]: 9B:04:11:7C:C3:9D
[15:03:58.043][D][KEYPAD:046]: 9B:06:02:00:00:6C:A1:9D
[15:03:58.066][D][DESK:061]: 9B:04:11:7C:C3:9D
[15:03:58.070][D][KEYPAD:046]: 9B:06:02:00:00:6C:A1:9D
[15:03:58.076][D][DESK:061]: 9B:07:12:6F:BF:7F:75:95:9D
[15:03:58.093][D][DESK:061]: 9B:04:11:7C:C3:9D
[15:03:58.102][D][KEYPAD:046]: 9B:06:02:00:00:6C:A1:9D
[15:03:58.118][D][DESK:061]: 9B:04:11:7C:C3:9D
[15:03:58.124][D][KEYPAD:046]: 9B:06:02:00:00:6C:A1:9D
[15:03:58.144][D][DESK:061]: 9B:07:12:6F:BF:7D:B4:14:9D
[15:03:58.170][D][DESK:061]: 9B:04:11:7C:C3:9D
[15:03:58.177][D][KEYPAD:046]: 9B:06:02:00:00:6C:A1:9D
[15:03:58.183][D][DESK:061]: 9B:04:11:7C:C3:9D
[15:03:58.189][D][KEYPAD:046]: 9B:06:02:00:00:6C:A1:9D
[15:03:58.205][D][DESK:061]: 9B:07:12:6F:BF:6D:78:15:9D
[15:03:58.220][D][DESK:061]: 9B:04:11:7C:C3:9D
[15:03:58.227][D][KEYPAD:046]: 9B:06:02:00:00:6C:A1:9D
[15:03:58.249][D][DESK:061]: 9B:04:11:7C:C3:9D
[15:03:58.252][D][KEYPAD:046]: 9B:06:02:00:00:6C:A1:9D
[15:03:58.278][D][DESK:061]: 9B:07:12:6F:BF:4F:61:95:9D
[15:03:58.292][D][DESK:061]: 9B:04:11:7C:C3:9D
[15:03:58.292][D][KEYPAD:046]: 9B:06:02:00:00:6C:A1:9D
[15:03:58.299][D][DESK:061]: 9B:04:15:BF:C2:9D
[15:03:58.314][D][DESK:061]: 9B:04:11:7C:C3:9D
[15:03:58.321][D][KEYPAD:046]: 9B:06:02:00:00:6C:A1:9D
[15:03:58.333][D][DESK:061]: 9B:07:12:6F:BF:5B:6E:95:9D
[15:03:58.349][D][DESK:061]: 9B:04:11:7C:C3:9D
[15:03:58.360][D][KEYPAD:046]: 9B:06:02:00:00:6C:A1:9D
[15:03:58.386][D][DESK:061]: 9B:04:11:7C:C3:9D
[15:03:58.386][D][KEYPAD:046]: 9B:06:02:00:00:6C:A1:9D
[15:03:58.399][D][DESK:061]: 9B:07:12:6F:BF:3F:85:94:9D
[15:03:58.412][D][DESK:061]: 9B:04:11:7C:C3:9D
[15:03:58.419][D][KEYPAD:046]: 9B:06:02:00:00:6C:A1:9D
[15:03:58.448][D][DESK:061]: 9B:04:11:7C:C3:9D
[15:03:58.448][D][KEYPAD:046]: 9B:06:02:00:00:6C:A1:9D
[15:03:58.463][D][DESK:061]: 9B:07:12:7F:EF:6F:7C:A9:9D
[15:03:58.483][D][DESK:061]: 9B:04:11:7C:C3:9D
[15:03:58.489][D][KEYPAD:046]: 9B:06:02:00:00:6C:A1:9D
[15:03:58.502][D][DESK:061]: 9B:04:11:7C:C3:9D
[15:03:58.508][D][KEYPAD:046]: 9B:06:02:00:00:6C:A1:9D
[15:03:58.526][D][DESK:061]: 9B:07:12:7F:EF:07:92:A8:9D
[15:03:58.550][D][DESK:061]: 9B:04:11:7C:C3:9D
[15:03:58.552][D][KEYPAD:046]: 9B:06:02:00:00:6C:A1:9D
[15:03:58.578][D][DESK:061]: 9B:04:11:7C:C3:9D
[15:03:58.591][D][KEYPAD:046]: 9B:06:02:00:00:6C:A1:9D
[15:03:58.596][D][DESK:061]: 9B:07:12:7F:EF:6D:BD:28:9D
[15:03:58.605][D][DESK:061]: 9B:04:11:7C:C3:9D
[15:03:58.614][D][KEYPAD:046]: 9B:06:02:00:00:6C:A1:9D
[15:03:58.653][D][DESK:061]: 9B:04:11:7C:C3:9D
[15:03:58.653][D][KEYPAD:046]: 9B:06:02:00:00:6C:A1:9D
[15:03:58.726][D][DESK:061]: 9B:07:12:7F:EF:66:7A:69:9D
[15:03:58.726][D][DESK:061]: 9B:04:11:7C:C3:9D
[15:03:58.726][D][KEYPAD:046]: 9B:06:02:00:00:6C:A1:9D
[15:03:58.726][D][DESK:061]: 9B:04:11:7C:C3:9D
[15:03:58.726][D][KEYPAD:046]: 9B:06:02:00:00:6C:A1:9D
[15:03:58.761][D][DESK:061]: 9B:07:12:7F:EF:5B:AB:A8:9D
[15:03:58.761][D][DESK:061]: 9B:04:11:7C:C3:9D
[15:03:58.761][D][KEYPAD:046]: 9B:06:02:00:00:6C:A1:9D
[15:03:58.761][D][DESK:061]: 9B:04:11:7C:C3:9D
[15:03:58.768][D][KEYPAD:046]: 9B:06:02:00:00:6C:A1:9D
[15:03:58.789][D][DESK:061]: 9B:07:12:7F:EF:06:52:69:9D
[15:03:58.800][D][DESK:061]: 9B:04:11:7C:C3:9D
[15:03:58.802][D][KEYPAD:046]: 9B:06:02:00:00:6C:A1:9D
[15:03:58.811][D][DESK:061]: 9B:04:15:BF:C2:9D
[15:03:58.826][D][DESK:061]: 9B:04:11:7C:C3:9D
[15:03:58.832][D][KEYPAD:046]: 9B:06:02:00:00:6C:A1:9D
[15:03:58.845][D][DESK:061]: 9B:07:12:7F:FF:6F:BC:A4:9D
[15:03:58.866][D][DESK:061]: 9B:04:11:7C:C3:9D
[15:03:58.869][D][KEYPAD:046]: 9B:06:02:00:00:6C:A1:9D
[15:03:58.886][D][DESK:061]: 9B:04:11:7C:C3:9D
[15:03:58.892][D][KEYPAD:046]: 9B:06:02:00:00:6C:A1:9D
[15:03:58.909][D][DESK:061]: 9B:07:12:7F:FF:7F:70:A5:9D
[15:03:58.927][D][DESK:061]: 9B:04:11:7C:C3:9D
[15:03:58.937][D][KEYPAD:046]: 9B:06:02:00:00:6C:A1:9D
[15:03:58.962][D][DESK:061]: 9B:04:11:7C:C3:9D
[15:03:58.966][D][KEYPAD:046]: 9B:06:02:00:00:6C:A1:9D
[15:03:58.975][D][DESK:061]: 9B:07:12:7F:FF:7D:B1:24:9D
[15:03:58.992][D][DESK:061]: 9B:04:11:7C:C3:9D
[15:03:58.997][D][KEYPAD:046]: 9B:06:02:00:00:6C:A1:9D
[15:03:59.014][D][DESK:061]: 9B:04:11:7C:C3:9D
[15:03:59.023][D][KEYPAD:046]: 9B:06:02:00:00:6C:A1:9D
[15:03:59.036][D][DESK:061]: 9B:07:12:7F:FF:6D:7D:25:9D
[15:03:59.062][D][DESK:061]: 9B:04:11:7C:C3:9D
[15:03:59.065][D][KEYPAD:046]: 9B:06:02:00:00:6C:A1:9D
[15:03:59.091][D][DESK:061]: 9B:04:11:7C:C3:9D
[15:03:59.094][D][KEYPAD:046]: 9B:06:02:00:00:6C:A1:9D
[15:03:59.101][D][DESK:061]: 9B:07:12:7F:FF:4F:64:A5:9D
[15:03:59.116][D][DESK:061]: 9B:04:11:7C:C3:9D
[15:03:59.122][D][KEYPAD:046]: 9B:06:02:00:00:6C:A1:9D
[15:03:59.143][D][DESK:061]: 9B:04:11:7C:C3:9D
[15:03:59.148][D][KEYPAD:046]: 9B:06:02:00:00:6C:A1:9D
[15:03:59.171][D][DESK:061]: 9B:07:12:7F:FF:5B:6B:A5:9D
[15:03:59.180][D][DESK:061]: 9B:04:11:7C:C3:9D
[15:03:59.196][D][KEYPAD:046]: 9B:06:02:00:00:6C:A1:9D
[15:03:59.208][D][DESK:061]: 9B:04:11:7C:C3:9D
[15:03:59.213][D][KEYPAD:046]: 9B:06:02:00:00:6C:A1:9D
[15:03:59.230][D][DESK:061]: 9B:07:12:7F:FF:3F:80:A4:9D
[15:03:59.245][D][DESK:061]: 9B:04:11:7C:C3:9D
[15:03:59.250][D][KEYPAD:046]: 9B:06:02:00:00:6C:A1:9D
[15:03:59.272][D][DESK:061]: 9B:04:11:7C:C3:9D
[15:03:59.278][D][KEYPAD:046]: 9B:06:02:00:00:6C:A1:9D
[15:03:59.295][D][DESK:061]: 9B:07:12:7F:87:6F:BC:86:9D
[15:03:59.308][D][DESK:061]: 9B:04:11:7C:C3:9D
[15:03:59.316][D][KEYPAD:046]: 9B:06:02:00:00:6C:A1:9D
[15:03:59.327][D][DESK:061]: 9B:04:15:BF:C2:9D
[15:03:59.338][D][DESK:061]: 9B:04:11:7C:C3:9D
[15:03:59.345][D][KEYPAD:046]: 9B:06:02:00:00:6C:A1:9D
[15:03:59.375][D][DESK:061]: 9B:07:12:7F:87:07:52:87:9D
[15:03:59.380][D][DESK:061]: 9B:04:11:7C:C3:9D
[15:03:59.380][D][KEYPAD:046]: 9B:06:02:00:00:6C:A1:9D
[15:03:59.398][D][DESK:061]: 9B:04:11:7C:C3:9D
[15:03:59.408][D][KEYPAD:046]: 9B:06:02:00:00:6C:A1:9D
[15:03:59.423][D][DESK:061]: 9B:07:12:7F:87:7D:B1:06:9D
[15:03:59.436][D][DESK:061]: 9B:04:11:7C:C3:9D
[15:03:59.444][D][KEYPAD:046]: 9B:06:02:00:00:6C:A1:9D
[15:03:59.472][D][DESK:061]: 9B:04:11:7C:C3:9D
[15:03:59.476][D][KEYPAD:046]: 9B:06:02:00:00:6C:A1:9D
[15:03:59.486][D][DESK:061]: 9B:07:12:7F:87:66:BA:46:9D
[15:03:59.503][D][DESK:061]: 9B:04:11:7C:C3:9D
[15:03:59.513][D][KEYPAD:046]: 9B:06:02:00:00:6C:A1:9D
[15:03:59.527][D][DESK:061]: 9B:04:11:7C:C3:9D
[15:03:59.535][D][KEYPAD:046]: 9B:06:02:00:00:6C:A1:9D
[15:03:59.550][D][DESK:061]: 9B:07:12:7F:87:4F:64:87:9D
[15:03:59.574][D][DESK:061]: 9B:04:11:7C:C3:9D
[15:03:59.577][D][KEYPAD:046]: 9B:06:02:00:00:6C:A1:9D
[15:03:59.590][D][DESK:061]: 9B:04:11:7C:C3:9D
[15:03:59.612][D][KEYPAD:046]: 9B:06:02:00:00:6C:A1:9D
[15:03:59.618][D][DESK:061]: 9B:07:12:7F:87:06:92:46:9D
[15:03:59.628][D][DESK:061]: 9B:04:11:7C:C3:9D
[15:03:59.636][D][KEYPAD:046]: 9B:06:02:00:00:6C:A1:9D
[15:03:59.653][D][DESK:061]: 9B:04:11:7C:C3:9D
[15:03:59.661][D][KEYPAD:046]: 9B:06:02:00:00:6C:A1:9D
[15:03:59.679][D][DESK:061]: 9B:07:12:7F:87:3F:80:86:9D
[15:03:59.705][D][DESK:061]: 9B:04:11:7C:C3:9D
[15:03:59.706][D][KEYPAD:046]: 9B:06:02:00:00:6C:A1:9D
[15:03:59.717][D][DESK:061]: 9B:04:11:7C:C3:9D
[15:03:59.724][D][KEYPAD:046]: 9B:06:02:00:00:6C:A1:9D
[15:03:59.741][D][DESK:061]: 9B:07:12:7F:FD:7F:10:A4:9D
[15:03:59.758][D][DESK:061]: 9B:04:11:7C:C3:9D
[15:03:59.765][D][KEYPAD:046]: 9B:06:02:00:00:6C:A1:9D
[15:03:59.785][D][DESK:061]: 9B:04:11:7C:C3:9D
[15:03:59.795][D][KEYPAD:046]: 9B:06:02:00:00:6C:A1:9D
[15:03:59.808][D][DESK:061]: 9B:07:12:7F:FD:07:32:A4:9D
[15:03:59.820][D][DESK:061]: 9B:04:11:7C:C3:9D
[15:03:59.827][D][KEYPAD:046]: 9B:06:02:00:00:6C:A1:9D
[15:03:59.836][D][DESK:061]: 9B:04:15:BF:C2:9D
[15:03:59.852][D][DESK:061]: 9B:04:11:7C:C3:9D
[15:03:59.860][D][KEYPAD:046]: 9B:06:02:00:00:6C:A1:9D
[15:03:59.869][D][DESK:061]: 9B:07:12:7F:FD:6D:1D:24:9D
[15:03:59.887][D][DESK:061]: 9B:04:11:7C:C3:9D
[15:03:59.891][D][KEYPAD:046]: 9B:06:02:00:00:6C:A1:9D
[15:03:59.912][D][DESK:061]: 9B:04:11:7C:C3:9D
[15:03:59.918][D][KEYPAD:046]: 9B:06:02:00:00:6C:A1:9D
[15:03:59.936][D][DESK:061]: 9B:07:12:7F:FD:66:DA:65:9D
[15:03:59.948][D][DESK:061]: 9B:04:11:7C:C3:9D
[15:03:59.960][D][KEYPAD:046]: 9B:06:02:00:00:6C:A1:9D
[15:03:59.985][D][DESK:061]: 9B:04:11:7C:C3:9D
[15:03:59.988][D][KEYPAD:046]: 9B:06:02:00:00:6C:A1:9D
[15:03:59.998][D][DESK:061]: 9B:07:12:7F:FD:5B:0B:A4:9D
[15:04:00.015][D][DESK:061]: 9B:04:11:7C:C3:9D
[15:04:00.019][D][KEYPAD:046]: 9B:06:02:00:00:6C:A1:9D
[15:04:00.038][D][DESK:061]: 9B:04:11:7C:C3:9D
[15:04:00.047][D][KEYPAD:046]: 9B:06:02:00:00:6C:A1:9D
[15:04:00.064][D][DESK:061]: 9B:07:12:7F:FD:06:F2:65:9D
[15:04:00.088][D][DESK:061]: 9B:04:11:7C:C3:9D
[15:04:00.094][D][KEYPAD:046]: 9B:06:02:00:00:6C:A1:9D
[15:04:00.102][D][DESK:061]: 9B:04:11:7C:C3:9D
[15:04:00.120][D][KEYPAD:046]: 9B:06:02:00:00:6C:A1:9D
[15:04:00.125][D][DESK:061]: 9B:07:12:7F:ED:6F:1C:A8:9D
[15:04:00.140][D][DESK:061]: 9B:04:11:7C:C3:9D
[15:04:00.146][D][KEYPAD:046]: 9B:06:02:00:00:6C:A1:9D
[15:04:00.166][D][DESK:061]: 9B:04:11:7C:C3:9D
[15:04:00.174][D][KEYPAD:046]: 9B:06:02:00:00:6C:A1:9D
[15:04:00.189][D][DESK:061]: 9B:07:12:7F:ED:7F:D0:A9:9D
[15:04:00.217][D][DESK:061]: 9B:04:11:7C:C3:9D
[15:04:00.222][D][KEYPAD:046]: 9B:06:02:00:00:6C:A1:9D
[15:04:00.230][D][DESK:061]: 9B:04:11:7C:C3:9D
[15:04:00.237][D][KEYPAD:046]: 9B:06:02:00:00:6C:A1:9D
[15:04:00.253][D][DESK:061]: 9B:07:12:7F:ED:7D:11:28:9D
[15:04:00.271][D][DESK:061]: 9B:04:11:7C:C3:9D
[15:04:00.294][D][KEYPAD:046]: 9B:06:02:00:00:6C:A1:9D
[15:04:00.300][D][DESK:061]: 9B:04:11:7C:C3:9D
[15:04:00.300][D][KEYPAD:046]: 9B:06:02:00:00:6C:A1:9D
[15:04:00.327][D][DESK:061]: 9B:07:12:7F:ED:66:1A:68:9D
[15:04:00.333][D][DESK:061]: 9B:04:11:7C:C3:9D
[15:04:00.338][D][KEYPAD:046]: 9B:06:02:00:00:6C:A1:9D
[15:04:00.347][D][DESK:061]: 9B:04:15:BF:C2:9D
[15:04:00.365][D][DESK:061]: 9B:04:11:7C:C3:9D
[15:04:00.369][D][KEYPAD:046]: 9B:06:02:00:00:6C:A1:9D
[15:04:00.394][D][DESK:061]: 9B:07:12:7F:ED:4F:C4:A9:9D
[15:04:00.397][D][DESK:061]: 9B:04:11:7C:C3:9D
[15:04:00.403][D][KEYPAD:046]: 9B:06:02:00:00:6C:A1:9D
[15:04:00.422][D][DESK:061]: 9B:04:11:7C:C3:9D
[15:04:00.430][D][KEYPAD:046]: 9B:06:02:00:00:6C:A1:9D
[15:04:00.445][D][DESK:061]: 9B:07:12:7F:ED:06:32:68:9D
[15:04:00.463][D][DESK:061]: 9B:04:11:7C:C3:9D
[15:04:00.468][D][KEYPAD:046]: 9B:06:02:00:00:6C:A1:9D
[15:04:00.496][D][DESK:061]: 9B:04:11:7C:C3:9D
[15:04:00.496][D][KEYPAD:046]: 9B:06:02:00:00:6C:A1:9D
[15:04:00.509][D][DESK:061]: 9B:07:12:7F:ED:3F:20:A8:9D
[15:04:00.524][D][DESK:061]: 9B:04:11:7C:C3:9D
[15:04:00.535][D][KEYPAD:046]: 9B:06:02:00:00:6C:A1:9D
[15:04:00.552][D][DESK:061]: 9B:04:11:7C:C3:9D
[15:04:00.562][D][KEYPAD:046]: 9B:06:02:00:00:6C:A1:9D
[15:04:00.574][D][DESK:061]: 9B:07:12:7F:E6:7F:E0:AE:9D
[15:04:00.598][D][DESK:061]: 9B:04:11:7C:C3:9D
[15:04:00.599][D][KEYPAD:046]: 9B:06:02:00:00:6C:A1:9D
[15:04:00.627][D][DESK:061]: 9B:04:11:7C:C3:9D
[15:04:00.634][D][KEYPAD:046]: 9B:06:02:00:00:6C:A1:9D
[15:04:00.642][D][DESK:061]: 9B:07:12:7F:E6:07:C2:AE:9D
[15:04:00.653][D][DESK:061]: 9B:04:11:7C:C3:9D
[15:04:00.662][D][KEYPAD:046]: 9B:06:02:00:00:6C:A1:9D
[15:04:00.677][D][DESK:061]: 9B:04:11:7C:C3:9D
[15:04:00.683][D][KEYPAD:046]: 9B:06:02:00:00:6C:A1:9D
[15:04:00.702][D][DESK:061]: 9B:07:12:7F:E6:6D:ED:2E:9D
[15:04:00.717][D][DESK:061]: 9B:04:11:7C:C3:9D
[15:04:00.736][D][KEYPAD:046]: 9B:06:02:00:00:6C:A1:9D
[15:04:00.742][D][DESK:061]: 9B:04:11:7C:C3:9D
[15:04:00.748][D][KEYPAD:046]: 9B:06:02:00:00:6C:A1:9D
[15:04:00.766][D][DESK:061]: 9B:07:12:7F:E6:66:2A:6F:9D
[15:04:00.781][D][DESK:061]: 9B:04:11:7C:C3:9D
[15:04:00.788][D][KEYPAD:046]: 9B:06:02:00:00:6C:A1:9D
[15:04:00.806][D][DESK:061]: 9B:04:11:7C:C3:9D
[15:04:00.813][D][KEYPAD:046]: 9B:06:02:00:00:6C:A1:9D
[15:04:00.833][D][DESK:061]: 9B:07:12:7F:E6:5B:FB:AE:9D
[15:04:00.845][D][DESK:061]: 9B:04:11:7C:C3:9D
[15:04:00.852][D][KEYPAD:046]: 9B:06:02:00:00:6C:A1:9D
[15:04:00.865][D][DESK:061]: 9B:04:15:BF:C2:9D
[15:04:00.874][D][DESK:061]: 9B:04:11:7C:C3:9D
[15:04:00.880][D][KEYPAD:046]: 9B:06:02:00:00:6C:A1:9D
[15:04:00.907][D][DESK:061]: 9B:07:12:7F:E6:06:02:6F:9D
[15:04:00.911][D][DESK:061]: 9B:04:11:7C:C3:9D
[15:04:00.916][D][KEYPAD:046]: 9B:06:02:00:00:6C:A1:9D
[15:04:00.935][D][DESK:061]: 9B:04:11:7C:C3:9D
[15:04:00.940][D][KEYPAD:046]: 9B:06:02:00:00:6C:A1:9D
[15:04:00.960][D][DESK:061]: 9B:07:12:7F:CF:6F:BC:B0:9D
[15:04:00.972][D][DESK:061]: 9B:04:11:7C:C3:9D
[15:04:00.978][D][KEYPAD:046]: 9B:06:02:00:00:6C:A1:9D
[15:04:01.008][D][DESK:061]: 9B:04:11:7C:C3:9D
[15:04:01.014][D][KEYPAD:046]: 9B:06:02:00:00:6C:A1:9D
[15:04:01.021][D][DESK:061]: 9B:07:12:7F:CF:7F:70:B1:9D
[15:04:01.037][D][DESK:061]: 9B:04:11:7C:C3:9D
[15:04:01.044][D][KEYPAD:046]: 9B:06:02:00:00:6C:A1:9D
[15:04:01.063][D][DESK:061]: 9B:04:11:7C:C3:9D
[15:04:01.069][D][KEYPAD:046]: 9B:06:02:00:00:6C:A1:9D
[15:04:01.086][D][DESK:061]: 9B:07:12:7F:CF:7D:B1:30:9D
[15:04:01.113][D][DESK:061]: 9B:04:11:7C:C3:9D
[15:04:01.116][D][KEYPAD:046]: 9B:06:02:00:00:6C:A1:9D
[15:04:01.141][D][DESK:061]: 9B:04:11:7C:C3:9D
[15:04:01.146][D][KEYPAD:046]: 9B:06:02:00:00:6C:A1:9D
[15:04:01.149][D][DESK:061]: 9B:07:12:7F:CF:6D:7D:31:9D
[15:04:01.166][D][DESK:061]: 9B:04:11:7C:C3:9D
[15:04:01.171][D][KEYPAD:046]: 9B:06:02:00:00:6C:A1:9D
[15:04:01.188][D][DESK:061]: 9B:04:11:7C:C3:9D
[15:04:01.197][D][KEYPAD:046]: 9B:06:02:00:00:6C:A1:9D
[15:04:01.213][D][DESK:061]: 9B:07:12:7F:CF:4F:64:B1:9D
[15:04:01.228][D][DESK:061]: 9B:04:11:7C:C3:9D
[15:04:01.244][D][KEYPAD:046]: 9B:06:02:00:00:6C:A1:9D
[15:04:01.255][D][DESK:061]: 9B:04:11:7C:C3:9D
[15:04:01.267][D][KEYPAD:046]: 9B:06:02:00:00:6C:A1:9D
[15:04:01.278][D][DESK:061]: 9B:07:12:7F:CF:5B:6B:B1:9D
[15:04:01.292][D][DESK:061]: 9B:04:11:7C:C3:9D
[15:04:01.302][D][KEYPAD:046]: 9B:06:02:00:00:6C:A1:9D
[15:04:01.319][D][DESK:061]: 9B:04:11:7C:C3:9D
[15:04:01.324][D][KEYPAD:046]: 9B:06:02:00:00:6C:A1:9D
[15:04:01.343][D][DESK:061]: 9B:07:12:7F:CF:3F:80:B0:9D
[15:04:01.356][D][DESK:061]: 9B:04:11:7C:C3:9D
[15:04:01.367][D][KEYPAD:046]: 9B:06:02:00:00:6C:A1:9D
[15:04:01.375][D][DESK:061]: 9B:04:15:BF:C2:9D
[15:04:01.386][D][DESK:061]: 9B:04:11:7C:C3:9D
[15:04:01.395][D][KEYPAD:046]: 9B:06:02:00:00:6C:A1:9D
[15:04:01.405][D][DESK:061]: 9B:07:12:7F:DB:6F:BC:BF:9D
[15:04:01.423][D][DESK:061]: 9B:04:11:7C:C3:9D
[15:04:01.429][D][KEYPAD:046]: 9B:06:02:00:00:6C:A1:9D
[15:04:01.447][D][DESK:061]: 9B:04:11:7C:C3:9D
[15:04:01.461][D][KEYPAD:046]: 9B:06:02:00:00:6C:A1:9D
[15:04:01.471][D][DESK:061]: 9B:07:12:7F:DB:07:52:BE:9D
[15:04:01.485][D][DESK:061]: 9B:04:11:7C:C3:9D
[15:04:01.490][D][KEYPAD:046]: 9B:06:02:00:00:6C:A1:9D
[15:04:01.523][D][DESK:061]: 9B:04:11:7C:C3:9D
[15:04:01.524][D][KEYPAD:046]: 9B:06:02:00:00:6C:A1:9D
[15:04:01.553][D][DESK:061]: 9B:07:12:7F:DB:7D:B1:3F:9D
[15:04:01.553][D][DESK:061]: 9B:04:11:7C:C3:9D
[15:04:01.565][D][KEYPAD:046]: 9B:06:02:00:00:6C:A1:9D
[15:04:01.575][D][DESK:061]: 9B:04:11:7C:C3:9D
[15:04:01.581][D][KEYPAD:046]: 9B:06:02:00:00:6C:A1:9D
[15:04:01.598][D][DESK:061]: 9B:07:12:7F:DB:66:BA:7F:9D
[15:04:01.622][D][DESK:061]: 9B:04:11:7C:C3:9D
[15:04:01.625][D][KEYPAD:046]: 9B:06:02:00:00:6C:A1:9D
[15:04:01.650][D][DESK:061]: 9B:04:11:7C:C3:9D
[15:04:01.651][D][KEYPAD:046]: 9B:06:02:00:00:6C:A1:9D
[15:04:01.672][D][DESK:061]: 9B:07:12:7F:DB:4F:64:BE:9D
[15:04:01.691][D][DESK:061]: 9B:04:11:7C:C3:9D
[15:04:01.692][D][KEYPAD:046]: 9B:06:02:00:00:6C:A1:9D
[15:04:01.702][D][DESK:061]: 9B:04:11:7C:C3:9D
[15:04:01.761][D][KEYPAD:046]: 9B:06:02:00:00:6C:A1:9D
[15:04:01.761][D][DESK:061]: 9B:07:12:7F:DB:06:92:7F:9D
[15:04:01.761][D][DESK:061]: 9B:04:11:7C:C3:9D
[15:04:01.761][D][KEYPAD:046]: 9B:06:02:00:00:6C:A1:9D
[15:04:01.805][D][DESK:061]: 9B:04:11:7C:C3:9D
[15:04:01.805][D][KEYPAD:046]: 9B:06:02:00:00:6C:A1:9D
[15:04:01.805][D][DESK:061]: 9B:07:12:7F:DB:3F:80:BF:9D
[15:04:01.805][D][DESK:061]: 9B:04:11:7C:C3:9D
[15:04:01.858][D][KEYPAD:046]: 9B:06:02:00:00:6C:A1:9D
[15:04:01.858][D][DESK:061]: 9B:04:11:7C:C3:9D
[15:04:01.858][D][KEYPAD:046]: 9B:06:02:00:00:6C:A1:9D
[15:04:01.858][D][DESK:061]: 9B:07:12:7F:86:7F:E0:86:9D
[15:04:01.910][D][DESK:061]: 9B:04:11:7C:C3:9D
[15:04:01.910][D][KEYPAD:046]: 9B:06:02:00:00:6C:A1:9D
[15:04:01.910][D][DESK:061]: 9B:04:15:BF:C2:9D
[15:04:01.910][D][DESK:061]: 9B:04:11:7C:C3:9D
[15:04:01.972][D][KEYPAD:046]: 9B:06:02:00:00:6C:A1:9D
[15:04:01.972][D][DESK:061]: 9B:07:12:7F:86:07:C2:86:9D
[15:04:01.973][D][DESK:061]: 9B:04:11:7C:C3:9D
[15:04:01.973][D][KEYPAD:046]: 9B:06:02:00:00:6C:A1:9D
[15:04:01.993][D][DESK:061]: 9B:04:11:7C:C3:9D
[15:04:01.993][D][KEYPAD:046]: 9B:06:02:00:00:6C:A1:9D
[15:04:01.993][D][DESK:061]: 9B:07:12:7F:86:6D:ED:06:9D
[15:04:02.002][D][DESK:061]: 9B:04:11:7C:C3:9D
[15:04:02.090][D][KEYPAD:046]: 9B:06:02:00:00:6C:A1:9D
[15:04:02.090][D][DESK:061]: 9B:04:11:7C:C3:9D
[15:04:02.090][D][KEYPAD:046]: 9B:06:02:00:00:6C:A1:9D
[15:04:02.090][D][DESK:061]: 9B:07:12:7F:86:66:2A:47:9D
[15:04:02.093][D][DESK:061]: 9B:04:11:7C:C3:9D
[15:04:02.093][D][KEYPAD:046]: 9B:06:02:00:00:6C:A1:9D
[15:04:02.094][D][DESK:061]: 9B:04:11:7C:C3:9D
[15:04:02.094][D][KEYPAD:046]: 9B:06:02:00:00:6C:A1:9D
[15:04:02.163][D][DESK:061]: 9B:07:12:7F:86:5B:FB:86:9D
[15:04:02.163][D][DESK:061]: 9B:04:11:7C:C3:9D
[15:04:02.163][D][KEYPAD:046]: 9B:06:02:00:00:6C:A1:9D
[15:04:02.163][D][DESK:061]: 9B:04:11:7C:C3:9D
[15:04:02.196][D][KEYPAD:046]: 9B:06:02:00:00:6C:A1:9D
[15:04:02.196][D][DESK:061]: 9B:07:12:7F:86:06:02:47:9D
[15:04:02.196][D][DESK:061]: 9B:04:11:7C:C3:9D
[15:04:02.196][D][KEYPAD:046]: 9B:06:02:00:00:6C:A1:9D
[15:04:02.237][D][DESK:061]: 9B:04:11:7C:C3:9D
[15:04:02.277][D][KEYPAD:046]: 9B:06:02:00:00:6C:A1:9D
[15:04:02.278][D][DESK:061]: 9B:07:12:7F:BF:6F:7C:95:9D
[15:04:02.278][D][DESK:061]: 9B:04:11:7C:C3:9D
[15:04:02.297][D][KEYPAD:046]: 9B:06:02:00:00:6C:A1:9D
[15:04:02.297][D][DESK:061]: 9B:04:11:7C:C3:9D
[15:04:02.297][D][KEYPAD:046]: 9B:06:02:00:00:6C:A1:9D
[15:04:02.311][D][DESK:061]: 9B:07:12:7F:BF:7F:B0:94:9D
[15:04:02.350][D][DESK:061]: 9B:04:11:7C:C3:9D
[15:04:02.350][D][KEYPAD:046]: 9B:06:02:00:00:6C:A1:9D
[15:04:02.350][D][DESK:061]: 9B:04:11:7C:C3:9D
[15:04:02.351][D][KEYPAD:046]: 9B:06:02:00:00:6C:A1:9D
[15:04:02.381][D][DESK:061]: 9B:07:12:7F:BF:7D:71:15:9D
[15:04:02.397][D][DESK:061]: 9B:04:11:7C:C3:9D
[15:04:02.397][D][KEYPAD:046]: 9B:06:02:00:00:6C:A1:9D
[15:04:02.401][D][DESK:061]: 9B:04:15:BF:C2:9D
[15:04:02.427][D][DESK:061]: 9B:04:11:7C:C3:9D
[15:04:02.427][D][KEYPAD:046]: 9B:06:02:00:00:6C:A1:9D
[15:04:02.444][D][DESK:061]: 9B:07:12:7F:BF:6D:BD:14:9D
[15:04:02.444][D][DESK:061]: 9B:04:11:7C:C3:9D
[15:04:02.450][D][KEYPAD:046]: 9B:06:02:00:00:6C:A1:9D
[15:04:02.481][D][DESK:061]: 9B:04:11:7C:C3:9D
[15:04:02.481][D][KEYPAD:046]: 9B:06:02:00:00:6C:A1:9D
[15:04:02.500][D][DESK:061]: 9B:07:12:7F:BF:4F:A4:94:9D
[15:04:02.510][D][DESK:061]: 9B:04:11:7C:C3:9D
[15:04:02.516][D][KEYPAD:046]: 9B:06:02:00:00:6C:A1:9D
[15:04:02.544][D][DESK:061]: 9B:04:11:7C:C3:9D
[15:04:02.544][D][KEYPAD:046]: 9B:06:02:00:00:6C:A1:9D
[15:04:02.580][D][DESK:061]: 9B:07:12:7F:BF:5B:AB:94:9D
[15:04:02.580][D][DESK:061]: 9B:04:11:7C:C3:9D
[15:04:02.588][D][KEYPAD:046]: 9B:06:02:00:00:6C:A1:9D
[15:04:02.599][D][DESK:061]: 9B:04:11:7C:C3:9D
[15:04:02.606][D][KEYPAD:046]: 9B:06:02:00:00:6C:A1:9D
[15:04:02.621][D][DESK:061]: 9B:07:12:7F:BF:3F:40:95:9D
[15:04:02.647][D][DESK:061]: 9B:04:11:7C:C3:9D
[15:04:02.647][D][KEYPAD:046]: 9B:06:02:00:00:6C:A1:9D
[15:04:02.675][D][DESK:061]: 9B:04:11:7C:C3:9D
[15:04:02.687][D][KEYPAD:046]: 9B:06:02:00:00:6C:A1:9D
[15:04:02.687][D][DESK:061]: 9B:07:12:07:EF:7F:A9:28:9D
[15:04:02.703][D][DESK:061]: 9B:04:11:7C:C3:9D
[15:04:02.708][D][KEYPAD:046]: 9B:06:02:00:00:6C:A1:9D
[15:04:02.726][D][DESK:061]: 9B:04:11:7C:C3:9D
[15:04:02.734][D][KEYPAD:046]: 9B:06:02:00:00:6C:A1:9D
[15:04:02.753][D][DESK:061]: 9B:07:12:07:EF:07:8B:28:9D
[15:04:02.779][D][DESK:061]: 9B:04:11:7C:C3:9D
[15:04:02.783][D][KEYPAD:046]: 9B:06:02:00:00:6C:A1:9D
[15:04:02.790][D][DESK:061]: 9B:04:11:7C:C3:9D
[15:04:02.802][D][KEYPAD:046]: 9B:06:02:00:00:6C:A1:9D
[15:04:02.815][D][DESK:061]: 9B:07:12:07:EF:6D:A4:A8:9D
[15:04:02.832][D][DESK:061]: 9B:04:11:7C:C3:9D
[15:04:02.835][D][KEYPAD:046]: 9B:06:02:00:00:6C:A1:9D
[15:04:02.853][D][DESK:061]: 9B:04:11:7C:C3:9D
[15:04:02.880][D][KEYPAD:046]: 9B:06:02:00:00:6C:A1:9D
[15:04:02.888][D][DESK:061]: 9B:07:12:07:EF:66:63:E9:9D
[15:04:02.893][D][DESK:061]: 9B:04:11:7C:C3:9D
[15:04:02.900][D][KEYPAD:046]: 9B:06:02:00:00:6C:A1:9D
[15:04:02.908][D][DESK:061]: 9B:04:15:BF:C2:9D
[15:04:02.922][D][DESK:061]: 9B:04:11:7C:C3:9D
[15:04:02.929][D][KEYPAD:046]: 9B:06:02:00:00:6C:A1:9D
[15:04:02.955][D][DESK:061]: 9B:07:12:07:EF:5B:B2:28:9D
[15:04:02.963][D][DESK:061]: 9B:04:11:7C:C3:9D
[15:04:02.968][D][KEYPAD:046]: 9B:06:02:00:00:6C:A1:9D
[15:04:02.982][D][DESK:061]: 9B:04:11:7C:C3:9D
[15:04:02.988][D][KEYPAD:046]: 9B:06:02:00:00:6C:A1:9D
[15:04:03.005][D][DESK:061]: 9B:07:12:07:EF:06:4B:E9:9D
[15:04:03.072][D][DESK:061]: 9B:04:11:7C:C3:9D
[15:04:03.072][D][KEYPAD:046]: 9B:06:02:00:00:6C:A1:9D
[15:04:03.072][D][DESK:061]: 9B:04:11:7C:C3:9D
[15:04:03.099][D][KEYPAD:046]: 9B:06:02:00:00:6C:A1:9D
[15:04:03.099][D][DESK:061]: 9B:07:12:07:FF:6F:A5:24:9D
[15:04:03.099][D][DESK:061]: 9B:04:11:7C:C3:9D
[15:04:03.099][D][KEYPAD:046]: 9B:06:02:00:00:6C:A1:9D
[15:04:03.160][D][DESK:061]: 9B:04:11:7C:C3:9D
[15:04:03.160][D][KEYPAD:046]: 9B:06:02:00:00:6C:A1:9D
[15:04:03.160][D][DESK:061]: 9B:07:12:07:FF:7F:69:25:9D
[15:04:03.160][D][DESK:061]: 9B:04:11:7C:C3:9D
[15:04:03.166][D][KEYPAD:046]: 9B:06:02:00:00:6C:A1:9D
[15:04:03.190][D][DESK:061]: 9B:04:11:7C:C3:9D
[15:04:03.194][D][KEYPAD:046]: 9B:06:02:00:00:6C:A1:9D
[15:04:03.200][D][DESK:061]: 9B:07:12:07:FF:7D:A8:A4:9D
[15:04:03.212][D][DESK:061]: 9B:04:11:7C:C3:9D
[15:04:03.219][D][KEYPAD:046]: 9B:06:02:00:00:6C:A1:9D
[15:04:03.239][D][DESK:061]: 9B:04:11:7C:C3:9D
[15:04:03.246][D][KEYPAD:046]: 9B:06:02:00:00:6C:A1:9D
[15:04:03.263][D][DESK:061]: 9B:07:12:07:FF:6D:64:A5:9D
[15:04:03.276][D][DESK:061]: 9B:04:11:7C:C3:9D
[15:04:03.303][D][KEYPAD:046]: 9B:06:02:00:00:6C:A1:9D
[15:04:03.304][D][DESK:061]: 9B:04:11:7C:C3:9D
[15:04:03.314][D][KEYPAD:046]: 9B:06:02:00:00:6C:A1:9D
[15:04:03.325][D][DESK:061]: 9B:07:12:07:FF:4F:7D:25:9D
[15:04:03.340][D][DESK:061]: 9B:04:11:7C:C3:9D
[15:04:03.347][D][KEYPAD:046]: 9B:06:02:00:00:6C:A1:9D
[15:04:03.369][D][DESK:061]: 9B:04:11:7C:C3:9D
[15:04:03.374][D][KEYPAD:046]: 9B:06:02:00:00:6C:A1:9D
[15:04:03.392][D][DESK:061]: 9B:07:12:07:FF:5B:72:25:9D
[15:04:03.404][D][DESK:061]: 9B:04:11:7C:C3:9D
[15:04:03.414][D][KEYPAD:046]: 9B:06:02:00:00:6C:A1:9D
[15:04:03.425][D][DESK:061]: 9B:04:15:BF:C2:9D
[15:04:03.434][D][DESK:061]: 9B:04:11:7C:C3:9D
[15:04:03.447][D][KEYPAD:046]: 9B:06:02:00:00:6C:A1:9D
[15:04:03.507][D][DESK:061]: 9B:07:12:07:FF:06:8B:E4:9D
[15:04:03.507][D][DESK:061]: 9B:04:11:7C:C3:9D
[15:04:03.507][D][KEYPAD:046]: 9B:06:02:00:00:6C:A1:9D
[15:04:03.507][D][DESK:061]: 9B:04:11:7C:C3:9D
[15:04:03.523][D][KEYPAD:046]: 9B:06:02:00:00:6C:A1:9D
[15:04:03.523][D][DESK:061]: 9B:07:12:07:87:6F:A5:06:9D
[15:04:03.532][D][DESK:061]: 9B:04:11:7C:C3:9D
[15:04:03.539][D][KEYPAD:046]: 9B:06:02:00:00:6C:A1:9D
[15:04:03.568][D][DESK:061]: 9B:04:11:7C:C3:9D
[15:04:03.573][D][KEYPAD:046]: 9B:06:02:00:00:6C:A1:9D
[15:04:03.582][D][DESK:061]: 9B:07:12:07:87:7F:69:07:9D
[15:04:03.596][D][DESK:061]: 9B:04:11:7C:C3:9D
[15:04:03.606][D][KEYPAD:046]: 9B:06:02:00:00:6C:A1:9D
[15:04:03.622][D][DESK:061]: 9B:04:11:7C:C3:9D
[15:04:03.629][D][KEYPAD:046]: 9B:06:02:00:00:6C:A1:9D
[15:04:03.645][D][DESK:061]: 9B:07:12:07:87:07:4B:07:9D
[15:04:03.671][D][DESK:061]: 9B:04:11:7C:C3:9D
[15:04:03.676][D][KEYPAD:046]: 9B:06:02:00:00:6C:A1:9D
[15:04:03.686][D][DESK:061]: 9B:04:11:7C:C3:9D
[15:04:03.699][D][KEYPAD:046]: 9B:06:02:00:00:6C:A1:9D
[15:04:03.714][D][DESK:061]: 9B:07:12:07:87:6D:64:87:9D
[15:04:03.723][D][DESK:061]: 9B:04:11:7C:C3:9D
[15:04:03.735][D][KEYPAD:046]: 9B:06:02:00:00:6C:A1:9D
[15:04:03.752][D][DESK:061]: 9B:04:11:7C:C3:9D
[15:04:03.777][D][KEYPAD:046]: 9B:06:02:00:00:6C:A1:9D
[15:04:03.777][D][DESK:061]: 9B:07:12:07:87:66:A3:C6:9D
[15:04:03.801][D][DESK:061]: 9B:04:11:7C:C3:9D
[15:04:03.801][D][KEYPAD:046]: 9B:06:02:00:00:6C:A1:9D
[15:04:03.813][D][DESK:061]: 9B:04:11:7C:C3:9D
[15:04:03.822][D][KEYPAD:046]: 9B:06:02:00:00:6C:A1:9D
[15:04:03.837][D][DESK:061]: 9B:07:12:07:87:4F:7D:07:9D
[15:04:03.855][D][DESK:061]: 9B:04:11:7C:C3:9D
[15:04:03.879][D][KEYPAD:046]: 9B:06:02:00:00:6C:A1:9D
[15:04:03.882][D][DESK:061]: 9B:04:11:7C:C3:9D
[15:04:03.889][D][KEYPAD:046]: 9B:06:02:00:00:6C:A1:9D
[15:04:03.907][D][DESK:061]: 9B:07:12:07:87:5B:72:07:9D
[15:04:03.921][D][DESK:061]: 9B:04:11:7C:C3:9D
[15:04:03.938][D][KEYPAD:046]: 9B:06:02:00:00:6C:A1:9D
[15:04:03.942][D][DESK:061]: 9B:04:15:BF:C2:9D
[15:04:03.951][D][DESK:061]: 9B:04:11:7C:C3:9D
[15:04:03.963][D][KEYPAD:046]: 9B:06:02:00:00:6C:A1:9D
[15:04:03.978][D][DESK:061]: 9B:07:12:07:87:5B:72:07:9D
[15:04:03.984][D][DESK:061]: 9B:04:11:7C:C3:9D
[15:04:03.990][D][KEYPAD:046]: 9B:06:02:00:00:6C:A1:9D
[15:04:04.011][D][DESK:061]: 9B:04:11:7C:C3:9D
[15:04:04.021][D][KEYPAD:046]: 9B:06:02:00:00:6C:A1:9D
[15:04:04.036][D][DESK:061]: 9B:07:12:07:87:5B:72:07:9D
[15:04:04.048][D][DESK:061]: 9B:04:11:7C:C3:9D
[15:04:04.063][D][KEYPAD:046]: 9B:06:02:00:00:6C:A1:9D
[15:04:04.080][D][DESK:061]: 9B:04:11:7C:C3:9D
[15:04:04.083][D][KEYPAD:046]: 9B:06:02:00:00:6C:A1:9D
[15:04:04.108][D][DESK:061]: 9B:04:11:7C:C3:9D
[15:04:04.112][D][KEYPAD:046]: 9B:06:02:00:00:6C:A1:9D
[15:04:04.119][D][DESK:061]: 9B:07:12:07:87:5B:72:07:9D
[15:04:04.134][D][DESK:061]: 9B:04:11:7C:C3:9D
[15:04:04.141][D][KEYPAD:046]: 9B:06:02:00:00:6C:A1:9D
[15:04:04.159][D][DESK:061]: 9B:04:11:7C:C3:9D
[15:04:04.166][D][KEYPAD:046]: 9B:06:02:00:00:6C:A1:9D
[15:04:04.183][D][DESK:061]: 9B:07:12:07:87:5B:72:07:9D
[15:04:04.191][D][DESK:061]: 9B:04:11:7C:C3:9D
[15:04:04.211][D][KEYPAD:046]: 9B:06:02:00:00:6C:A1:9D
[15:04:04.218][D][DESK:061]: 9B:04:11:7C:C3:9D
[15:04:04.223][D][KEYPAD:046]: 9B:06:02:00:00:6C:A1:9D
[15:04:04.248][D][DESK:061]: 9B:07:12:07:87:5B:72:07:9D
[15:04:04.266][D][DESK:061]: 9B:04:11:7C:C3:9D
[15:04:04.269][D][KEYPAD:046]: 9B:06:02:00:00:6C:A1:9D
[15:04:04.285][D][DESK:061]: 9B:07:12:07:87:5B:72:07:9D
[15:04:04.298][D][DESK:061]: 9B:04:11:7C:C3:9D
[15:04:04.319][D][KEYPAD:046]: 9B:06:02:00:00:6C:A1:9D
[15:04:04.332][D][DESK:061]: 9B:04:11:7C:C3:9D
[15:04:04.335][D][KEYPAD:046]: 9B:06:02:00:00:6C:A1:9D
[15:04:04.355][D][DESK:061]: 9B:07:12:07:87:5B:72:07:9D
[15:04:04.367][D][DESK:061]: 9B:04:11:7C:C3:9D
[15:04:04.387][D][KEYPAD:046]: 9B:06:02:00:00:6C:A1:9D
[15:04:04.395][D][DESK:061]: 9B:07:12:07:87:5B:72:07:9D
[15:04:04.422][D][DESK:061]: 9B:04:11:7C:C3:9D
[15:04:04.427][D][KEYPAD:046]: 9B:06:02:00:00:6C:A1:9D
[15:04:04.433][D][DESK:061]: 9B:04:11:7C:C3:9D
[15:04:04.443][D][KEYPAD:046]: 9B:06:02:00:00:6C:A1:9D
[15:04:04.453][D][DESK:061]: 9B:04:15:BF:C2:9D
[15:04:04.464][D][DESK:061]: 9B:07:12:07:87:5B:72:07:9D
[15:04:04.491][D][DESK:061]: 9B:04:11:7C:C3:9D
[15:04:04.498][D][KEYPAD:046]: 9B:06:02:00:00:6C:A1:9D
[15:04:04.502][D][DESK:061]: 9B:07:12:07:87:5B:72:07:9D
[15:04:04.520][D][DESK:061]: 9B:04:11:7C:C3:9D
[15:04:04.525][D][KEYPAD:046]: 9B:06:02:00:00:6C:A1:9D
[15:04:04.543][D][DESK:061]: 9B:04:11:7C:C3:9D
[15:04:04.551][D][KEYPAD:046]: 9B:06:02:00:00:6C:A1:9D
[15:04:04.569][D][DESK:061]: 9B:04:11:7C:C3:9D
[15:04:04.577][D][KEYPAD:046]: 9B:06:02:00:00:6C:A1:9D
[15:04:04.592][D][DESK:061]: 9B:07:12:07:87:5B:72:07:9D
[15:04:04.601][D][DESK:061]: 9B:04:11:7C:C3:9D
[15:04:04.608][D][KEYPAD:046]: 9B:06:02:00:00:6C:A1:9D
[15:04:04.629][D][DESK:061]: 9B:04:11:7C:C3:9D
[15:04:04.633][D][KEYPAD:046]: 9B:06:02:00:00:6C:A1:9D
[15:04:04.655][D][DESK:061]: 9B:07:12:07:87:5B:72:07:9D
[15:04:04.670][D][DESK:061]: 9B:04:11:7C:C3:9D
[15:04:04.678][D][KEYPAD:046]: 9B:06:02:00:00:6C:A1:9D
[15:04:04.696][D][DESK:061]: 9B:04:11:7C:C3:9D
[15:04:04.703][D][KEYPAD:046]: 9B:06:02:00:00:6C:A1:9D
[15:04:04.749][D][DESK:061]: 9B:07:12:07:87:5B:72:07:9D
[15:04:04.749][D][DESK:061]: 9B:04:11:7C:C3:9D
[15:04:04.749][D][KEYPAD:046]: 9B:06:02:00:00:6C:A1:9D
[15:04:04.753][D][DESK:061]: 9B:04:11:7C:C3:9D
[15:04:04.767][D][KEYPAD:046]: 9B:06:02:00:00:6C:A1:9D
[15:04:04.781][D][DESK:061]: 9B:04:11:7C:C3:9D
[15:04:04.797][D][KEYPAD:046]: 9B:06:02:00:00:6C:A1:9D
[15:04:04.799][D][DESK:061]: 9B:07:12:07:87:5B:72:07:9D
[15:04:04.812][D][DESK:061]: 9B:04:11:7C:C3:9D
[15:04:04.843][D][KEYPAD:046]: 9B:06:02:00:00:6C:A1:9D
[15:04:04.847][D][DESK:061]: 9B:04:11:7C:C3:9D
[15:04:04.847][D][KEYPAD:046]: 9B:06:02:00:00:6C:A1:9D
[15:04:04.868][D][DESK:061]: 9B:07:12:07:87:5B:72:07:9D
[15:04:04.881][D][DESK:061]: 9B:04:11:7C:C3:9D
[15:04:04.903][D][KEYPAD:046]: 9B:06:02:00:00:6C:A1:9D
[15:04:04.908][D][DESK:061]: 9B:04:11:7C:C3:9D
[15:04:04.915][D][KEYPAD:046]: 9B:06:02:00:00:6C:A1:9D
[15:04:04.958][D][DESK:061]: 9B:07:12:07:87:5B:72:07:9D
[15:04:04.966][D][DESK:061]: 9B:04:11:7C:C3:9D
[15:04:04.966][D][KEYPAD:046]: 9B:06:02:00:00:6C:A1:9D
[15:04:05.017][D][DESK:061]: 9B:04:15:BF:C2:9D
[15:04:05.017][D][DESK:061]: 9B:04:11:7C:C3:9D
[15:04:05.017][D][KEYPAD:046]: 9B:06:02:00:00:6C:A1:9D
[15:04:05.017][D][DESK:061]: 9B:07:12:07:87:5B:72:07:9D
[15:04:05.091][D][DESK:061]: 9B:04:11:7C:C3:9D
[15:04:05.091][D][KEYPAD:046]: 9B:06:02:00:00:6C:A1:9D
[15:04:05.091][D][DESK:061]: 9B:07:12:07:87:5B:72:07:9D
[15:04:05.091][D][DESK:061]: 9B:04:11:7C:C3:9D
[15:04:05.107][D][KEYPAD:046]: 9B:06:02:00:00:6C:A1:9D
[15:04:05.108][D][DESK:061]: 9B:04:11:7C:C3:9D
[15:04:05.108][D][KEYPAD:046]: 9B:06:02:00:00:6C:A1:9D
[15:04:05.108][D][DESK:061]: 9B:04:11:7C:C3:9D
[15:04:05.114][D][KEYPAD:046]: 9B:06:02:00:00:6C:A1:9D
[15:04:05.118][D][DESK:061]: 9B:07:12:07:87:5B:72:07:9D
[15:04:05.132][D][DESK:061]: 9B:04:11:7C:C3:9D
[15:04:05.139][D][KEYPAD:046]: 9B:06:02:00:00:6C:A1:9D
[15:04:05.157][D][DESK:061]: 9B:04:11:7C:C3:9D
[15:04:05.172][D][KEYPAD:046]: 9B:06:02:00:00:6C:A1:9D
[15:04:05.188][D][DESK:061]: 9B:07:12:07:87:5B:72:07:9D
[15:04:05.206][D][DESK:061]: 9B:04:11:7C:C3:9D
[15:04:05.214][D][KEYPAD:046]: 9B:06:02:00:00:6C:A1:9D
[15:04:05.235][D][DESK:061]: 9B:04:11:7C:C3:9D
[15:04:05.238][D][KEYPAD:046]: 9B:06:02:00:00:6C:A1:9D
[15:04:05.246][D][DESK:061]: 9B:07:12:07:87:5B:72:07:9D
[15:04:05.260][D][DESK:061]: 9B:04:11:7C:C3:9D
[15:04:05.267][D][KEYPAD:046]: 9B:06:02:00:00:6C:A1:9D
[15:04:05.287][D][DESK:061]: 9B:04:11:7C:C3:9D
[15:04:05.294][D][KEYPAD:046]: 9B:06:02:00:00:6C:A1:9D
[15:04:05.313][D][DESK:061]: 9B:07:12:07:87:5B:72:07:9D
[15:04:05.337][D][DESK:061]: 9B:04:11:7C:C3:9D
[15:04:05.342][D][KEYPAD:046]: 9B:06:02:00:00:6C:A1:9D
[15:04:05.355][D][DESK:061]: 9B:07:12:07:87:5B:72:07:9D
[15:04:05.367][D][DESK:061]: 9B:04:11:7C:C3:9D
[15:04:05.379][D][KEYPAD:046]: 9B:06:02:00:00:6C:A1:9D
[15:04:05.392][D][DESK:061]: 9B:04:11:7C:C3:9D
[15:04:05.412][D][KEYPAD:046]: 9B:06:02:00:00:6C:A1:9D
[15:04:05.440][D][DESK:061]: 9B:07:12:07:87:5B:72:07:9D
[15:04:05.446][D][DESK:061]: 9B:04:11:7C:C3:9D
[15:04:05.446][D][KEYPAD:046]: 9B:06:02:00:00:6C:A1:9D
[15:04:05.466][D][DESK:061]: 9B:07:12:07:87:5B:72:07:9D
[15:04:05.473][D][DESK:061]: 9B:04:15:BF:C2:9D
[15:04:05.481][D][DESK:061]: 9B:04:11:7C:C3:9D
[15:04:05.491][D][KEYPAD:046]: 9B:06:02:00:00:6C:A1:9D
[15:04:05.514][D][DESK:061]: 9B:04:11:7C:C3:9D
[15:04:05.517][D][KEYPAD:046]: 9B:06:02:00:00:6C:A1:9D
[15:04:05.542][D][DESK:061]: 9B:07:12:07:87:5B:72:07:9D
[15:04:05.551][D][DESK:061]: 9B:04:11:7C:C3:9D
[15:04:05.551][D][KEYPAD:046]: 9B:06:02:00:00:6C:A1:9D
[15:04:05.568][D][DESK:061]: 9B:04:11:7C:C3:9D
[15:04:05.576][D][KEYPAD:046]: 9B:06:02:00:00:6C:A1:9D
[15:04:05.593][D][DESK:061]: 9B:07:12:07:87:5B:72:07:9D
[15:04:05.616][D][DESK:061]: 9B:04:11:7C:C3:9D
[15:04:05.622][D][KEYPAD:046]: 9B:06:02:00:00:6C:A1:9D
[15:04:05.644][D][DESK:061]: 9B:04:11:7C:C3:9D
[15:04:05.648][D][KEYPAD:046]: 9B:06:02:00:00:6C:A1:9D
[15:04:05.662][D][DESK:061]: 9B:07:12:07:87:5B:72:07:9D
[15:04:05.677][D][DESK:061]: 9B:04:11:7C:C3:9D
[15:04:05.686][D][KEYPAD:046]: 9B:06:02:00:00:6C:A1:9D
[15:04:05.704][D][DESK:061]: 9B:04:11:7C:C3:9D
[15:04:05.719][D][KEYPAD:046]: 9B:06:02:00:00:6C:A1:9D
[15:04:05.726][D][DESK:061]: 9B:07:12:07:87:5B:72:07:9D
[15:04:05.748][D][DESK:061]: 9B:04:11:7C:C3:9D
[15:04:05.769][D][KEYPAD:046]: 9B:06:02:00:00:6C:A1:9D
[15:04:05.770][D][DESK:061]: 9B:04:11:7C:C3:9D
[15:04:05.775][D][KEYPAD:046]: 9B:06:02:00:00:6C:A1:9D
[15:04:05.800][D][DESK:061]: 9B:07:12:07:87:5B:72:07:9D
[15:04:05.821][D][DESK:061]: 9B:04:11:7C:C3:9D
[15:04:05.821][D][KEYPAD:046]: 9B:06:02:00:00:6C:A1:9D
[15:04:05.852][D][DESK:061]: 9B:04:11:7C:C3:9D
[15:04:05.869][D][KEYPAD:046]: 9B:06:02:00:00:6C:A1:9D
[15:04:05.870][D][DESK:061]: 9B:07:12:07:87:5B:72:07:9D
[15:04:05.874][D][DESK:061]: 9B:04:11:7C:C3:9D
[15:04:05.880][D][KEYPAD:046]: 9B:06:02:00:00:6C:A1:9D
[15:04:05.902][D][DESK:061]: 9B:04:11:7C:C3:9D
[15:04:05.909][D][KEYPAD:046]: 9B:06:02:00:00:6C:A1:9D
[15:04:05.930][D][DESK:061]: 9B:07:12:07:87:5B:72:07:9D
[15:04:05.952][D][DESK:061]: 9B:04:11:7C:C3:9D
[15:04:05.973][D][KEYPAD:046]: 9B:06:02:00:00:6C:A1:9D
[15:04:05.974][D][DESK:061]: 9B:04:11:7C:C3:9D
[15:04:05.976][D][KEYPAD:046]: 9B:06:02:00:00:6C:A1:9D
[15:04:05.993][D][DESK:061]: 9B:07:12:07:87:5B:72:07:9D
[15:04:05.999][D][DESK:061]: 9B:04:15:BF:C2:9D
[15:04:06.011][D][DESK:061]: 9B:04:11:7C:C3:9D
[15:04:06.026][D][KEYPAD:046]: 9B:06:02:10:00:AC:AC:9D
[15:04:06.037][D][DESK:061]: 9B:04:11:7C:C3:9D
[15:04:06.054][D][KEYPAD:046]: 9B:06:02:10:00:AC:AC:9D
[15:04:06.070][D][DESK:061]: 9B:07:12:07:87:5B:72:07:9D
[15:04:06.077][D][DESK:061]: 9B:04:11:7C:C3:9D
[15:04:06.081][D][KEYPAD:046]: 9B:06:02:10:00:AC:AC:9D
[15:04:06.096][D][DESK:061]: 9B:04:11:7C:C3:9D
[15:04:06.104][D][KEYPAD:046]: 9B:06:02:10:00:AC:AC:9D
[15:04:06.128][D][DESK:061]: 9B:07:12:07:87:5B:72:07:9D
[15:04:06.140][D][DESK:061]: 9B:04:11:7C:C3:9D
[15:04:06.160][D][KEYPAD:046]: 9B:06:02:10:00:AC:AC:9D
[15:04:06.168][D][DESK:061]: 9B:04:11:7C:C3:9D
[15:04:06.173][D][KEYPAD:046]: 9B:06:02:00:00:6C:A1:9D
[15:04:06.191][D][DESK:061]: 9B:04:11:7C:C3:9D
[15:04:06.199][D][KEYPAD:046]: 9B:06:02:00:00:6C:A1:9D
[15:04:06.212][D][DESK:061]: 9B:07:12:07:87:5B:72:07:9D
[15:04:06.230][D][DESK:061]: 9B:04:11:7C:C3:9D
[15:04:06.236][D][KEYPAD:046]: 9B:06:02:00:00:6C:A1:9D
[15:04:06.259][D][DESK:061]: 9B:04:11:7C:C3:9D
[15:04:06.266][D][KEYPAD:046]: 9B:06:02:00:00:6C:A1:9D
[15:04:06.278][D][DESK:061]: 9B:07:12:07:87:5B:72:07:9D
[15:04:06.292][D][DESK:061]: 9B:04:11:7C:C3:9D
[15:04:06.300][D][KEYPAD:046]: 9B:06:02:00:00:6C:A1:9D
[15:04:06.317][D][DESK:061]: 9B:04:11:7C:C3:9D
[15:04:06.333][D][KEYPAD:046]: 9B:06:02:00:00:6C:A1:9D
[15:04:06.345][D][DESK:061]: 9B:07:12:07:87:5B:72:07:9D
[15:04:06.361][D][DESK:061]: 9B:04:11:7C:C3:9D
[15:04:06.379][D][KEYPAD:046]: 9B:06:02:00:00:6C:A1:9D
[15:04:06.385][D][DESK:061]: 9B:04:11:7C:C3:9D
[15:04:06.391][D][KEYPAD:046]: 9B:06:02:00:00:6C:A1:9D
[15:04:06.409][D][DESK:061]: 9B:07:12:07:87:06:8B:C6:9D
[15:04:06.438][D][DESK:061]: 9B:04:11:7C:C3:9D
[15:04:06.438][D][KEYPAD:046]: 9B:06:02:00:00:6C:A1:9D
[15:04:06.450][D][DESK:061]: 9B:04:11:7C:C3:9D
[15:04:06.470][D][KEYPAD:046]: 9B:06:02:00:00:6C:A1:9D
[15:04:06.475][D][DESK:061]: 9B:07:12:07:87:06:8B:C6:9D
[15:04:06.487][D][DESK:061]: 9B:04:11:7C:C3:9D
[15:04:06.494][D][KEYPAD:046]: 9B:06:02:00:00:6C:A1:9D
[15:04:06.504][D][DESK:061]: 9B:04:15:BF:C2:9D
[15:04:06.517][D][DESK:061]: 9B:04:11:7C:C3:9D
[15:04:06.524][D][KEYPAD:046]: 9B:06:02:00:00:6C:A1:9D
[15:04:06.538][D][DESK:061]: 9B:07:12:07:87:06:8B:C6:9D
[15:04:06.567][D][DESK:061]: 9B:04:11:7C:C3:9D
[15:04:06.573][D][KEYPAD:046]: 9B:06:02:00:00:6C:A1:9D
[15:04:06.579][D][DESK:061]: 9B:04:11:7C:C3:9D
[15:04:06.587][D][KEYPAD:046]: 9B:06:02:00:00:6C:A1:9D
[15:04:06.605][D][DESK:061]: 9B:07:12:07:87:3F:99:06:9D
[15:04:06.624][D][DESK:061]: 9B:04:11:7C:C3:9D
[15:04:06.643][D][KEYPAD:046]: 9B:06:02:00:00:6C:A1:9D
[15:04:06.648][D][DESK:061]: 9B:04:11:7C:C3:9D
[15:04:06.654][D][KEYPAD:046]: 9B:06:02:00:00:6C:A1:9D
[15:04:06.674][D][DESK:061]: 9B:07:12:07:87:3F:99:06:9D
[15:04:06.684][D][DESK:061]: 9B:04:11:7C:C3:9D
[15:04:06.699][D][KEYPAD:046]: 9B:06:02:00:00:6C:A1:9D
[15:04:06.710][D][DESK:061]: 9B:04:11:7C:C3:9D
[15:04:06.716][D][KEYPAD:046]: 9B:06:02:00:00:6C:A1:9D
[15:04:06.748][D][DESK:061]: 9B:07:12:07:FD:6F:C5:25:9D
[15:04:06.751][D][DESK:061]: 9B:04:11:7C:C3:9D
[15:04:06.779][D][KEYPAD:046]: 9B:06:02:00:00:6C:A1:9D
[15:04:06.779][D][DESK:061]: 9B:04:11:7C:C3:9D
[15:04:06.784][D][KEYPAD:046]: 9B:06:02:00:00:6C:A1:9D
[15:04:06.800][D][DESK:061]: 9B:07:12:07:FD:6F:C5:25:9D
[15:04:06.812][D][DESK:061]: 9B:04:11:7C:C3:9D
[15:04:06.822][D][KEYPAD:046]: 9B:06:02:00:00:6C:A1:9D
[15:04:06.885][D][DESK:061]: 9B:04:11:7C:C3:9D
[15:04:06.885][D][KEYPAD:046]: 9B:06:02:00:00:6C:A1:9D
[15:04:06.885][D][DESK:061]: 9B:07:12:07:FD:7F:09:24:9D
[15:04:06.885][D][DESK:061]: 9B:04:11:7C:C3:9D
[15:04:06.885][D][KEYPAD:046]: 9B:06:02:00:00:6C:A1:9D
[15:04:06.996][D][DESK:061]: 9B:04:11:7C:C3:9D
[15:04:06.996][D][KEYPAD:046]: 9B:06:02:00:00:6C:A1:9D
[15:04:06.996][D][DESK:061]: 9B:07:12:07:FD:07:2B:24:9D
[15:04:06.996][D][DESK:061]: 9B:04:11:7C:C3:9D
[15:04:06.996][D][KEYPAD:046]: 9B:06:02:00:00:6C:A1:9D
[15:04:06.997][D][DESK:061]: 9B:04:11:7C:C3:9D
[15:04:06.997][D][KEYPAD:046]: 9B:06:02:00:00:6C:A1:9D
[15:04:06.997][D][DESK:061]: 9B:07:12:07:FD:07:2B:24:9D
[15:04:07.035][D][DESK:061]: 9B:04:11:7C:C3:9D
[15:04:07.036][D][KEYPAD:046]: 9B:06:02:00:00:6C:A1:9D
[15:04:07.036][D][DESK:061]: 9B:04:15:BF:C2:9D
[15:04:07.036][D][DESK:061]: 9B:04:11:7C:C3:9D
[15:04:07.092][D][KEYPAD:046]: 9B:06:02:00:00:6C:A1:9D
[15:04:07.093][D][DESK:061]: 9B:07:12:07:FD:7D:C8:A5:9D
[15:04:07.093][D][DESK:061]: 9B:04:11:7C:C3:9D
[15:04:07.093][D][KEYPAD:046]: 9B:06:02:00:00:6C:A1:9D
[15:04:07.125][D][DESK:061]: 9B:04:11:7C:C3:9D
[15:04:07.126][D][KEYPAD:046]: 9B:06:02:00:00:6C:A1:9D
[15:04:07.134][D][DESK:061]: 9B:07:12:07:FD:6D:04:A4:9D
[15:04:07.134][D][DESK:061]: 9B:04:11:7C:C3:9D
[15:04:07.200][D][KEYPAD:046]: 9B:06:02:00:00:6C:A1:9D
[15:04:07.200][D][DESK:061]: 9B:04:11:7C:C3:9D
[15:04:07.200][D][KEYPAD:046]: 9B:06:02:00:00:6C:A1:9D
[15:04:07.200][D][DESK:061]: 9B:07:12:07:FD:66:C3:E5:9D
[15:04:07.232][D][DESK:061]: 9B:04:11:7C:C3:9D
[15:04:07.232][D][KEYPAD:046]: 9B:06:02:00:00:6C:A1:9D
[15:04:07.232][D][DESK:061]: 9B:04:11:7C:C3:9D
[15:04:07.232][D][KEYPAD:046]: 9B:06:02:00:00:6C:A1:9D
[15:04:07.308][D][DESK:061]: 9B:07:12:07:FD:4F:1D:24:9D
[15:04:07.308][D][DESK:061]: 9B:04:11:7C:C3:9D
[15:04:07.308][D][KEYPAD:046]: 9B:06:02:00:00:6C:A1:9D
[15:04:07.308][D][DESK:061]: 9B:04:11:7C:C3:9D
[15:04:07.333][D][KEYPAD:046]: 9B:06:02:00:00:6C:A1:9D
[15:04:07.333][D][DESK:061]: 9B:07:12:07:FD:5B:12:24:9D
[15:04:07.333][D][DESK:061]: 9B:04:11:7C:C3:9D
[15:04:07.333][D][KEYPAD:046]: 9B:06:02:00:00:6C:A1:9D
[15:04:07.501][D][DESK:061]: 9B:04:11:7C:C3:9D
[15:04:07.501][D][KEYPAD:046]: 9B:06:02:00:00:6C:A1:9D
[15:04:07.501][D][DESK:061]: 9B:07:12:07:FD:5B:12:24:9D
[15:04:07.501][D][DESK:061]: 9B:04:11:7C:C3:9D
[15:04:07.503][D][KEYPAD:046]: 9B:06:02:00:00:6C:A1:9D
[15:04:07.503][D][DESK:061]: 9B:04:11:7C:C3:9D
[15:04:07.503][D][KEYPAD:046]: 9B:06:02:00:00:6C:A1:9D
[15:04:07.503][D][DESK:061]: 9B:07:12:07:FD:06:EB:E5:9D
[15:04:07.503][D][DESK:061]: 9B:04:11:7C:C3:9D
[15:04:07.503][D][KEYPAD:046]: 9B:06:02:00:00:6C:A1:9D
[15:04:07.504][D][DESK:061]: 9B:04:11:7C:C3:9D
[15:04:07.504][D][KEYPAD:046]: 9B:06:02:00:00:6C:A1:9D
[15:04:07.535][D][DESK:061]: 9B:07:12:07:FD:3F:F9:25:9D
[15:04:07.535][D][DESK:061]: 9B:04:11:7C:C3:9D
[15:04:07.535][D][KEYPAD:046]: 9B:06:02:00:00:6C:A1:9D
[15:04:07.536][D][DESK:061]: 9B:04:15:BF:C2:9D
[15:04:07.610][D][DESK:061]: 9B:04:11:7C:C3:9D
[15:04:07.611][D][KEYPAD:046]: 9B:06:02:00:00:6C:A1:9D
[15:04:07.611][D][DESK:061]: 9B:07:12:07:ED:6F:05:28:9D
[15:04:07.611][D][DESK:061]: 9B:04:11:7C:C3:9D
[15:04:07.630][D][KEYPAD:046]: 9B:06:02:00:00:6C:A1:9D
[15:04:07.630][D][DESK:061]: 9B:04:11:7C:C3:9D
[15:04:07.630][D][KEYPAD:046]: 9B:06:02:00:00:6C:A1:9D
[15:04:07.630][D][DESK:061]: 9B:07:12:07:ED:7F:C9:29:9D
[15:04:07.730][D][DESK:061]: 9B:04:11:7C:C3:9D
[15:04:07.730][D][KEYPAD:046]: 9B:06:02:00:00:6C:A1:9D
[15:04:07.730][D][DESK:061]: 9B:04:11:7C:C3:9D
[15:04:07.731][D][KEYPAD:046]: 9B:06:02:00:00:6C:A1:9D
[15:04:07.737][D][DESK:061]: 9B:07:12:07:ED:07:EB:29:9D
[15:04:07.737][D][DESK:061]: 9B:04:11:7C:C3:9D
[15:04:07.737][D][KEYPAD:046]: 9B:06:02:00:00:6C:A1:9D
[15:04:07.737][D][DESK:061]: 9B:04:11:7C:C3:9D
[15:04:07.810][D][KEYPAD:046]: 9B:06:02:00:00:6C:A1:9D
[15:04:07.810][D][DESK:061]: 9B:07:12:07:ED:7D:08:A8:9D
[15:04:07.810][D][DESK:061]: 9B:04:11:7C:C3:9D
[15:04:07.810][D][KEYPAD:046]: 9B:06:02:00:00:6C:A1:9D
[15:04:07.855][D][DESK:061]: 9B:04:11:7C:C3:9D
[15:04:07.856][D][KEYPAD:046]: 9B:06:02:00:00:6C:A1:9D
[15:04:07.856][D][DESK:061]: 9B:07:12:07:ED:7D:08:A8:9D
[15:04:07.856][D][DESK:061]: 9B:04:11:7C:C3:9D
[15:04:07.910][D][KEYPAD:046]: 9B:06:02:00:00:6C:A1:9D
[15:04:07.911][D][DESK:061]: 9B:04:11:7C:C3:9D
[15:04:07.911][D][KEYPAD:046]: 9B:06:02:00:00:6C:A1:9D
[15:04:07.911][D][DESK:061]: 9B:07:12:07:ED:6D:C4:A9:9D
[15:04:08.017][D][DESK:061]: 9B:04:11:7C:C3:9D
[15:04:08.017][D][KEYPAD:046]: 9B:06:02:00:00:6C:A1:9D
[15:04:08.017][D][DESK:061]: 9B:04:11:7C:C3:9D
[15:04:08.017][D][KEYPAD:046]: 9B:06:02:00:00:6C:A1:9D
[15:04:08.129][D][DESK:061]: 9B:07:12:07:ED:66:03:E8:9D
[15:04:08.129][D][DESK:061]: 9B:04:11:7C:C3:9D
[15:04:08.129][D][KEYPAD:046]: 9B:06:02:00:00:6C:A1:9D
[15:04:08.129][D][DESK:061]: 9B:04:11:7C:C3:9D
[15:04:08.129][D][KEYPAD:046]: 9B:06:02:00:00:6C:A1:9D
[15:04:08.130][D][DESK:061]: 9B:07:12:07:ED:4F:DD:29:9D
[15:04:08.130][D][DESK:061]: 9B:04:11:7C:C3:9D
[15:04:08.130][D][KEYPAD:046]: 9B:06:02:00:00:6C:A1:9D
[15:04:08.130][D][DESK:061]: 9B:04:15:BF:C2:9D
[15:04:08.130][D][DESK:061]: 9B:04:11:7C:C3:9D
[15:04:08.130][D][KEYPAD:046]: 9B:06:02:00:00:6C:A1:9D
[15:04:08.130][D][DESK:061]: 9B:07:12:07:ED:5B:D2:29:9D
[15:04:08.134][D][DESK:061]: 9B:04:11:7C:C3:9D
[15:04:08.134][D][KEYPAD:046]: 9B:06:02:00:00:6C:A1:9D
[15:04:08.134][D][DESK:061]: 9B:04:11:7C:C3:9D
[15:04:08.134][D][KEYPAD:046]: 9B:06:02:00:00:6C:A1:9D
[15:04:08.218][D][DESK:061]: 9B:07:12:07:ED:06:2B:E8:9D
[15:04:08.218][D][DESK:061]: 9B:04:11:7C:C3:9D
[15:04:08.218][D][KEYPAD:046]: 9B:06:02:00:00:6C:A1:9D
[15:04:08.218][D][DESK:061]: 9B:04:11:7C:C3:9D
[15:04:08.228][D][KEYPAD:046]: 9B:06:02:00:00:6C:A1:9D
[15:04:08.228][D][DESK:061]: 9B:07:12:07:ED:3F:39:28:9D
[15:04:08.228][D][DESK:061]: 9B:04:11:7C:C3:9D
[15:04:08.228][D][KEYPAD:046]: 9B:06:02:00:00:6C:A1:9D
[15:04:08.288][D][DESK:061]: 9B:04:11:7C:C3:9D
[15:04:08.288][D][KEYPAD:046]: 9B:06:02:00:00:6C:A1:9D
[15:04:08.288][D][DESK:061]: 9B:07:12:07:ED:3F:39:28:9D
[15:04:08.288][D][DESK:061]: 9B:04:11:7C:C3:9D
[15:04:08.333][D][KEYPAD:046]: 9B:06:02:00:00:6C:A1:9D
[15:04:08.333][D][DESK:061]: 9B:04:11:7C:C3:9D
[15:04:08.333][D][KEYPAD:046]: 9B:06:02:00:00:6C:A1:9D
[15:04:08.333][D][DESK:061]: 9B:07:12:07:ED:3F:39:28:9D
[15:04:08.384][D][DESK:061]: 9B:04:11:7C:C3:9D
[15:04:08.384][D][KEYPAD:046]: 9B:06:02:00:00:6C:A1:9D
[15:04:08.384][D][DESK:061]: 9B:04:11:7C:C3:9D
[15:04:08.384][D][KEYPAD:046]: 9B:06:02:00:00:6C:A1:9D
[15:04:08.445][D][DESK:061]: 9B:07:12:07:ED:3F:39:28:9D
[15:04:08.445][D][DESK:061]: 9B:04:11:7C:C3:9D
[15:04:08.445][D][KEYPAD:046]: 9B:06:02:00:00:6C:A1:9D
[15:04:08.445][D][DESK:061]: 9B:04:11:7C:C3:9D
[15:04:08.484][D][KEYPAD:046]: 9B:06:02:00:00:6C:A1:9D
[15:04:08.484][D][DESK:061]: 9B:04:11:7C:C3:9D
[15:04:08.484][D][KEYPAD:046]: 9B:06:02:00:00:6C:A1:9D
[15:04:08.484][D][DESK:061]: 9B:07:12:07:ED:3F:39:28:9D
[15:04:08.531][D][DESK:061]: 9B:04:11:7C:C3:9D
[15:04:08.531][D][KEYPAD:046]: 9B:06:02:00:00:6C:A1:9D
[15:04:08.531][D][DESK:061]: 9B:04:11:7C:C3:9D
[15:04:08.531][D][KEYPAD:046]: 9B:06:02:00:00:6C:A1:9D
[15:04:08.573][D][DESK:061]: 9B:07:12:07:ED:3F:39:28:9D
[15:04:08.573][D][DESK:061]: 9B:04:15:BF:C2:9D
[15:04:08.573][D][DESK:061]: 9B:04:11:7C:C3:9D
[15:04:08.573][D][KEYPAD:046]: 9B:06:02:00:00:6C:A1:9D
[15:04:08.630][D][DESK:061]: 9B:04:11:7C:C3:9D
[15:04:08.630][D][KEYPAD:046]: 9B:06:02:00:00:6C:A1:9D
[15:04:08.630][D][DESK:061]: 9B:07:12:07:ED:3F:39:28:9D
[15:04:08.630][D][DESK:061]: 9B:04:11:7C:C3:9D
[15:04:08.675][D][KEYPAD:046]: 9B:06:02:00:00:6C:A1:9D
[15:04:08.675][D][DESK:061]: 9B:07:12:07:ED:3F:39:28:9D
[15:04:08.675][D][DESK:061]: 9B:04:11:7C:C3:9D
[15:04:08.675][D][KEYPAD:046]: 9B:06:02:00:00:6C:A1:9D
[15:04:08.737][D][DESK:061]: 9B:04:11:7C:C3:9D
[15:04:08.737][D][KEYPAD:046]: 9B:06:02:00:00:6C:A1:9D
[15:04:08.737][D][DESK:061]: 9B:07:12:07:ED:3F:39:28:9D
[15:04:08.737][D][DESK:061]: 9B:04:11:7C:C3:9D
[15:04:08.795][D][KEYPAD:046]: 9B:06:02:00:00:6C:A1:9D
[15:04:08.795][D][DESK:061]: 9B:07:12:07:ED:3F:39:28:9D
[15:04:08.795][D][DESK:061]: 9B:04:11:7C:C3:9D
[15:04:08.795][D][KEYPAD:046]: 9B:06:02:00:00:6C:A1:9D
[15:04:08.832][D][DESK:061]: 9B:04:11:7C:C3:9D
[15:04:08.832][D][KEYPAD:046]: 9B:06:02:00:00:6C:A1:9D
[15:04:08.832][D][DESK:061]: 9B:04:11:7C:C3:9D
[15:04:08.832][D][KEYPAD:046]: 9B:06:02:00:00:6C:A1:9D
[15:04:08.905][D][DESK:061]: 9B:07:12:07:ED:3F:39:28:9D
[15:04:08.905][D][DESK:061]: 9B:04:11:7C:C3:9D
[15:04:08.905][D][KEYPAD:046]: 9B:06:02:00:00:6C:A1:9D
[15:04:08.905][D][DESK:061]: 9B:04:11:7C:C3:9D
[15:04:08.938][D][KEYPAD:046]: 9B:06:02:00:00:6C:A1:9D
[15:04:08.938][D][DESK:061]: 9B:07:12:07:ED:3F:39:28:9D
[15:04:08.939][D][DESK:061]: 9B:04:11:7C:C3:9D
[15:04:08.939][D][KEYPAD:046]: 9B:06:02:00:00:6C:A1:9D
[15:04:09.011][D][DESK:061]: 9B:04:11:7C:C3:9D
[15:04:09.011][D][KEYPAD:046]: 9B:06:02:00:00:6C:A1:9D
[15:04:09.011][D][DESK:061]: 9B:07:12:07:ED:3F:39:28:9D
[15:04:09.011][D][DESK:061]: 9B:04:11:7C:C3:9D
[15:04:09.035][D][KEYPAD:046]: 9B:06:02:00:00:6C:A1:9D
[15:04:09.035][D][DESK:061]: 9B:04:11:7C:C3:9D
[15:04:09.036][D][KEYPAD:046]: 9B:06:02:00:00:6C:A1:9D
[15:04:09.036][D][DESK:061]: 9B:04:11:7C:C3:9D
[15:04:09.075][D][KEYPAD:046]: 9B:06:02:00:00:6C:A1:9D
[15:04:09.075][D][DESK:061]: 9B:07:12:07:ED:3F:39:28:9D
[15:04:09.075][D][DESK:061]: 9B:04:15:BF:C2:9D
[15:04:09.075][D][DESK:061]: 9B:04:11:7C:C3:9D
[15:04:09.129][D][KEYPAD:046]: 9B:06:02:00:00:6C:A1:9D
[15:04:09.130][D][DESK:061]: 9B:04:11:7C:C3:9D
[15:04:09.130][D][KEYPAD:046]: 9B:06:02:00:00:6C:A1:9D
[15:04:09.130][D][DESK:061]: 9B:07:12:07:ED:3F:39:28:9D
[15:04:09.170][D][DESK:061]: 9B:04:11:7C:C3:9D
[15:04:09.170][D][KEYPAD:046]: 9B:06:02:00:00:6C:A1:9D
[15:04:09.170][D][DESK:061]: 9B:04:11:7C:C3:9D
[15:04:09.170][D][KEYPAD:046]: 9B:06:02:00:00:6C:A1:9D
[15:04:09.214][D][DESK:061]: 9B:07:12:07:ED:3F:39:28:9D
[15:04:09.214][D][DESK:061]: 9B:04:11:7C:C3:9D
[15:04:09.214][D][KEYPAD:046]: 9B:06:02:00:00:6C:A1:9D
[15:04:09.233][D][DESK:061]: 9B:04:11:7C:C3:9D
[15:04:09.270][D][KEYPAD:046]: 9B:06:02:00:00:6C:A1:9D
[15:04:09.270][D][DESK:061]: 9B:07:12:07:ED:3F:39:28:9D
[15:04:09.270][D][DESK:061]: 9B:04:11:7C:C3:9D
[15:04:09.270][D][KEYPAD:046]: 9B:06:02:00:00:6C:A1:9D
[15:04:09.308][D][DESK:061]: 9B:07:12:07:ED:3F:39:28:9D
[15:04:09.334][D][DESK:061]: 9B:04:11:7C:C3:9D
[15:04:09.334][D][KEYPAD:046]: 9B:06:02:00:00:6C:A1:9D
[15:04:09.339][D][DESK:061]: 9B:04:11:7C:C3:9D
[15:04:09.379][D][KEYPAD:046]: 9B:06:02:00:00:6C:A1:9D
[15:04:09.379][D][DESK:061]: 9B:04:11:7C:C3:9D
[15:04:09.379][D][KEYPAD:046]: 9B:06:02:00:00:6C:A1:9D
[15:04:09.379][D][DESK:061]: 9B:07:12:07:ED:3F:39:28:9D
[15:04:09.417][D][DESK:061]: 9B:04:11:7C:C3:9D
[15:04:09.418][D][KEYPAD:046]: 9B:06:02:00:00:6C:A1:9D
[15:04:09.460][D][DESK:061]: 9B:04:11:7C:C3:9D
[15:04:09.460][D][KEYPAD:046]: 9B:06:02:00:00:6C:A1:9D
[15:04:09.472][D][DESK:061]: 9B:07:12:07:ED:3F:39:28:9D
[15:04:09.472][D][DESK:061]: 9B:04:11:7C:C3:9D
[15:04:09.473][D][KEYPAD:046]: 9B:06:02:00:00:6C:A1:9D
[15:04:09.481][D][DESK:061]: 9B:04:11:7C:C3:9D
[15:04:09.515][D][KEYPAD:046]: 9B:06:02:00:00:6C:A1:9D
[15:04:09.522][D][DESK:061]: 9B:07:12:07:ED:3F:39:28:9D
[15:04:09.522][D][DESK:061]: 9B:04:11:7C:C3:9D
[15:04:09.522][D][KEYPAD:046]: 9B:06:02:00:00:6C:A1:9D
[15:04:09.572][D][DESK:061]: 9B:04:11:7C:C3:9D
[15:04:09.572][D][KEYPAD:046]: 9B:06:02:00:00:6C:A1:9D
[15:04:09.572][D][DESK:061]: 9B:04:15:BF:C2:9D
[15:04:09.575][D][DESK:061]: 9B:07:12:07:ED:3F:39:28:9D
[15:04:09.588][D][DESK:061]: 9B:04:11:7C:C3:9D
[15:04:09.618][D][KEYPAD:046]: 9B:06:02:00:00:6C:A1:9D
[15:04:09.619][D][DESK:061]: 9B:04:11:7C:C3:9D
[15:04:09.619][D][KEYPAD:046]: 9B:06:02:00:00:6C:A1:9D
[15:04:09.680][D][DESK:061]: 9B:07:12:07:ED:3F:39:28:9D
[15:04:09.681][D][DESK:061]: 9B:04:11:7C:C3:9D
[15:04:09.681][D][KEYPAD:046]: 9B:06:02:00:00:6C:A1:9D
[15:04:09.686][D][DESK:061]: 9B:07:12:07:ED:3F:39:28:9D
[15:04:09.712][D][DESK:061]: 9B:04:11:7C:C3:9D
[15:04:09.743][D][KEYPAD:046]: 9B:06:02:00:00:6C:A1:9D
[15:04:09.744][D][DESK:061]: 9B:04:11:7C:C3:9D
[15:04:09.750][D][KEYPAD:046]: 9B:06:02:00:00:6C:A1:9D
[15:04:09.785][D][DESK:061]: 9B:04:11:7C:C3:9D
[15:04:09.785][D][KEYPAD:046]: 9B:06:02:00:00:6C:A1:9D
[15:04:09.785][D][DESK:061]: 9B:07:12:07:ED:3F:39:28:9D
[15:04:09.785][D][DESK:061]: 9B:04:11:7C:C3:9D
[15:04:09.827][D][KEYPAD:046]: 9B:06:02:00:00:6C:A1:9D
[15:04:09.827][D][DESK:061]: 9B:04:11:7C:C3:9D
[15:04:09.828][D][KEYPAD:046]: 9B:06:02:00:00:6C:A1:9D
[15:04:09.828][D][DESK:061]: 9B:07:12:07:ED:3F:39:28:9D
[15:04:09.872][D][DESK:061]: 9B:04:11:7C:C3:9D
[15:04:09.872][D][KEYPAD:046]: 9B:06:02:00:00:6C:A1:9D
[15:04:09.872][D][DESK:061]: 9B:04:11:7C:C3:9D
[15:04:09.876][D][KEYPAD:046]: 9B:06:02:00:00:6C:A1:9D
[15:04:09.893][D][DESK:061]: 9B:04:11:7C:C3:9D
[15:04:09.899][D][KEYPAD:046]: 9B:06:02:00:00:6C:A1:9D
[15:04:09.917][D][DESK:061]: 9B:07:12:07:ED:3F:39:28:9D
[15:04:09.926][D][DESK:061]: 9B:04:11:7C:C3:9D
[15:04:09.934][D][KEYPAD:046]: 9B:06:02:00:00:6C:A1:9D
[15:04:09.980][D][DESK:061]: 9B:04:11:7C:C3:9D
[15:04:09.980][D][KEYPAD:046]: 9B:06:02:00:00:6C:A1:9D
[15:04:09.980][D][DESK:061]: 9B:04:11:7C:C3:9D
[15:04:10.020][D][KEYPAD:046]: 9B:06:02:00:00:6C:A1:9D
[15:04:10.020][D][DESK:061]: 9B:07:12:07:ED:3F:39:28:9D
[15:04:10.020][D][DESK:061]: 9B:04:11:7C:C3:9D
[15:04:10.020][D][KEYPAD:046]: 9B:06:02:00:00:6C:A1:9D
[15:04:10.047][D][DESK:061]: 9B:07:12:07:ED:3F:39:28:9D
[15:04:10.066][D][DESK:061]: 9B:04:11:7C:C3:9D
[15:04:10.067][D][KEYPAD:046]: 9B:06:02:00:00:6C:A1:9D
[15:04:10.067][D][DESK:061]: 9B:04:15:BF:C2:9D
[15:04:10.084][D][DESK:061]: 9B:04:11:7C:C3:9D
[15:04:10.097][D][KEYPAD:046]: 9B:06:02:00:00:6C:A1:9D
[15:04:10.122][D][DESK:061]: 9B:07:12:07:ED:3F:39:28:9D
[15:04:10.136][D][DESK:061]: 9B:04:11:7C:C3:9D
[15:04:10.164][D][KEYPAD:046]: 9B:06:02:00:00:6C:A1:9D
[15:04:10.164][D][DESK:061]: 9B:07:12:07:ED:3F:39:28:9D
[15:04:10.164][D][DESK:061]: 9B:04:11:7C:C3:9D
[15:04:10.165][D][KEYPAD:046]: 9B:06:02:00:00:6C:A1:9D
[15:04:10.188][D][DESK:061]: 9B:04:11:7C:C3:9D
[15:04:10.197][D][KEYPAD:046]: 9B:06:02:00:00:6C:A1:9D
[15:04:10.225][D][DESK:061]: 9B:07:12:07:ED:3F:39:28:9D
[15:04:10.227][D][DESK:061]: 9B:04:11:7C:C3:9D
[15:04:10.236][D][KEYPAD:046]: 9B:06:02:00:00:6C:A1:9D
[15:04:10.253][D][DESK:061]: 9B:07:12:07:ED:3F:39:28:9D
[15:04:10.282][D][DESK:061]: 9B:04:11:7C:C3:9D
[15:04:10.282][D][KEYPAD:046]: 9B:06:02:00:00:6C:A1:9D
[15:04:10.291][D][DESK:061]: 9B:04:11:7C:C3:9D
[15:04:10.298][D][KEYPAD:046]: 9B:06:02:00:00:6C:A1:9D
[15:04:10.327][D][DESK:061]: 9B:07:12:07:ED:3F:39:28:9D
[15:04:10.335][D][DESK:061]: 9B:04:11:7C:C3:9D
[15:04:10.342][D][KEYPAD:046]: 9B:06:02:00:00:6C:A1:9D
[15:04:10.381][D][DESK:061]: 9B:07:12:07:ED:3F:39:28:9D
[15:04:10.381][D][DESK:061]: 9B:04:11:7C:C3:9D
[15:04:10.381][D][KEYPAD:046]: 9B:06:02:00:00:6C:A1:9D
[15:04:10.402][D][DESK:061]: 9B:04:11:7C:C3:9D
[15:04:10.408][D][KEYPAD:046]: 9B:06:02:00:00:6C:A1:9D
[15:04:10.432][D][DESK:061]: 9B:07:12:07:ED:3F:39:28:9D
[15:04:10.444][D][DESK:061]: 9B:04:11:7C:C3:9D
[15:04:10.487][D][KEYPAD:046]: 9B:06:02:00:00:6C:A1:9D
[15:04:10.488][D][DESK:061]: 9B:07:12:07:ED:3F:39:28:9D
[15:04:10.488][D][DESK:061]: 9B:04:11:7C:C3:9D
[15:04:10.492][D][KEYPAD:046]: 9B:06:02:00:00:6C:A1:9D
[15:04:10.508][D][DESK:061]: 9B:04:11:7C:C3:9D
[15:04:10.514][D][KEYPAD:046]: 9B:06:02:00:00:6C:A1:9D
[15:04:10.536][D][DESK:061]: 9B:07:12:07:ED:3F:39:28:9D
[15:04:10.559][D][DESK:061]: 9B:04:11:7C:C3:9D
[15:04:10.573][D][KEYPAD:046]: 9B:06:02:00:00:6C:A1:9D
[15:04:10.577][D][DESK:061]: 9B:04:15:BF:C2:9D
[15:04:10.581][D][DESK:061]: 9B:07:12:07:ED:3F:39:28:9D
[15:04:10.595][D][DESK:061]: 9B:04:11:7C:C3:9D
[15:04:10.602][D][KEYPAD:046]: 9B:06:02:00:00:6C:A1:9D
[15:04:10.621][D][DESK:061]: 9B:04:11:7C:C3:9D
[15:04:10.641][D][KEYPAD:046]: 9B:06:02:00:00:6C:A1:9D
[15:04:10.648][D][DESK:061]: 9B:07:12:07:ED:3F:39:28:9D
[15:04:10.681][D][DESK:061]: 9B:04:11:7C:C3:9D
[15:04:10.681][D][KEYPAD:046]: 9B:06:02:00:00:6C:A1:9D
[15:04:10.693][D][DESK:061]: 9B:04:11:7C:C3:9D
[15:04:10.696][D][KEYPAD:046]: 9B:06:02:00:00:6C:A1:9D
[15:04:10.737][D][DESK:061]: 9B:07:12:07:ED:3F:39:28:9D
[15:04:10.752][D][DESK:061]: 9B:04:11:7C:C3:9D
[15:04:10.752][D][KEYPAD:046]: 9B:06:02:00:00:6C:A1:9D
[15:04:10.764][D][DESK:061]: 9B:07:12:07:ED:3F:39:28:9D
[15:04:10.852][D][DESK:061]: 9B:04:11:7C:C3:9D
[15:04:10.853][D][KEYPAD:046]: 9B:06:02:20:00:AC:B8:9D
[15:04:10.854][D][DESK:061]: 9B:04:11:7C:C3:9D
[15:04:10.854][D][KEYPAD:046]: 9B:06:02:20:00:AC:B8:9D
[15:04:10.956][D][DESK:061]: 9B:04:11:7C:C3:9D
[15:04:10.957][D][KEYPAD:046]: 9B:06:02:00:00:6C:A1:9D
[15:04:10.957][D][DESK:061]: 9B:07:12:07:ED:3F:39:28:9D
[15:04:10.957][D][DESK:061]: 9B:04:11:7C:C3:9D
[15:04:10.957][D][KEYPAD:046]: 9B:06:02:00:00:6C:A1:9D
[15:04:10.957][D][DESK:061]: 9B:04:11:7C:C3:9D
[15:04:10.957][D][KEYPAD:046]: 9B:06:02:00:00:6C:A1:9D
[15:04:10.957][D][DESK:061]: 9B:07:12:6D:40:00:A5:34:9D
[15:04:10.957][D][DESK:061]: 9B:04:11:7C:C3:9D
[15:04:10.957][D][KEYPAD:046]: 9B:06:02:00:00:6C:A1:9D
[15:04:10.957][D][DESK:061]: 9B:04:11:7C:C3:9D
[15:04:10.957][D][KEYPAD:046]: 9B:06:02:00:00:6C:A1:9D
[15:04:10.980][D][DESK:061]: 9B:04:11:7C:C3:9D
[15:04:10.989][D][KEYPAD:046]: 9B:06:02:00:00:6C:A1:9D
[15:04:10.996][D][DESK:061]: 9B:07:12:6D:40:00:A5:34:9D
[15:04:11.011][D][DESK:061]: 9B:04:11:7C:C3:9D
[15:04:11.017][D][KEYPAD:046]: 9B:06:02:00:00:6C:A1:9D
[15:04:11.043][D][DESK:061]: 9B:04:11:7C:C3:9D
[15:04:11.047][D][KEYPAD:046]: 9B:06:02:00:00:6C:A1:9D
[15:04:11.073][D][DESK:061]: 9B:04:11:7C:C3:9D
[15:04:11.080][D][KEYPAD:046]: 9B:06:02:00:00:6C:A1:9D
[15:04:11.085][D][DESK:061]: 9B:07:12:6D:40:00:A5:34:9D
[15:04:11.089][D][DESK:061]: 9B:04:15:BF:C2:9D
[15:04:11.106][D][DESK:061]: 9B:04:11:7C:C3:9D
[15:04:11.109][D][KEYPAD:046]: 9B:06:02:00:00:6C:A1:9D
[15:04:11.127][D][DESK:061]: 9B:04:11:7C:C3:9D
[15:04:11.146][D][KEYPAD:046]: 9B:06:02:00:00:6C:A1:9D
[15:04:11.149][D][DESK:061]: 9B:07:12:6D:40:00:A5:34:9D
[15:04:11.179][D][DESK:061]: 9B:04:11:7C:C3:9D
[15:04:11.179][D][KEYPAD:046]: 9B:06:02:00:00:6C:A1:9D
[15:04:11.190][D][DESK:061]: 9B:04:11:7C:C3:9D
[15:04:11.196][D][KEYPAD:046]: 9B:06:02:00:00:6C:A1:9D
[15:04:11.215][D][DESK:061]: 9B:04:11:7C:C3:9D
[15:04:11.222][D][KEYPAD:046]: 9B:06:02:00:00:6C:A1:9D
[15:04:11.233][D][DESK:061]: 9B:07:12:6D:40:00:A5:34:9D
[15:04:11.250][D][DESK:061]: 9B:04:11:7C:C3:9D
[15:04:11.259][D][KEYPAD:046]: 9B:06:02:00:00:6C:A1:9D
[15:04:11.283][D][DESK:061]: 9B:04:11:7C:C3:9D
[15:04:11.283][D][KEYPAD:046]: 9B:06:02:00:00:6C:A1:9D
[15:04:11.299][D][DESK:061]: 9B:04:11:7C:C3:9D
[15:04:11.306][D][KEYPAD:046]: 9B:06:02:00:00:6C:A1:9D
[15:04:11.317][D][DESK:061]: 9B:07:12:6D:40:00:A5:34:9D
[15:04:11.331][D][DESK:061]: 9B:04:11:7C:C3:9D
[15:04:11.351][D][KEYPAD:046]: 9B:06:02:00:00:6C:A1:9D
[15:04:11.357][D][DESK:061]: 9B:04:11:7C:C3:9D
[15:04:11.382][D][KEYPAD:046]: 9B:06:02:00:00:6C:A1:9D
[15:04:11.386][D][DESK:061]: 9B:04:11:7C:C3:9D
[15:04:11.392][D][KEYPAD:046]: 9B:06:02:00:00:6C:A1:9D
[15:04:11.401][D][DESK:061]: 9B:07:12:6D:40:00:A5:34:9D
[15:04:11.416][D][DESK:061]: 9B:04:11:7C:C3:9D
[15:04:11.422][D][KEYPAD:046]: 9B:06:02:00:00:6C:A1:9D
[15:04:11.453][D][DESK:061]: 9B:04:11:7C:C3:9D
[15:04:11.488][D][KEYPAD:046]: 9B:06:02:00:00:6C:A1:9D
[15:04:11.488][D][DESK:061]: 9B:07:12:6D:40:00:A5:34:9D
[15:04:11.488][D][DESK:061]: 9B:04:11:7C:C3:9D
[15:04:11.492][D][KEYPAD:046]: 9B:06:02:00:00:6C:A1:9D
[15:04:11.511][D][DESK:061]: 9B:04:11:7C:C3:9D
[15:04:11.518][D][KEYPAD:046]: 9B:06:02:00:00:6C:A1:9D
[15:04:11.539][D][DESK:061]: 9B:07:12:6D:40:00:A5:34:9D
[15:04:11.555][D][DESK:061]: 9B:04:11:7C:C3:9D
[15:04:11.583][D][KEYPAD:046]: 9B:06:02:00:00:6C:A1:9D
[15:04:11.591][D][DESK:061]: 9B:04:11:7C:C3:9D
[15:04:11.591][D][KEYPAD:046]: 9B:06:02:00:00:6C:A1:9D
[15:04:11.595][D][DESK:061]: 9B:04:15:BF:C2:9D
[15:04:11.608][D][DESK:061]: 9B:07:12:6D:40:00:A5:34:9D
[15:04:11.623][D][DESK:061]: 9B:04:11:7C:C3:9D
[15:04:11.632][D][KEYPAD:046]: 9B:06:02:00:00:6C:A1:9D
[15:04:11.659][D][DESK:061]: 9B:04:11:7C:C3:9D
[15:04:11.672][D][KEYPAD:046]: 9B:06:02:00:00:6C:A1:9D
[15:04:11.693][D][DESK:061]: 9B:07:12:6D:40:00:A5:34:9D
[15:04:11.697][D][DESK:061]: 9B:04:11:7C:C3:9D
[15:04:11.699][D][KEYPAD:046]: 9B:06:02:00:00:6C:A1:9D
[15:04:11.717][D][DESK:061]: 9B:04:11:7C:C3:9D
[15:04:11.728][D][KEYPAD:046]: 9B:06:02:00:00:6C:A1:9D
[15:04:11.745][D][DESK:061]: 9B:07:12:6D:40:00:A5:34:9D
[15:04:11.762][D][DESK:061]: 9B:04:11:7C:C3:9D
[15:04:11.771][D][KEYPAD:046]: 9B:06:02:00:00:6C:A1:9D
[15:04:11.788][D][DESK:061]: 9B:04:11:7C:C3:9D
[15:04:11.794][D][KEYPAD:046]: 9B:06:02:00:00:6C:A1:9D
[15:04:11.817][D][DESK:061]: 9B:07:12:6D:40:00:A5:34:9D
[15:04:11.831][D][DESK:061]: 9B:04:11:7C:C3:9D
[15:04:11.840][D][KEYPAD:046]: 9B:06:02:00:00:6C:A1:9D
[15:04:11.864][D][DESK:061]: 9B:04:11:7C:C3:9D
[15:04:11.864][D][KEYPAD:046]: 9B:06:02:00:00:6C:A1:9D
[15:04:11.891][D][DESK:061]: 9B:07:12:6D:40:00:A5:34:9D
[15:04:11.906][D][DESK:061]: 9B:04:11:7C:C3:9D
[15:04:11.913][D][KEYPAD:046]: 9B:06:02:00:00:6C:A1:9D
[15:04:11.925][D][DESK:061]: 9B:04:11:7C:C3:9D
[15:04:11.933][D][KEYPAD:046]: 9B:06:02:00:00:6C:A1:9D
[15:04:11.953][D][DESK:061]: 9B:07:12:6D:40:00:A5:34:9D
[15:04:11.974][D][DESK:061]: 9B:04:11:7C:C3:9D
[15:04:11.976][D][KEYPAD:046]: 9B:06:02:00:00:6C:A1:9D
[15:04:11.996][D][DESK:061]: 9B:04:11:7C:C3:9D
[15:04:12.004][D][KEYPAD:046]: 9B:06:02:00:00:6C:A1:9D
[15:04:12.019][D][DESK:061]: 9B:04:11:7C:C3:9D
[15:04:12.025][D][KEYPAD:046]: 9B:06:02:00:00:6C:A1:9D
[15:04:12.037][D][DESK:061]: 9B:07:12:6D:40:00:A5:34:9D
[15:04:12.051][D][DESK:061]: 9B:04:11:7C:C3:9D
[15:04:12.070][D][KEYPAD:046]: 9B:06:02:00:00:6C:A1:9D
[15:04:12.080][D][DESK:061]: 9B:04:11:7C:C3:9D
[15:04:12.095][D][KEYPAD:046]: 9B:06:02:00:00:6C:A1:9D
[15:04:12.100][D][DESK:061]: 9B:04:15:BF:C2:9D
[15:04:12.108][D][DESK:061]: 9B:07:12:6D:40:00:A5:34:9D
[15:04:12.125][D][DESK:061]: 9B:04:11:7C:C3:9D
[15:04:12.131][D][KEYPAD:046]: 9B:06:02:00:00:6C:A1:9D
[15:04:12.150][D][DESK:061]: 9B:04:11:7C:C3:9D
[15:04:12.156][D][KEYPAD:046]: 9B:06:02:00:00:6C:A1:9D
[15:04:12.177][D][DESK:061]: 9B:07:12:6D:40:00:A5:34:9D
[15:04:12.204][D][DESK:061]: 9B:04:11:7C:C3:9D
[15:04:12.213][D][KEYPAD:046]: 9B:06:02:00:00:6C:A1:9D
[15:04:12.217][D][DESK:061]: 9B:04:11:7C:C3:9D
[15:04:12.224][D][KEYPAD:046]: 9B:06:02:00:00:6C:A1:9D
[15:04:12.246][D][DESK:061]: 9B:07:12:6D:40:00:A5:34:9D
[15:04:12.261][D][DESK:061]: 9B:04:11:7C:C3:9D
[15:04:12.277][D][KEYPAD:046]: 9B:06:02:00:00:6C:A1:9D
[15:04:12.300][D][DESK:061]: 9B:04:11:7C:C3:9D
[15:04:12.305][D][KEYPAD:046]: 9B:06:02:00:00:6C:A1:9D
[15:04:12.311][D][DESK:061]: 9B:04:11:7C:C3:9D
[15:04:12.323][D][KEYPAD:046]: 9B:06:02:00:00:6C:A1:9D
[15:04:12.331][D][DESK:061]: 9B:07:12:6D:40:00:A5:34:9D
[15:04:12.345][D][DESK:061]: 9B:04:11:7C:C3:9D
[15:04:12.351][D][KEYPAD:046]: 9B:06:02:00:00:6C:A1:9D
[15:04:12.380][D][DESK:061]: 9B:04:11:7C:C3:9D
[15:04:12.387][D][KEYPAD:046]: 9B:06:02:00:00:6C:A1:9D
[15:04:12.416][D][DESK:061]: 9B:04:11:7C:C3:9D
[15:04:12.424][D][KEYPAD:046]: 9B:06:02:00:00:6C:A1:9D
[15:04:12.424][D][DESK:061]: 9B:07:12:6D:40:00:A5:34:9D
[15:04:12.429][D][DESK:061]: 9B:04:11:7C:C3:9D
[15:04:12.435][D][KEYPAD:046]: 9B:06:02:00:00:6C:A1:9D
[15:04:12.452][D][DESK:061]: 9B:04:11:7C:C3:9D
[15:04:12.462][D][KEYPAD:046]: 9B:06:02:00:00:6C:A1:9D
[15:04:12.480][D][DESK:061]: 9B:04:11:7C:C3:9D
[15:04:12.488][D][KEYPAD:046]: 9B:06:02:00:00:6C:A1:9D
[15:04:12.505][D][DESK:061]: 9B:07:12:6D:40:00:A5:34:9D
[15:04:12.513][D][DESK:061]: 9B:04:11:7C:C3:9D
[15:04:12.518][D][KEYPAD:046]: 9B:06:02:00:00:6C:A1:9D
[15:04:12.536][D][DESK:061]: 9B:04:11:7C:C3:9D
[15:04:12.543][D][KEYPAD:046]: 9B:06:02:00:00:6C:A1:9D
[15:04:12.562][D][DESK:061]: 9B:04:11:7C:C3:9D
[15:04:12.580][D][KEYPAD:046]: 9B:06:02:00:00:6C:A1:9D
[15:04:12.586][D][DESK:061]: 9B:07:12:6D:40:00:A5:34:9D
[15:04:12.607][D][DESK:061]: 9B:04:11:7C:C3:9D
[15:04:12.610][D][KEYPAD:046]: 9B:06:02:00:00:6C:A1:9D
[15:04:12.610][D][DESK:061]: 9B:04:15:BF:C2:9D
[15:04:12.628][D][DESK:061]: 9B:04:11:7C:C3:9D
[15:04:12.633][D][KEYPAD:046]: 9B:06:02:00:00:6C:A1:9D
[15:04:12.652][D][DESK:061]: 9B:07:12:6D:40:00:A5:34:9D
[15:04:12.665][D][DESK:061]: 9B:04:11:7C:C3:9D
[15:04:12.686][D][KEYPAD:046]: 9B:06:02:00:00:6C:A1:9D
[15:04:12.691][D][DESK:061]: 9B:04:11:7C:C3:9D
[15:04:12.710][D][KEYPAD:046]: 9B:06:02:00:00:6C:A1:9D
[15:04:12.718][D][DESK:061]: 9B:04:11:7C:C3:9D
[15:04:12.722][D][KEYPAD:046]: 9B:06:02:00:00:6C:A1:9D
[15:04:12.736][D][DESK:061]: 9B:07:12:6D:40:00:A5:34:9D
[15:04:12.749][D][DESK:061]: 9B:04:11:7C:C3:9D
[15:04:12.755][D][KEYPAD:046]: 9B:06:02:00:00:6C:A1:9D
[15:04:12.784][D][DESK:061]: 9B:04:11:7C:C3:9D
[15:04:12.792][D][KEYPAD:046]: 9B:06:02:00:00:6C:A1:9D
[15:04:12.813][D][DESK:061]: 9B:04:11:7C:C3:9D
[15:04:12.813][D][KEYPAD:046]: 9B:06:02:00:00:6C:A1:9D
[15:04:12.824][D][DESK:061]: 9B:07:12:6D:40:00:A5:34:9D
[15:04:12.835][D][DESK:061]: 9B:04:11:7C:C3:9D
[15:04:12.845][D][KEYPAD:046]: 9B:06:02:00:00:6C:A1:9D
[15:04:12.860][D][DESK:061]: 9B:04:11:7C:C3:9D
[15:04:12.872][D][KEYPAD:046]: 9B:06:02:00:00:6C:A1:9D
[15:04:12.887][D][DESK:061]: 9B:04:11:7C:C3:9D
[15:04:12.895][D][KEYPAD:046]: 9B:06:02:00:00:6C:A1:9D
[15:04:12.915][D][DESK:061]: 9B:07:12:6D:40:00:A5:34:9D
[15:04:12.920][D][DESK:061]: 9B:04:11:7C:C3:9D
[15:04:12.927][D][KEYPAD:046]: 9B:06:02:00:00:6C:A1:9D
[15:04:12.945][D][DESK:061]: 9B:04:11:7C:C3:9D
[15:04:12.951][D][KEYPAD:046]: 9B:06:02:00:00:6C:A1:9D
[15:04:12.973][D][DESK:061]: 9B:07:12:6D:40:00:A5:34:9D
[15:04:12.990][D][DESK:061]: 9B:04:11:7C:C3:9D
[15:04:12.997][D][KEYPAD:046]: 9B:06:02:00:00:6C:A1:9D
[15:04:13.017][D][DESK:061]: 9B:04:11:7C:C3:9D
[15:04:13.023][D][KEYPAD:046]: 9B:06:02:00:00:6C:A1:9D
[15:04:13.042][D][DESK:061]: 9B:07:12:6D:40:00:A5:34:9D
[15:04:13.057][D][DESK:061]: 9B:04:11:7C:C3:9D
[15:04:13.064][D][KEYPAD:046]: 9B:06:02:00:00:6C:A1:9D
[15:04:13.094][D][DESK:061]: 9B:04:11:7C:C3:9D
[15:04:13.098][D][KEYPAD:046]: 9B:06:02:00:00:6C:A1:9D
[15:04:13.120][D][DESK:061]: 9B:07:12:6D:40:00:A5:34:9D
[15:04:13.121][D][DESK:061]: 9B:04:15:BF:C2:9D
[15:04:13.131][D][DESK:061]: 9B:04:11:7C:C3:9D
[15:04:13.138][D][KEYPAD:046]: 9B:06:02:00:00:6C:A1:9D
[15:04:13.157][D][DESK:061]: 9B:04:11:7C:C3:9D
[15:04:13.164][D][KEYPAD:046]: 9B:06:02:00:00:6C:A1:9D
[15:04:13.182][D][DESK:061]: 9B:07:12:6D:40:00:A5:34:9D
[15:04:13.199][D][DESK:061]: 9B:04:11:7C:C3:9D
[15:04:13.205][D][KEYPAD:046]: 9B:06:02:00:00:6C:A1:9D
[15:04:13.228][D][DESK:061]: 9B:04:11:7C:C3:9D
[15:04:13.233][D][KEYPAD:046]: 9B:06:02:00:00:6C:A1:9D
[15:04:13.252][D][DESK:061]: 9B:07:12:6D:40:00:A5:34:9D
[15:04:13.266][D][DESK:061]: 9B:04:11:7C:C3:9D
[15:04:13.270][D][KEYPAD:046]: 9B:06:02:00:00:6C:A1:9D
[15:04:13.296][D][DESK:061]: 9B:04:11:7C:C3:9D
[15:04:13.302][D][KEYPAD:046]: 9B:06:02:00:00:6C:A1:9D
[15:04:13.324][D][DESK:061]: 9B:04:11:7C:C3:9D
[15:04:13.325][D][KEYPAD:046]: 9B:06:02:00:00:6C:A1:9D
[15:04:13.333][D][DESK:061]: 9B:07:12:6D:40:00:A5:34:9D
[15:04:13.347][D][DESK:061]: 9B:04:11:7C:C3:9D
[15:04:13.357][D][KEYPAD:046]: 9B:06:02:00:00:6C:A1:9D
[15:04:13.374][D][DESK:061]: 9B:04:11:7C:C3:9D
[15:04:13.383][D][KEYPAD:046]: 9B:06:02:00:00:6C:A1:9D
[15:04:13.399][D][DESK:061]: 9B:04:11:7C:C3:9D
[15:04:13.407][D][KEYPAD:046]: 9B:06:02:00:00:6C:A1:9D
[15:04:13.431][D][DESK:061]: 9B:07:12:6D:40:00:A5:34:9D
[15:04:13.434][D][DESK:061]: 9B:04:11:7C:C3:9D
[15:04:13.440][D][KEYPAD:046]: 9B:06:02:00:00:6C:A1:9D
[15:04:13.459][D][DESK:061]: 9B:04:11:7C:C3:9D
[15:04:13.464][D][KEYPAD:046]: 9B:06:02:00:00:6C:A1:9D
[15:04:13.486][D][DESK:061]: 9B:07:12:6D:40:00:A5:34:9D
[15:04:13.501][D][DESK:061]: 9B:04:11:7C:C3:9D
[15:04:13.507][D][KEYPAD:046]: 9B:06:02:00:00:6C:A1:9D
[15:04:13.530][D][DESK:061]: 9B:04:11:7C:C3:9D
[15:04:13.539][D][KEYPAD:046]: 9B:06:02:00:00:6C:A1:9D
[15:04:13.554][D][DESK:061]: 9B:07:12:6D:40:00:A5:34:9D
[15:04:13.573][D][DESK:061]: 9B:04:11:7C:C3:9D
[15:04:13.581][D][KEYPAD:046]: 9B:06:02:00:00:6C:A1:9D
[15:04:13.603][D][DESK:061]: 9B:04:11:7C:C3:9D
[15:04:13.608][D][KEYPAD:046]: 9B:06:02:00:00:6C:A1:9D
[15:04:13.632][D][DESK:061]: 9B:07:12:6D:40:00:A5:34:9D
[15:04:13.632][D][DESK:061]: 9B:04:15:BF:C2:9D
[15:04:13.645][D][DESK:061]: 9B:04:11:7C:C3:9D
[15:04:13.652][D][KEYPAD:046]: 9B:06:02:00:00:6C:A1:9D
[15:04:13.673][D][DESK:061]: 9B:04:11:7C:C3:9D
[15:04:13.677][D][KEYPAD:046]: 9B:06:02:00:00:6C:A1:9D
[15:04:13.707][D][DESK:061]: 9B:07:12:6D:40:00:A5:34:9D
[15:04:13.711][D][DESK:061]: 9B:04:11:7C:C3:9D
[15:04:13.717][D][KEYPAD:046]: 9B:06:02:00:00:6C:A1:9D
[15:04:13.736][D][DESK:061]: 9B:04:11:7C:C3:9D
[15:04:13.743][D][KEYPAD:046]: 9B:06:02:00:00:6C:A1:9D
[15:04:13.759][D][DESK:061]: 9B:04:11:7C:C3:9D
[15:04:13.774][D][KEYPAD:046]: 9B:06:02:00:00:6C:A1:9D
[15:04:13.777][D][DESK:061]: 9B:07:12:6D:40:00:A5:34:9D
[15:04:13.793][D][DESK:061]: 9B:04:11:7C:C3:9D
[15:04:13.811][D][KEYPAD:046]: 9B:06:02:00:00:6C:A1:9D
[15:04:13.818][D][DESK:061]: 9B:04:11:7C:C3:9D
[15:04:13.836][D][KEYPAD:046]: 9B:06:02:00:00:6C:A1:9D
[15:04:13.848][D][DESK:061]: 9B:07:12:6D:40:00:A5:34:9D
[15:04:13.861][D][DESK:061]: 9B:04:11:7C:C3:9D
[15:04:13.872][D][KEYPAD:046]: 9B:06:02:00:00:6C:A1:9D
[15:04:13.886][D][DESK:061]: 9B:04:11:7C:C3:9D
[15:04:13.894][D][KEYPAD:046]: 9B:06:02:00:00:6C:A1:9D
[15:04:13.915][D][DESK:061]: 9B:07:12:6D:40:00:A5:34:9D
[15:04:13.939][D][DESK:061]: 9B:04:11:7C:C3:9D
[15:04:13.939][D][KEYPAD:046]: 9B:06:02:00:00:6C:A1:9D
[15:04:13.956][D][DESK:061]: 9B:04:11:7C:C3:9D
[15:04:13.978][D][KEYPAD:046]: 9B:06:02:00:00:6C:A1:9D
[15:04:13.982][D][DESK:061]: 9B:04:11:7C:C3:9D
[15:04:13.988][D][KEYPAD:046]: 9B:06:02:00:00:6C:A1:9D
[15:04:13.999][D][DESK:061]: 9B:07:12:6D:40:00:A5:34:9D
[15:04:14.014][D][DESK:061]: 9B:04:11:7C:C3:9D
[15:04:14.024][D][KEYPAD:046]: 9B:06:02:00:00:6C:A1:9D
[15:04:14.043][D][DESK:061]: 9B:04:11:7C:C3:9D
[15:04:14.049][D][KEYPAD:046]: 9B:06:02:00:00:6C:A1:9D
[15:04:14.068][D][DESK:061]: 9B:07:12:6D:40:00:A5:34:9D
[15:04:14.082][D][DESK:061]: 9B:04:11:7C:C3:9D
[15:04:14.092][D][KEYPAD:046]: 9B:06:02:00:00:6C:A1:9D
[15:04:14.115][D][DESK:061]: 9B:04:11:7C:C3:9D
[15:04:14.119][D][KEYPAD:046]: 9B:06:02:00:00:6C:A1:9D
[15:04:14.143][D][DESK:061]: 9B:04:15:BF:C2:9D
[15:04:14.144][D][DESK:061]: 9B:07:12:6D:40:00:A5:34:9D
[15:04:14.157][D][DESK:061]: 9B:04:11:7C:C3:9D
[15:04:14.176][D][KEYPAD:046]: 9B:06:02:00:00:6C:A1:9D
[15:04:14.186][D][DESK:061]: 9B:04:11:7C:C3:9D
[15:04:14.191][D][KEYPAD:046]: 9B:06:02:00:00:6C:A1:9D
[15:04:14.218][D][DESK:061]: 9B:04:11:7C:C3:9D
[15:04:14.224][D][KEYPAD:046]: 9B:06:02:00:00:6C:A1:9D
[15:04:14.230][D][DESK:061]: 9B:07:12:6D:40:00:A5:34:9D
[15:04:14.247][D][DESK:061]: 9B:04:11:7C:C3:9D
[15:04:14.254][D][KEYPAD:046]: 9B:06:02:00:00:6C:A1:9D
[15:04:14.267][D][DESK:061]: 9B:04:11:7C:C3:9D
[15:04:14.275][D][KEYPAD:046]: 9B:06:02:00:00:6C:A1:9D
[15:04:14.294][D][DESK:061]: 9B:04:11:7C:C3:9D
[15:04:14.322][D][KEYPAD:046]: 9B:06:02:00:00:6C:A1:9D
[15:04:14.322][D][DESK:061]: 9B:07:12:6D:40:00:A5:34:9D
[15:04:14.329][D][DESK:061]: 9B:04:11:7C:C3:9D
[15:04:14.332][D][KEYPAD:046]: 9B:06:02:00:00:6C:A1:9D
[15:04:14.354][D][DESK:061]: 9B:04:11:7C:C3:9D
[15:04:14.359][D][KEYPAD:046]: 9B:06:02:00:00:6C:A1:9D
[15:04:14.379][D][DESK:061]: 9B:07:12:6D:40:00:A5:34:9D
[15:04:14.396][D][DESK:061]: 9B:04:11:7C:C3:9D
[15:04:14.401][D][KEYPAD:046]: 9B:06:02:00:00:6C:A1:9D
[15:04:14.426][D][DESK:061]: 9B:04:11:7C:C3:9D
[15:04:14.458][D][KEYPAD:046]: 9B:06:02:00:00:6C:A1:9D
[15:04:14.458][D][DESK:061]: 9B:07:12:6D:40:00:A5:34:9D
[15:04:14.477][D][DESK:061]: 9B:04:11:7C:C3:9D
[15:04:14.477][D][KEYPAD:046]: 9B:06:02:00:00:6C:A1:9D
[15:04:14.489][D][DESK:061]: 9B:04:11:7C:C3:9D
[15:04:14.498][D][KEYPAD:046]: 9B:06:02:00:00:6C:A1:9D
[15:04:14.525][D][DESK:061]: 9B:07:12:6D:40:00:A5:34:9D
[15:04:14.532][D][DESK:061]: 9B:04:11:7C:C3:9D
[15:04:14.540][D][KEYPAD:046]: 9B:06:02:00:00:6C:A1:9D
[15:04:14.560][D][DESK:061]: 9B:04:11:7C:C3:9D
[15:04:14.578][D][KEYPAD:046]: 9B:06:02:00:00:6C:A1:9D
[15:04:14.584][D][DESK:061]: 9B:04:11:7C:C3:9D
[15:04:14.590][D][KEYPAD:046]: 9B:06:02:00:00:6C:A1:9D
[15:04:14.602][D][DESK:061]: 9B:07:12:6D:40:00:A5:34:9D
[15:04:14.628][D][DESK:061]: 9B:04:11:7C:C3:9D
[15:04:14.631][D][KEYPAD:046]: 9B:06:02:00:00:6C:A1:9D
[15:04:14.637][D][DESK:061]: 9B:04:15:BF:C2:9D
[15:04:14.656][D][DESK:061]: 9B:04:11:7C:C3:9D
[15:04:14.674][D][KEYPAD:046]: 9B:06:02:00:00:6C:A1:9D
[15:04:14.674][D][DESK:061]: 9B:07:12:6D:40:00:A5:34:9D
[15:04:14.685][D][DESK:061]: 9B:04:11:7C:C3:9D
[15:04:14.695][D][KEYPAD:046]: 9B:06:02:00:00:6C:A1:9D
[15:04:14.711][D][DESK:061]: 9B:04:11:7C:C3:9D
[15:04:14.730][D][KEYPAD:046]: 9B:06:02:00:00:6C:A1:9D
[15:04:14.740][D][DESK:061]: 9B:07:12:6D:40:00:A5:34:9D
[15:04:14.758][D][DESK:061]: 9B:04:11:7C:C3:9D
[15:04:14.782][D][KEYPAD:046]: 9B:06:02:00:00:6C:A1:9D
[15:04:14.787][D][DESK:061]: 9B:04:11:7C:C3:9D
[15:04:14.793][D][KEYPAD:046]: 9B:06:02:00:00:6C:A1:9D
[15:04:14.809][D][DESK:061]: 9B:07:12:6D:40:00:A5:34:9D
[15:04:14.832][D][DESK:061]: 9B:04:11:7C:C3:9D
[15:04:14.835][D][KEYPAD:046]: 9B:06:02:00:00:6C:A1:9D
[15:04:14.860][D][DESK:061]: 9B:04:11:7C:C3:9D
[15:04:14.861][D][KEYPAD:046]: 9B:06:02:00:00:6C:A1:9D
[15:04:14.880][D][DESK:061]: 9B:04:11:7C:C3:9D
[15:04:14.884][D][KEYPAD:046]: 9B:06:02:00:00:6C:A1:9D
[15:04:14.893][D][DESK:061]: 9B:07:12:07:ED:3F:39:28:9D
[15:04:14.907][D][DESK:061]: 9B:04:11:7C:C3:9D
[15:04:14.914][D][KEYPAD:046]: 9B:06:02:00:00:6C:A1:9D
[15:04:14.935][D][DESK:061]: 9B:04:11:7C:C3:9D
[15:04:14.941][D][KEYPAD:046]: 9B:06:02:00:00:6C:A1:9D
[15:04:14.963][D][DESK:061]: 9B:04:11:7C:C3:9D
[15:04:14.976][D][KEYPAD:046]: 9B:06:02:00:00:6C:A1:9D
[15:04:14.982][D][DESK:061]: 9B:07:12:07:ED:3F:39:28:9D
[15:04:14.992][D][DESK:061]: 9B:04:11:7C:C3:9D
[15:04:14.999][D][KEYPAD:046]: 9B:06:02:00:00:6C:A1:9D
[15:04:15.022][D][DESK:061]: 9B:04:11:7C:C3:9D
[15:04:15.025][D][KEYPAD:046]: 9B:06:02:00:00:6C:A1:9D
[15:04:15.044][D][DESK:061]: 9B:07:12:07:ED:3F:39:28:9D
[15:04:15.051][D][DESK:061]: 9B:04:11:7C:C3:9D
[15:04:15.065][D][KEYPAD:046]: 9B:06:02:00:00:6C:A1:9D
[15:04:15.087][D][DESK:061]: 9B:04:11:7C:C3:9D
[15:04:15.092][D][KEYPAD:046]: 9B:06:02:00:00:6C:A1:9D
[15:04:15.095][D][DESK:061]: 9B:07:12:07:ED:3F:39:28:9D
[15:04:15.110][D][DESK:061]: 9B:04:11:7C:C3:9D
[15:04:15.116][D][KEYPAD:046]: 9B:06:02:00:00:6C:A1:9D
[15:04:15.139][D][DESK:061]: 9B:04:11:7C:C3:9D
[15:04:15.142][D][KEYPAD:046]: 9B:06:02:00:00:6C:A1:9D
[15:04:15.150][D][DESK:061]: 9B:04:15:BF:C2:9D
[15:04:15.168][D][DESK:061]: 9B:07:12:07:ED:3F:39:28:9D
[15:04:15.181][D][DESK:061]: 9B:04:11:7C:C3:9D
[15:04:15.186][D][KEYPAD:046]: 9B:06:02:00:00:6C:A1:9D
[15:04:15.204][D][DESK:061]: 9B:04:11:7C:C3:9D
[15:04:15.213][D][KEYPAD:046]: 9B:06:02:00:00:6C:A1:9D
[15:04:15.230][D][DESK:061]: 9B:04:11:7C:C3:9D
[15:04:15.244][D][KEYPAD:046]: 9B:06:02:00:00:6C:A1:9D
[15:04:15.249][D][DESK:061]: 9B:07:12:07:ED:3F:39:28:9D
[15:04:15.270][D][DESK:061]: 9B:04:11:7C:C3:9D
[15:04:15.276][D][KEYPAD:046]: 9B:06:02:00:00:6C:A1:9D
[15:04:15.291][D][DESK:061]: 9B:04:11:7C:C3:9D
[15:04:15.295][D][KEYPAD:046]: 9B:06:02:00:00:6C:A1:9D
[15:04:15.315][D][DESK:061]: 9B:07:12:07:ED:3F:39:28:9D
[15:04:15.344][D][DESK:061]: 9B:04:11:7C:C3:9D
[15:04:15.344][D][KEYPAD:046]: 9B:06:02:00:00:6C:A1:9D
[15:04:15.356][D][DESK:061]: 9B:04:11:7C:C3:9D
[15:04:15.382][D][KEYPAD:046]: 9B:06:02:00:00:6C:A1:9D
[15:04:15.390][D][DESK:061]: 9B:07:12:07:ED:3F:39:28:9D
[15:04:15.400][D][DESK:061]: 9B:04:11:7C:C3:9D
[15:04:15.410][D][KEYPAD:046]: 9B:06:02:00:00:6C:A1:9D
[15:04:15.424][D][DESK:061]: 9B:04:11:7C:C3:9D
[15:04:15.432][D][KEYPAD:046]: 9B:06:02:00:00:6C:A1:9D
[15:04:15.450][D][DESK:061]: 9B:04:11:7C:C3:9D
[15:04:15.455][D][KEYPAD:046]: 9B:06:02:00:00:6C:A1:9D
[15:04:15.475][D][DESK:061]: 9B:07:12:07:ED:3F:39:28:9D
[15:04:15.483][D][DESK:061]: 9B:04:11:7C:C3:9D
[15:04:15.488][D][KEYPAD:046]: 9B:06:02:00:00:6C:A1:9D
[15:04:15.509][D][DESK:061]: 9B:04:11:7C:C3:9D
[15:04:15.519][D][KEYPAD:046]: 9B:06:02:00:00:6C:A1:9D
[15:04:15.534][D][DESK:061]: 9B:07:12:07:ED:3F:39:28:9D
[15:04:15.550][D][DESK:061]: 9B:04:11:7C:C3:9D
[15:04:15.557][D][KEYPAD:046]: 9B:06:02:00:00:6C:A1:9D
[15:04:15.586][D][DESK:061]: 9B:04:11:7C:C3:9D
[15:04:15.586][D][KEYPAD:046]: 9B:06:02:00:00:6C:A1:9D
[15:04:15.608][D][DESK:061]: 9B:04:11:7C:C3:9D
[15:04:15.614][D][KEYPAD:046]: 9B:06:02:00:00:6C:A1:9D
[15:04:15.619][D][DESK:061]: 9B:07:12:07:ED:3F:39:28:9D
[15:04:15.635][D][DESK:061]: 9B:04:11:7C:C3:9D
[15:04:15.651][D][KEYPAD:046]: 9B:06:02:00:00:6C:A1:9D
[15:04:15.656][D][DESK:061]: 9B:04:15:BF:C2:9D
[15:04:15.687][D][DESK:061]: 9B:04:11:7C:C3:9D
[15:04:15.687][D][KEYPAD:046]: 9B:06:02:00:00:6C:A1:9D
[15:04:15.689][D][DESK:061]: 9B:07:12:07:ED:3F:39:28:9D
[15:04:15.702][D][DESK:061]: 9B:04:11:7C:C3:9D
[15:04:15.711][D][KEYPAD:046]: 9B:06:02:00:00:6C:A1:9D
[15:04:15.729][D][DESK:061]: 9B:04:11:7C:C3:9D
[15:04:15.735][D][KEYPAD:046]: 9B:06:02:00:00:6C:A1:9D
[15:04:15.754][D][DESK:061]: 9B:07:12:07:ED:3F:39:28:9D
[15:04:15.765][D][DESK:061]: 9B:04:11:7C:C3:9D
[15:04:15.787][D][KEYPAD:046]: 9B:06:02:00:00:6C:A1:9D
[15:04:15.791][D][DESK:061]: 9B:04:11:7C:C3:9D
[15:04:15.799][D][KEYPAD:046]: 9B:06:02:00:00:6C:A1:9D
[15:04:15.821][D][DESK:061]: 9B:07:12:07:ED:3F:39:28:9D
[15:04:15.835][D][DESK:061]: 9B:04:11:7C:C3:9D
[15:04:15.858][D][KEYPAD:046]: 9B:06:02:00:00:6C:A1:9D
[15:04:15.906][D][DESK:061]: 9B:07:12:07:ED:3F:39:28:9D
[15:04:15.906][D][DESK:061]: 9B:04:11:7C:C3:9D
[15:04:15.906][D][KEYPAD:046]: 9B:06:02:00:00:6C:A1:9D
[15:04:15.906][D][DESK:061]: 9B:04:11:7C:C3:9D
[15:04:15.937][D][KEYPAD:046]: 9B:06:02:00:00:6C:A1:9D
[15:04:15.937][D][DESK:061]: 9B:07:12:07:ED:3F:39:28:9D
[15:04:15.968][D][DESK:061]: 9B:04:11:7C:C3:9D
[15:04:15.968][D][KEYPAD:046]: 9B:06:02:00:00:6C:A1:9D
[15:04:15.987][D][DESK:061]: 9B:04:11:7C:C3:9D
[15:04:15.996][D][KEYPAD:046]: 9B:06:02:00:00:6C:A1:9D
[15:04:16.000][D][DESK:061]: 9B:04:11:7C:C3:9D
[15:04:16.004][D][KEYPAD:046]: 9B:06:02:00:00:6C:A1:9D
[15:04:16.016][D][DESK:061]: 9B:07:12:07:ED:3F:39:28:9D
[15:04:16.031][D][DESK:061]: 9B:04:11:7C:C3:9D
[15:04:16.037][D][KEYPAD:046]: 9B:06:02:00:00:6C:A1:9D
[15:04:16.061][D][DESK:061]: 9B:04:11:7C:C3:9D
[15:04:16.074][D][KEYPAD:046]: 9B:06:02:00:00:6C:A1:9D
[15:04:16.089][D][DESK:061]: 9B:07:12:07:ED:3F:39:28:9D
[15:04:16.099][D][DESK:061]: 9B:04:11:7C:C3:9D
[15:04:16.107][D][KEYPAD:046]: 9B:06:02:00:00:6C:A1:9D
[15:04:16.124][D][DESK:061]: 9B:04:11:7C:C3:9D
[15:04:16.131][D][KEYPAD:046]: 9B:06:02:00:00:6C:A1:9D
[15:04:16.165][D][DESK:061]: 9B:07:12:07:ED:3F:39:28:9D
[15:04:16.165][D][DESK:061]: 9B:04:15:BF:C2:9D
[15:04:16.176][D][DESK:061]: 9B:04:11:7C:C3:9D
[15:04:16.192][D][KEYPAD:046]: 9B:06:02:00:00:6C:A1:9D
[15:04:16.195][D][DESK:061]: 9B:07:12:07:ED:3F:39:28:9D
[15:04:16.207][D][DESK:061]: 9B:04:11:7C:C3:9D
[15:04:16.213][D][KEYPAD:046]: 9B:06:02:00:00:6C:A1:9D
[15:04:16.232][D][DESK:061]: 9B:04:11:7C:C3:9D
[15:04:16.241][D][KEYPAD:046]: 9B:06:02:00:00:6C:A1:9D
[15:04:16.267][D][DESK:061]: 9B:04:11:7C:C3:9D
[15:04:16.278][D][KEYPAD:046]: 9B:06:02:00:00:6C:A1:9D
[15:04:16.297][D][DESK:061]: 9B:07:12:07:ED:3F:39:28:9D
[15:04:16.297][D][DESK:061]: 9B:04:11:7C:C3:9D
[15:04:16.297][D][KEYPAD:046]: 9B:06:02:00:00:6C:A1:9D
[15:04:16.316][D][DESK:061]: 9B:04:11:7C:C3:9D
[15:04:16.323][D][KEYPAD:046]: 9B:06:02:00:00:6C:A1:9D
[15:04:16.334][D][DESK:061]: 9B:07:12:07:ED:3F:39:28:9D
[15:04:16.352][D][DESK:061]: 9B:04:11:7C:C3:9D
[15:04:16.368][D][KEYPAD:046]: 9B:06:02:00:00:6C:A1:9D
[15:04:16.376][D][DESK:061]: 9B:04:11:7C:C3:9D
[15:04:16.382][D][KEYPAD:046]: 9B:06:02:00:00:6C:A1:9D
[15:04:16.405][D][DESK:061]: 9B:07:12:07:ED:3F:39:28:9D
[15:04:16.419][D][DESK:061]: 9B:04:11:7C:C3:9D
[15:04:16.427][D][KEYPAD:046]: 9B:06:02:00:00:6C:A1:9D
[15:04:16.442][D][DESK:061]: 9B:07:12:07:ED:3F:39:28:9D
[15:04:16.458][D][DESK:061]: 9B:04:11:7C:C3:9D
[15:04:16.480][D][KEYPAD:046]: 9B:06:02:00:00:6C:A1:9D
[15:04:16.503][D][DESK:061]: 9B:04:11:7C:C3:9D
[15:04:16.503][D][KEYPAD:046]: 9B:06:02:00:00:6C:A1:9D
[15:04:16.511][D][DESK:061]: 9B:07:12:07:ED:3F:39:28:9D
[15:04:16.525][D][DESK:061]: 9B:04:11:7C:C3:9D
[15:04:16.533][D][KEYPAD:046]: 9B:06:02:00:00:6C:A1:9D
[15:04:16.549][D][DESK:061]: 9B:07:12:07:ED:3F:39:28:9D
[15:04:16.573][D][DESK:061]: 9B:04:11:7C:C3:9D
[15:04:16.576][D][KEYPAD:046]: 9B:06:02:00:00:6C:A1:9D
[15:04:16.601][D][DESK:061]: 9B:04:11:7C:C3:9D
[15:04:16.605][D][KEYPAD:046]: 9B:06:02:00:00:6C:A1:9D
[15:04:16.616][D][DESK:061]: 9B:04:11:7C:C3:9D
[15:04:16.623][D][KEYPAD:046]: 9B:06:02:00:00:6C:A1:9D
[15:04:16.637][D][DESK:061]: 9B:07:12:07:ED:3F:39:28:9D
[15:04:16.651][D][DESK:061]: 9B:04:11:7C:C3:9D
[15:04:16.655][D][KEYPAD:046]: 9B:06:02:00:00:6C:A1:9D
[15:04:16.680][D][DESK:061]: 9B:04:15:BF:C2:9D
[15:04:16.687][D][DESK:061]: 9B:04:11:7C:C3:9D
[15:04:16.687][D][KEYPAD:046]: 9B:06:02:00:00:6C:A1:9D
[15:04:16.707][D][DESK:061]: 9B:07:12:07:ED:3F:39:28:9D
[15:04:16.717][D][DESK:061]: 9B:04:11:7C:C3:9D
[15:04:16.724][D][KEYPAD:046]: 9B:06:02:00:00:6C:A1:9D
[15:04:16.746][D][DESK:061]: 9B:04:11:7C:C3:9D
[15:04:16.752][D][KEYPAD:046]: 9B:06:02:00:00:6C:A1:9D
[15:04:16.762][D][DESK:061]: 9B:07:12:07:ED:3F:39:28:9D
[15:04:16.784][D][DESK:061]: 9B:04:11:7C:C3:9D
[15:04:16.789][D][KEYPAD:046]: 9B:06:02:00:00:6C:A1:9D
[15:04:16.808][D][DESK:061]: 9B:04:11:7C:C3:9D
[15:04:16.813][D][KEYPAD:046]: 9B:06:02:00:00:6C:A1:9D
[15:04:16.831][D][DESK:061]: 9B:07:12:07:ED:3F:39:28:9D
[15:04:16.846][D][DESK:061]: 9B:04:11:7C:C3:9D
[15:04:16.853][D][KEYPAD:046]: 9B:06:02:00:00:6C:A1:9D
[15:04:16.880][D][DESK:061]: 9B:07:12:07:ED:3F:39:28:9D
[15:04:16.885][D][DESK:061]: 9B:04:11:7C:C3:9D
[15:04:16.893][D][KEYPAD:046]: 9B:06:02:00:00:6C:A1:9D
[15:04:16.911][D][DESK:061]: 9B:04:11:7C:C3:9D
[15:04:16.918][D][KEYPAD:046]: 9B:06:02:00:00:6C:A1:9D
[15:04:16.936][D][DESK:061]: 9B:04:11:7C:C3:9D
[15:04:16.943][D][KEYPAD:046]: 9B:06:02:00:00:6C:A1:9D
[15:04:16.954][D][DESK:061]: 9B:07:12:07:ED:3F:39:28:9D
[15:04:16.983][D][DESK:061]: 9B:04:11:7C:C3:9D
[15:04:16.989][D][KEYPAD:046]: 9B:06:02:00:00:6C:A1:9D
[15:04:17.018][D][DESK:061]: 9B:04:11:7C:C3:9D
[15:04:17.022][D][KEYPAD:046]: 9B:06:02:00:00:6C:A1:9D
[15:04:17.029][D][DESK:061]: 9B:04:11:7C:C3:9D
[15:04:17.029][D][KEYPAD:046]: 9B:06:02:00:00:6C:A1:9D
[15:04:17.037][D][DESK:061]: 9B:07:12:07:ED:3F:39:28:9D
[15:04:17.071][D][DESK:061]: 9B:04:11:7C:C3:9D
[15:04:17.117][D][KEYPAD:046]: 9B:06:02:00:00:6C:A1:9D
[15:04:17.118][D][DESK:061]: 9B:07:12:07:ED:3F:39:28:9D
[15:04:17.118][D][DESK:061]: 9B:04:11:7C:C3:9D
[15:04:17.172][D][KEYPAD:046]: 9B:06:02:00:00:6C:A1:9D
[15:04:17.172][D][DESK:061]: 9B:04:11:7C:C3:9D
[15:04:17.172][D][KEYPAD:046]: 9B:06:02:00:00:6C:A1:9D
[15:04:17.172][D][DESK:061]: 9B:07:12:07:ED:3F:39:28:9D
[15:04:17.172][D][DESK:061]: 9B:04:11:7C:C3:9D
[15:04:17.187][D][KEYPAD:046]: 9B:06:02:00:00:6C:A1:9D
[15:04:17.197][D][DESK:061]: 9B:04:15:BF:C2:9D
[15:04:17.197][D][DESK:061]: 9B:07:12:07:ED:3F:39:28:9D
[15:04:17.203][D][DESK:061]: 9B:04:11:7C:C3:9D
[15:04:17.220][D][KEYPAD:046]: 9B:06:02:00:00:6C:A1:9D
[15:04:17.229][D][DESK:061]: 9B:04:11:7C:C3:9D
[15:04:17.234][D][KEYPAD:046]: 9B:06:02:00:00:6C:A1:9D
[15:04:17.256][D][DESK:061]: 9B:07:12:07:ED:3F:39:28:9D
[15:04:17.275][D][DESK:061]: 9B:04:11:7C:C3:9D
[15:04:17.290][D][KEYPAD:046]: 9B:06:02:00:00:6C:A1:9D
[15:04:17.297][D][DESK:061]: 9B:07:12:07:ED:3F:39:28:9D
[15:04:17.318][D][DESK:061]: 9B:04:11:7C:C3:9D
[15:04:17.323][D][KEYPAD:046]: 9B:06:02:00:00:6C:A1:9D
[15:04:17.337][D][DESK:061]: 9B:04:11:7C:C3:9D
[15:04:17.344][D][KEYPAD:046]: 9B:06:02:00:00:6C:A1:9D
[15:04:17.361][D][DESK:061]: 9B:04:11:7C:C3:9D
[15:04:17.380][D][KEYPAD:046]: 9B:06:02:00:00:6C:A1:9D
[15:04:17.380][D][DESK:061]: 9B:07:12:07:ED:3F:39:28:9D
[15:04:17.398][D][DESK:061]: 9B:04:11:7C:C3:9D
[15:04:17.403][D][KEYPAD:046]: 9B:06:02:00:00:6C:A1:9D
[15:04:17.420][D][DESK:061]: 9B:04:11:7C:C3:9D
[15:04:17.435][D][KEYPAD:046]: 9B:06:02:00:00:6C:A1:9D
[15:04:17.445][D][DESK:061]: 9B:04:11:7C:C3:9D
[15:04:17.451][D][KEYPAD:046]: 9B:06:02:00:00:6C:A1:9D
[15:04:17.465][D][DESK:061]: 9B:07:12:07:ED:3F:39:28:9D
[15:04:17.480][D][DESK:061]: 9B:04:11:7C:C3:9D
[15:04:17.499][D][KEYPAD:046]: 9B:06:02:00:00:6C:A1:9D
[15:04:17.505][D][DESK:061]: 9B:07:12:07:ED:3F:39:28:9D
[15:04:17.524][D][DESK:061]: 9B:04:11:7C:C3:9D
[15:04:17.529][D][KEYPAD:046]: 9B:06:02:00:00:6C:A1:9D
[15:04:17.548][D][DESK:061]: 9B:04:11:7C:C3:9D
[15:04:17.551][D][KEYPAD:046]: 9B:06:02:00:00:6C:A1:9D
[15:04:17.576][D][DESK:061]: 9B:07:12:07:ED:3F:39:28:9D
[15:04:17.597][D][DESK:061]: 9B:04:11:7C:C3:9D
[15:04:17.604][D][KEYPAD:046]: 9B:06:02:00:00:6C:A1:9D
[15:04:17.612][D][DESK:061]: 9B:07:12:07:ED:3F:39:28:9D
[15:04:17.630][D][DESK:061]: 9B:04:11:7C:C3:9D
[15:04:17.635][D][KEYPAD:046]: 9B:06:02:00:00:6C:A1:9D
[15:04:17.652][D][DESK:061]: 9B:04:11:7C:C3:9D
[15:04:17.662][D][KEYPAD:046]: 9B:06:02:00:00:6C:A1:9D
[15:04:17.679][D][DESK:061]: 9B:04:11:7C:C3:9D
[15:04:17.685][D][KEYPAD:046]: 9B:06:02:00:00:6C:A1:9D
[15:04:17.702][D][DESK:061]: 9B:07:12:07:ED:3F:39:28:9D
[15:04:17.710][D][DESK:061]: 9B:04:15:BF:C2:9D
[15:04:17.727][D][DESK:061]: 9B:04:11:7C:C3:9D
[15:04:17.731][D][KEYPAD:046]: 9B:06:02:00:00:6C:A1:9D
[15:04:17.747][D][DESK:061]: 9B:04:11:7C:C3:9D
[15:04:17.751][D][KEYPAD:046]: 9B:06:02:00:00:6C:A1:9D
[15:04:17.767][D][DESK:061]: 9B:07:12:07:ED:3F:39:28:9D
[15:04:17.782][D][DESK:061]: 9B:04:11:7C:C3:9D
[15:04:17.787][D][KEYPAD:046]: 9B:06:02:00:00:6C:A1:9D
[15:04:17.807][D][DESK:061]: 9B:04:11:7C:C3:9D
[15:04:17.814][D][KEYPAD:046]: 9B:06:02:00:00:6C:A1:9D
[15:04:17.830][D][DESK:061]: 9B:07:12:07:ED:3F:39:28:9D
[15:04:17.841][D][DESK:061]: 9B:04:11:7C:C3:9D
[15:04:17.844][D][KEYPAD:046]: 9B:06:02:00:00:6C:A1:9D
[15:04:17.864][D][DESK:061]: 9B:04:11:7C:C3:9D
[15:04:17.878][D][KEYPAD:046]: 9B:06:02:00:00:6C:A1:9D
[15:04:17.889][D][DESK:061]: 9B:04:11:7C:C3:9D
[15:04:17.905][D][KEYPAD:046]: 9B:06:02:00:00:6C:A1:9D
[15:04:17.909][D][DESK:061]: 9B:07:12:07:ED:3F:39:28:9D
[15:04:17.933][D][DESK:061]: 9B:04:11:7C:C3:9D
[15:04:17.936][D][KEYPAD:046]: 9B:06:02:00:00:6C:A1:9D
[15:04:17.950][D][DESK:061]: 9B:04:11:7C:C3:9D
[15:04:17.955][D][KEYPAD:046]: 9B:06:02:00:00:6C:A1:9D
[15:04:17.977][D][DESK:061]: 9B:07:12:07:ED:3F:39:28:9D
[15:04:17.990][D][DESK:061]: 9B:04:11:7C:C3:9D
[15:04:18.007][D][KEYPAD:046]: 9B:06:02:00:00:6C:A1:9D
[15:04:18.016][D][DESK:061]: 9B:04:11:7C:C3:9D
[15:04:18.039][D][KEYPAD:046]: 9B:06:02:00:00:6C:A1:9D
[15:04:18.043][D][DESK:061]: 9B:07:12:07:ED:3F:39:28:9D
[15:04:18.050][D][DESK:061]: 9B:04:11:7C:C3:9D
[15:04:18.063][D][KEYPAD:046]: 9B:06:02:00:00:6C:A1:9D
[15:04:18.078][D][DESK:061]: 9B:04:11:7C:C3:9D
[15:04:18.083][D][KEYPAD:046]: 9B:06:02:00:00:6C:A1:9D
[15:04:18.110][D][DESK:061]: 9B:04:11:7C:C3:9D
[15:04:18.119][D][KEYPAD:046]: 9B:06:02:00:00:6C:A1:9D
[15:04:18.123][D][DESK:061]: 9B:07:12:07:ED:3F:39:28:9D
[15:04:18.137][D][DESK:061]: 9B:04:11:7C:C3:9D
[15:04:18.150][D][KEYPAD:046]: 9B:06:02:00:00:6C:A1:9D
[15:04:18.161][D][DESK:061]: 9B:04:11:7C:C3:9D
[15:04:18.181][D][KEYPAD:046]: 9B:06:02:00:00:6C:A1:9D
[15:04:18.185][D][DESK:061]: 9B:04:11:7C:C3:9D
[15:04:18.192][D][KEYPAD:046]: 9B:06:02:00:00:6C:A1:9D
[15:04:18.217][D][DESK:061]: 9B:07:12:07:ED:3F:39:28:9D
[15:04:18.219][D][DESK:061]: 9B:04:15:BF:C2:9D
[15:04:18.226][D][DESK:061]: 9B:04:11:7C:C3:9D
[15:04:18.240][D][KEYPAD:046]: 9B:06:02:00:00:6C:A1:9D
[15:04:18.248][D][DESK:061]: 9B:07:12:07:ED:3F:39:28:9D
[15:04:18.263][D][DESK:061]: 9B:04:11:7C:C3:9D
[15:04:18.276][D][KEYPAD:046]: 9B:06:02:00:00:6C:A1:9D
[15:04:18.286][D][DESK:061]: 9B:04:11:7C:C3:9D
[15:04:18.293][D][KEYPAD:046]: 9B:06:02:00:00:6C:A1:9D
[15:04:18.316][D][DESK:061]: 9B:07:12:07:ED:3F:39:28:9D
[15:04:18.342][D][DESK:061]: 9B:04:11:7C:C3:9D
[15:04:18.346][D][KEYPAD:046]: 9B:06:02:00:00:6C:A1:9D
[15:04:18.354][D][DESK:061]: 9B:07:12:07:ED:3F:39:28:9D
[15:04:18.369][D][DESK:061]: 9B:04:11:7C:C3:9D
[15:04:18.377][D][KEYPAD:046]: 9B:06:02:00:00:6C:A1:9D
[15:04:18.394][D][DESK:061]: 9B:04:11:7C:C3:9D
[15:04:18.401][D][KEYPAD:046]: 9B:06:02:00:00:6C:A1:9D
[15:04:18.431][D][DESK:061]: 9B:04:11:7C:C3:9D
[15:04:18.446][D][KEYPAD:046]: 9B:06:02:00:00:6C:A1:9D
[15:04:18.447][D][DESK:061]: 9B:07:12:07:ED:3F:39:28:9D
[15:04:18.455][D][DESK:061]: 9B:04:11:7C:C3:9D
[15:04:18.483][D][KEYPAD:046]: 9B:06:02:00:00:6C:A1:9D
[15:04:18.484][D][DESK:061]: 9B:04:11:7C:C3:9D
[15:04:18.484][D][KEYPAD:046]: 9B:06:02:00:00:6C:A1:9D
[15:04:18.506][D][DESK:061]: 9B:07:12:07:ED:3F:39:28:9D
[15:04:18.526][D][DESK:061]: 9B:04:11:7C:C3:9D
[15:04:18.550][D][KEYPAD:046]: 9B:06:02:00:00:6C:A1:9D
[15:04:18.551][D][DESK:061]: 9B:04:11:7C:C3:9D
[15:04:18.556][D][KEYPAD:046]: 9B:06:02:00:00:6C:A1:9D
[15:04:18.566][D][DESK:061]: 9B:07:12:07:ED:3F:39:28:9D
[15:04:18.580][D][DESK:061]: 9B:04:11:7C:C3:9D
[15:04:18.586][D][KEYPAD:046]: 9B:06:02:00:00:6C:A1:9D
[15:04:18.606][D][DESK:061]: 9B:04:11:7C:C3:9D
[15:04:18.622][D][KEYPAD:046]: 9B:06:02:00:00:6C:A1:9D
[15:04:18.631][D][DESK:061]: 9B:04:11:7C:C3:9D
[15:04:18.649][D][KEYPAD:046]: 9B:06:02:00:00:6C:A1:9D
[15:04:18.654][D][DESK:061]: 9B:07:12:07:ED:3F:39:28:9D
[15:04:18.665][D][DESK:061]: 9B:04:11:7C:C3:9D
[15:04:18.677][D][KEYPAD:046]: 9B:06:02:00:00:6C:A1:9D
[15:04:18.689][D][DESK:061]: 9B:04:11:7C:C3:9D
[15:04:18.696][D][KEYPAD:046]: 9B:06:02:00:00:6C:A1:9D
[15:04:18.725][D][DESK:061]: 9B:04:15:BF:C2:9D
[15:04:18.730][D][DESK:061]: 9B:07:12:07:ED:3F:39:28:9D
[15:04:18.736][D][DESK:061]: 9B:04:11:7C:C3:9D
[15:04:18.754][D][KEYPAD:046]: 9B:06:02:00:00:6C:A1:9D
[15:04:18.763][D][DESK:061]: 9B:04:11:7C:C3:9D
[15:04:18.905][D][KEYPAD:046]: 9B:06:02:00:00:6C:A1:9D
[15:04:18.905][D][DESK:061]: 9B:07:12:07:ED:3F:39:28:9D
[15:04:18.905][D][DESK:061]: 9B:04:11:7C:C3:9D
[15:04:18.905][D][KEYPAD:046]: 9B:06:02:00:00:6C:A1:9D
[15:04:18.905][D][DESK:061]: 9B:04:11:7C:C3:9D
[15:04:18.905][D][KEYPAD:046]: 9B:06:02:00:00:6C:A1:9D
[15:04:18.906][D][DESK:061]: 9B:07:12:07:ED:3F:39:28:9D
[15:04:18.906][D][DESK:061]: 9B:04:11:7C:C3:9D
[15:04:18.906][D][KEYPAD:046]: 9B:06:02:00:00:6C:A1:9D
[15:04:18.906][D][DESK:061]: 9B:04:11:7C:C3:9D
[15:04:18.913][D][KEYPAD:046]: 9B:06:02:00:00:6C:A1:9D
[15:04:18.928][D][DESK:061]: 9B:07:12:07:ED:3F:39:28:9D
[15:04:18.934][D][DESK:061]: 9B:04:11:7C:C3:9D
[15:04:18.939][D][KEYPAD:046]: 9B:06:02:00:00:6C:A1:9D
[15:04:18.960][D][DESK:061]: 9B:04:11:7C:C3:9D
[15:04:18.978][D][KEYPAD:046]: 9B:06:02:00:00:6C:A1:9D
[15:04:18.983][D][DESK:061]: 9B:04:11:7C:C3:9D
[15:04:18.990][D][KEYPAD:046]: 9B:06:02:00:00:6C:A1:9D
[15:04:19.001][D][DESK:061]: 9B:07:12:07:ED:3F:39:28:9D
[15:04:19.015][D][DESK:061]: 9B:04:11:7C:C3:9D
[15:04:19.031][D][KEYPAD:046]: 9B:06:02:00:00:6C:A1:9D
[15:04:19.042][D][DESK:061]: 9B:04:11:7C:C3:9D
[15:04:19.059][D][KEYPAD:046]: 9B:06:02:00:00:6C:A1:9D
[15:04:19.077][D][DESK:061]: 9B:07:12:07:ED:3F:39:28:9D
[15:04:19.084][D][DESK:061]: 9B:04:11:7C:C3:9D
[15:04:19.094][D][KEYPAD:046]: 9B:06:02:00:00:6C:A1:9D
[15:04:19.112][D][DESK:061]: 9B:04:11:7C:C3:9D
[15:04:19.118][D][KEYPAD:046]: 9B:06:02:00:00:6C:A1:9D
[15:04:19.135][D][DESK:061]: 9B:04:11:7C:C3:9D
[15:04:19.145][D][KEYPAD:046]: 9B:06:02:00:00:6C:A1:9D
[15:04:19.163][D][DESK:061]: 9B:07:12:07:ED:3F:39:28:9D
[15:04:19.181][D][DESK:061]: 9B:04:11:7C:C3:9D
[15:04:19.181][D][KEYPAD:046]: 9B:06:02:00:00:6C:A1:9D
[15:04:19.196][D][DESK:061]: 9B:04:11:7C:C3:9D
[15:04:19.201][D][KEYPAD:046]: 9B:06:02:00:00:6C:A1:9D
[15:04:19.223][D][DESK:061]: 9B:07:12:07:ED:3F:39:28:9D
[15:04:19.236][D][DESK:061]: 9B:04:15:BF:C2:9D
[15:04:19.236][D][DESK:061]: 9B:04:11:7C:C3:9D
[15:04:19.244][D][KEYPAD:046]: 9B:06:02:00:00:6C:A1:9D
[15:04:19.264][D][DESK:061]: 9B:04:11:7C:C3:9D
[15:04:19.280][D][KEYPAD:046]: 9B:06:02:00:00:6C:A1:9D
[15:04:19.281][D][DESK:061]: 9B:07:12:07:ED:3F:39:28:9D
[15:04:19.295][D][DESK:061]: 9B:04:11:7C:C3:9D
[15:04:19.302][D][KEYPAD:046]: 9B:06:02:00:00:6C:A1:9D
[15:04:19.319][D][DESK:061]: 9B:07:12:07:ED:3F:39:28:9D
[15:04:19.338][D][DESK:061]: 9B:04:11:7C:C3:9D
[15:04:19.345][D][KEYPAD:046]: 9B:06:02:00:00:6C:A1:9D
[15:04:19.366][D][DESK:061]: 9B:04:11:7C:C3:9D
[15:04:19.379][D][KEYPAD:046]: 9B:06:02:00:00:6C:A1:9D
[15:04:19.385][D][DESK:061]: 9B:04:11:7C:C3:9D
[15:04:19.392][D][KEYPAD:046]: 9B:06:02:00:00:6C:A1:9D
[15:04:19.404][D][DESK:061]: 9B:07:12:07:ED:3F:39:28:9D
[15:04:19.421][D][DESK:061]: 9B:04:11:7C:C3:9D
[15:04:19.425][D][KEYPAD:046]: 9B:06:02:00:00:6C:A1:9D
[15:04:19.448][D][DESK:061]: 9B:04:11:7C:C3:9D
[15:04:19.453][D][KEYPAD:046]: 9B:06:02:00:00:6C:A1:9D
[15:04:19.475][D][DESK:061]: 9B:04:11:7C:C3:9D
[15:04:19.475][D][KEYPAD:046]: 9B:06:02:00:00:6C:A1:9D
[15:04:19.489][D][DESK:061]: 9B:07:12:07:ED:3F:39:28:9D
[15:04:19.503][D][DESK:061]: 9B:04:11:7C:C3:9D
[15:04:19.510][D][KEYPAD:046]: 9B:06:02:00:00:6C:A1:9D
[15:04:19.529][D][DESK:061]: 9B:07:12:07:ED:3F:39:28:9D
[15:04:19.545][D][DESK:061]: 9B:04:11:7C:C3:9D
[15:04:19.550][D][KEYPAD:046]: 9B:06:02:00:00:6C:A1:9D
[15:04:19.571][D][DESK:061]: 9B:04:11:7C:C3:9D
[15:04:19.576][D][KEYPAD:046]: 9B:06:02:00:00:6C:A1:9D
[15:04:19.600][D][DESK:061]: 9B:07:12:07:ED:3F:39:28:9D
[15:04:19.615][D][DESK:061]: 9B:04:11:7C:C3:9D
[15:04:19.624][D][KEYPAD:046]: 9B:06:02:00:00:6C:A1:9D
[15:04:19.645][D][DESK:061]: 9B:07:12:07:ED:3F:39:28:9D
[15:04:19.653][D][DESK:061]: 9B:04:11:7C:C3:9D
[15:04:19.659][D][KEYPAD:046]: 9B:06:02:00:00:6C:A1:9D
[15:04:19.682][D][DESK:061]: 9B:04:11:7C:C3:9D
[15:04:19.685][D][KEYPAD:046]: 9B:06:02:00:00:6C:A1:9D
[15:04:19.707][D][DESK:061]: 9B:07:12:07:ED:3F:39:28:9D
[15:04:19.720][D][DESK:061]: 9B:04:11:7C:C3:9D
[15:04:19.727][D][KEYPAD:046]: 9B:06:02:00:00:6C:A1:9D
[15:04:19.749][D][DESK:061]: 9B:04:15:BF:C2:9D
[15:04:19.752][D][DESK:061]: 9B:07:12:07:ED:3F:39:28:9D
[15:04:19.762][D][DESK:061]: 9B:04:11:7C:C3:9D
[15:04:19.780][D][KEYPAD:046]: 9B:06:02:00:00:6C:A1:9D
[15:04:19.785][D][DESK:061]: 9B:04:11:7C:C3:9D
[15:04:19.795][D][KEYPAD:046]: 9B:06:02:00:00:6C:A1:9D
[15:04:19.810][D][DESK:061]: 9B:04:11:7C:C3:9D
[15:04:19.817][D][KEYPAD:046]: 9B:06:02:00:00:6C:A1:9D
[15:04:19.829][D][DESK:061]: 9B:07:12:07:ED:3F:39:28:9D
[15:04:19.850][D][DESK:061]: 9B:04:11:7C:C3:9D
[15:04:19.855][D][KEYPAD:046]: 9B:06:02:00:00:6C:A1:9D
[15:04:19.878][D][DESK:061]: 9B:04:11:7C:C3:9D
[15:04:19.879][D][KEYPAD:046]: 9B:06:02:00:00:6C:A1:9D
[15:04:19.895][D][DESK:061]: 9B:04:11:7C:C3:9D
[15:04:19.901][D][KEYPAD:046]: 9B:06:02:00:00:6C:A1:9D
[15:04:19.912][D][DESK:061]: 9B:07:12:07:ED:3F:39:28:9D
[15:04:19.927][D][DESK:061]: 9B:04:11:7C:C3:9D
[15:04:19.934][D][KEYPAD:046]: 9B:06:02:00:00:6C:A1:9D
[15:04:19.954][D][DESK:061]: 9B:07:12:07:ED:3F:39:28:9D
[15:04:19.981][D][DESK:061]: 9B:04:11:7C:C3:9D
[15:04:19.982][D][KEYPAD:046]: 9B:06:02:00:00:6C:A1:9D
[15:04:19.994][D][DESK:061]: 9B:04:11:7C:C3:9D
[15:04:20.002][D][KEYPAD:046]: 9B:06:02:00:00:6C:A1:9D
[15:04:20.025][D][DESK:061]: 9B:07:12:07:ED:3F:39:28:9D
[15:04:20.037][D][DESK:061]: 9B:04:11:7C:C3:9D
[15:04:20.055][D][KEYPAD:046]: 9B:06:02:00:00:6C:A1:9D
[15:04:20.064][D][DESK:061]: 9B:07:12:07:ED:3F:39:28:9D
[15:04:20.083][D][DESK:061]: 9B:04:11:7C:C3:9D
[15:04:20.083][D][KEYPAD:046]: 9B:06:02:00:00:6C:A1:9D
[15:04:20.101][D][DESK:061]: 9B:04:11:7C:C3:9D
[15:04:20.108][D][KEYPAD:046]: 9B:06:02:00:00:6C:A1:9D
[15:04:20.132][D][DESK:061]: 9B:07:12:07:ED:3F:39:28:9D
[15:04:20.157][D][DESK:061]: 9B:04:11:7C:C3:9D
[15:04:20.166][D][KEYPAD:046]: 9B:06:02:00:00:6C:A1:9D
[15:04:20.191][D][DESK:061]: 9B:07:12:07:ED:3F:39:28:9D
[15:04:20.191][D][DESK:061]: 9B:04:11:7C:C3:9D
[15:04:20.193][D][KEYPAD:046]: 9B:06:02:00:00:6C:A1:9D
[15:04:20.209][D][DESK:061]: 9B:04:11:7C:C3:9D
[15:04:20.216][D][KEYPAD:046]: 9B:06:02:00:00:6C:A1:9D
[15:04:20.234][D][DESK:061]: 9B:04:11:7C:C3:9D
[15:04:20.240][D][KEYPAD:046]: 9B:06:02:00:00:6C:A1:9D
[15:04:20.260][D][DESK:061]: 9B:07:12:07:ED:3F:39:28:9D
[15:04:20.288][D][DESK:061]: 9B:04:15:BF:C2:9D
[15:04:20.288][D][DESK:061]: 9B:04:11:7C:C3:9D
[15:04:20.288][D][KEYPAD:046]: 9B:06:02:00:00:6C:A1:9D
[15:04:20.300][D][DESK:061]: 9B:04:11:7C:C3:9D
[15:04:20.305][D][KEYPAD:046]: 9B:06:02:00:00:6C:A1:9D
[15:04:20.321][D][DESK:061]: 9B:07:12:07:ED:3F:39:28:9D
[15:04:20.335][D][DESK:061]: 9B:04:11:7C:C3:9D
[15:04:20.342][D][KEYPAD:046]: 9B:06:02:00:00:6C:A1:9D
[15:04:20.364][D][DESK:061]: 9B:04:11:7C:C3:9D
[15:04:20.390][D][KEYPAD:046]: 9B:06:02:00:00:6C:A1:9D
[15:04:20.392][D][DESK:061]: 9B:07:12:07:ED:3F:39:28:9D
[15:04:20.397][D][DESK:061]: 9B:04:11:7C:C3:9D
[15:04:20.405][D][KEYPAD:046]: 9B:06:02:00:00:6C:A1:9D
[15:04:20.420][D][DESK:061]: 9B:04:11:7C:C3:9D
[15:04:20.427][D][KEYPAD:046]: 9B:06:02:00:00:6C:A1:9D
[15:04:20.448][D][DESK:061]: 9B:04:11:7C:C3:9D
[15:04:20.467][D][KEYPAD:046]: 9B:06:02:00:00:6C:A1:9D
[15:04:20.479][D][DESK:061]: 9B:07:12:07:ED:3F:39:28:9D
[15:04:20.503][D][DESK:061]: 9B:04:11:7C:C3:9D
[15:04:20.509][D][KEYPAD:046]: 9B:06:02:00:00:6C:A1:9D
[15:04:20.509][D][DESK:061]: 9B:04:11:7C:C3:9D
[15:04:20.512][D][KEYPAD:046]: 9B:06:02:00:00:6C:A1:9D
[15:04:20.532][D][DESK:061]: 9B:07:12:07:ED:3F:39:28:9D
[15:04:20.549][D][DESK:061]: 9B:04:11:7C:C3:9D
[15:04:20.554][D][KEYPAD:046]: 9B:06:02:00:00:6C:A1:9D
[15:04:20.575][D][DESK:061]: 9B:04:11:7C:C3:9D
[15:04:20.581][D][KEYPAD:046]: 9B:06:02:00:00:6C:A1:9D
[15:04:20.600][D][DESK:061]: 9B:07:12:07:ED:3F:39:28:9D
[15:04:20.614][D][DESK:061]: 9B:04:11:7C:C3:9D
[15:04:20.614][D][KEYPAD:046]: 9B:06:02:00:00:6C:A1:9D
[15:04:20.631][D][DESK:061]: 9B:04:11:7C:C3:9D
[15:04:20.638][D][KEYPAD:046]: 9B:06:02:00:00:6C:A1:9D
[15:04:20.669][D][DESK:061]: 9B:07:12:07:ED:3F:39:28:9D
[15:04:20.679][D][DESK:061]: 9B:04:11:7C:C3:9D
[15:04:20.683][D][KEYPAD:046]: 9B:06:02:00:00:6C:A1:9D
[15:04:20.702][D][DESK:061]: 9B:07:12:07:ED:3F:39:28:9D
[15:04:20.712][D][DESK:061]: 9B:04:11:7C:C3:9D
[15:04:20.720][D][KEYPAD:046]: 9B:06:02:00:00:6C:A1:9D
[15:04:20.738][D][DESK:061]: 9B:04:11:7C:C3:9D
[15:04:20.749][D][KEYPAD:046]: 9B:06:02:00:00:6C:A1:9D
[15:04:20.772][D][DESK:061]: 9B:04:15:BF:C2:9D
[15:04:20.778][D][DESK:061]: 9B:07:12:07:ED:3F:39:28:9D
[15:04:20.800][D][DESK:061]: 9B:04:11:7C:C3:9D
[15:04:20.805][D][KEYPAD:046]: 9B:06:02:00:00:6C:A1:9D
[15:04:20.811][D][DESK:061]: 9B:07:12:07:ED:3F:39:28:9D
[15:04:20.825][D][DESK:061]: 9B:04:11:7C:C3:9D
[15:04:20.834][D][KEYPAD:046]: 9B:06:02:00:00:6C:A1:9D
[15:04:20.851][D][DESK:061]: 9B:04:11:7C:C3:9D
[15:04:20.859][D][KEYPAD:046]: 9B:06:02:00:00:6C:A1:9D
[15:04:20.880][D][DESK:061]: 9B:04:13:BD:42:9D
[15:04:20.885][D][DESK:061]: 9B:04:13:BD:42:9D
[15:04:20.910][D][DESK:061]: 9B:04:13:BD:42:9D
[15:04:20.911][D][DESK:061]: 9B:04:13:BD:42:9D
[15:04:20.911][D][DESK:061]: 9B:04:13:BD:42:9D
[15:04:20.915][D][DESK:061]: 9B:04:13:BD:42:9D
[15:04:20.922][D][DESK:061]: 9B:04:13:BD:42:9D
[15:04:20.986][S][binary_sensor]: 'PIN 20' >> OFF
[15:04:21.036][D][DESK:061]: 9B:FF
[15:04:21.386][D][DESK:061]: 03:5F:13:01:00:00:00:00:00
